# Made in Blockbench 5.1.4
mtllib luxury_hookah_preview.mtl

o water_volume
v 0 0.61875 0
v 0 0.28125 0
v 0.375 0.61875 0
v 0.375 0.28125 0
v 0.26516504294495535 0.61875 0.2651650429449553
v 0.26516504294495535 0.28125 0.2651650429449553
v 2.296212748401287e-17 0.61875 0.375
v 2.296212748401287e-17 0.28125 0.375
v -0.2651650429449553 0.61875 0.26516504294495535
v -0.2651650429449553 0.28125 0.26516504294495535
v -0.375 0.61875 4.592425496802574e-17
v -0.375 0.28125 4.592425496802574e-17
v -0.26516504294495535 0.61875 -0.2651650429449553
v -0.26516504294495535 0.28125 -0.2651650429449553
v -6.888638245203862e-17 0.61875 -0.375
v -6.888638245203862e-17 0.28125 -0.375
v 0.26516504294495524 0.61875 -0.26516504294495535
v 0.26516504294495524 0.28125 -0.26516504294495535
vt 0.49999999999999994 0.96875
vt 0.6171875 0.96875
vt 0.6171875 0.03125000000000011
vt 0.49999999999999994 0.03125000000000011
vt 0.9375 0.5
vt 0.8093592167691145 0.19064078323088562
vt 0.5 0.5
vt 0.8093592167691145 0.19064078323088562
vt 0.9375 0.5
vt 0.5 0.5
vt 0.6171875 0.96875
vt 0.734375 0.96875
vt 0.734375 0.03125000000000011
vt 0.6171875 0.03125000000000011
vt 0.8093592167691145 0.19064078323088562
vt 0.5 0.0625
vt 0.5 0.5
vt 0.5 0.0625
vt 0.8093592167691145 0.19064078323088562
vt 0.5 0.5
vt 0.734375 0.96875
vt 0.8515625 0.96875
vt 0.8515625 0.03125000000000011
vt 0.734375 0.03125000000000011
vt 0.5 0.0625
vt 0.19064078323088549 0.1906407832308855
vt 0.5 0.5
vt 0.19064078323088549 0.1906407832308855
vt 0.5 0.0625
vt 0.5 0.5
vt 0.8515625 0.96875
vt 0.9687499999999999 0.96875
vt 0.9687499999999999 0.03125000000000011
vt 0.8515625 0.03125000000000011
vt 0.19064078323088549 0.1906407832308855
vt 0.0625 0.5
vt 0.5 0.5
vt 0.0625 0.5
vt 0.19064078323088549 0.1906407832308855
vt 0.5 0.5
vt 0.9687499999999999 0.96875
vt 0.1484375 0.96875
vt 0.1484375 0.03125000000000011
vt 0.9687499999999999 0.03125000000000011
vt 0.0625 0.5
vt 0.19064078323088543 0.8093592167691145
vt 0.5 0.5
vt 0.19064078323088543 0.8093592167691145
vt 0.0625 0.5
vt 0.5 0.5
vt 0.1484375 0.96875
vt 0.26562499999999994 0.96875
vt 0.26562499999999994 0.03125000000000011
vt 0.1484375 0.03125000000000011
vt 0.19064078323088543 0.8093592167691145
vt 0.49999999999999994 0.9375
vt 0.5 0.5
vt 0.49999999999999994 0.9375
vt 0.19064078323088543 0.8093592167691145
vt 0.5 0.5
vt 0.26562499999999994 0.96875
vt 0.3828125 0.96875
vt 0.3828125 0.03125000000000011
vt 0.26562499999999994 0.03125000000000011
vt 0.49999999999999994 0.9375
vt 0.8093592167691144 0.8093592167691146
vt 0.5 0.5
vt 0.8093592167691144 0.8093592167691146
vt 0.49999999999999994 0.9375
vt 0.5 0.5
vt 0.3828125 0.96875
vt 0.49999999999999994 0.96875
vt 0.49999999999999994 0.03125000000000011
vt 0.3828125 0.03125000000000011
vt 0.8093592167691144 0.8093592167691146
vt 0.9375 0.5
vt 0.5 0.5
vt 0.9375 0.5
vt 0.8093592167691144 0.8093592167691146
vt 0.5 0.5
vn -0.923879532511287 0 -0.3826834323650898
vn 0 -1 0
vn 0 1 0
vn -0.38268343236508984 0 -0.9238795325112867
vn 0 -1 0
vn 0 1 0
vn 0.3826834323650898 0 -0.923879532511287
vn 0 -1 0
vn 0 1 0
vn 0.9238795325112867 0 -0.3826834323650899
vn 0 -1 0
vn 0 1 0
vn 0.923879532511287 0 0.3826834323650897
vn 0 -1 0
vn 0 1 0
vn 0.3826834323650899 0 0.9238795325112867
vn 0 -1 0
vn 0 1 0
vn -0.3826834323650898 0 0.923879532511287
vn 0 -1 0
vn 0 1 0
vn -0.9238795325112868 0 0.3826834323650901
vn 0 -1 0
vn 0 1 0
usemtl m_4835bae7-1068-fce6-cde4-dff426531441
f 4/1/1 6/2/1 5/3/1 3/4/1
f 3/5/2 5/6/2 1/7/2
f 6/8/3 4/9/3 2/10/3
f 6/11/4 8/12/4 7/13/4 5/14/4
f 5/15/5 7/16/5 1/17/5
f 8/18/6 6/19/6 2/20/6
f 8/21/7 10/22/7 9/23/7 7/24/7
f 7/25/8 9/26/8 1/27/8
f 10/28/9 8/29/9 2/30/9
f 10/31/10 12/32/10 11/33/10 9/34/10
f 9/35/11 11/36/11 1/37/11
f 12/38/12 10/39/12 2/40/12
f 12/41/13 14/42/13 13/43/13 11/44/13
f 11/45/14 13/46/14 1/47/14
f 14/48/15 12/49/15 2/50/15
f 14/51/16 16/52/16 15/53/16 13/54/16
f 13/55/17 15/56/17 1/57/17
f 16/58/18 14/59/18 2/60/18
f 16/61/19 18/62/19 17/63/19 15/64/19
f 15/65/20 17/66/20 1/67/20
f 18/68/21 16/69/21 2/70/21
f 18/71/22 4/72/22 3/73/22 17/74/22
f 17/75/23 3/76/23 1/77/23
f 4/78/24 18/79/24 2/80/24
o glass_foot
v 0 0.175 0
v 0 0 0
v 0.390625 0.175 0
v 0.390625 0 0
v 0.27621358640099514 0.175 0.2762135864009951
v 0.27621358640099514 0 0.2762135864009951
v 2.3918882795846743e-17 0.175 0.390625
v 2.3918882795846743e-17 0 0.390625
v -0.2762135864009951 0.175 0.27621358640099514
v -0.2762135864009951 0 0.27621358640099514
v -0.390625 0.175 4.7837765591693485e-17
v -0.390625 0 4.7837765591693485e-17
v -0.2762135864009952 0.175 -0.2762135864009951
v -0.2762135864009952 0 -0.2762135864009951
v -7.175664838754022e-17 0.175 -0.390625
v -7.175664838754022e-17 0 -0.390625
v 0.2762135864009951 0.175 -0.2762135864009952
v 0.2762135864009951 0 -0.2762135864009952
vt 0.49999999999999994 0.96875
vt 0.6171875 0.96875
vt 0.6171875 0.03124999999999989
vt 0.49999999999999994 0.03124999999999989
vt 0.9375 0.5
vt 0.8093592167691145 0.1906407832308855
vt 0.5 0.5
vt 0.6171875 0.96875
vt 0.734375 0.96875
vt 0.734375 0.03124999999999989
vt 0.6171875 0.03124999999999989
vt 0.8093592167691145 0.1906407832308855
vt 0.5 0.0625
vt 0.5 0.5
vt 0.734375 0.96875
vt 0.8515625 0.96875
vt 0.8515625 0.03124999999999989
vt 0.734375 0.03124999999999989
vt 0.5 0.0625
vt 0.1906407832308855 0.1906407832308855
vt 0.5 0.5
vt 0.8515625 0.96875
vt 0.9687499999999999 0.96875
vt 0.9687499999999999 0.03124999999999989
vt 0.8515625 0.03124999999999989
vt 0.1906407832308855 0.1906407832308855
vt 0.0625 0.5
vt 0.5 0.5
vt 0.9687499999999999 0.96875
vt 0.14843749999999994 0.96875
vt 0.14843749999999994 0.03124999999999989
vt 0.9687499999999999 0.03124999999999989
vt 0.0625 0.5
vt 0.19064078323088537 0.8093592167691145
vt 0.5 0.5
vt 0.14843749999999994 0.96875
vt 0.26562499999999994 0.96875
vt 0.26562499999999994 0.03124999999999989
vt 0.14843749999999994 0.03124999999999989
vt 0.19064078323088537 0.8093592167691145
vt 0.49999999999999994 0.9375
vt 0.5 0.5
vt 0.26562499999999994 0.96875
vt 0.3828125 0.96875
vt 0.3828125 0.03124999999999989
vt 0.26562499999999994 0.03124999999999989
vt 0.49999999999999994 0.9375
vt 0.8093592167691145 0.8093592167691146
vt 0.5 0.5
vt 0.3828125 0.96875
vt 0.49999999999999994 0.96875
vt 0.49999999999999994 0.03124999999999989
vt 0.3828125 0.03124999999999989
vt 0.8093592167691145 0.8093592167691146
vt 0.9375 0.5
vt 0.5 0.5
vn -0.9238795325112867 0 -0.38268343236508984
vn 0 -1 0
vn -0.38268343236508995 0 -0.9238795325112868
vn 0 -1 0
vn 0.38268343236508984 0 -0.9238795325112867
vn 0 -1 0
vn 0.9238795325112867 0 -0.38268343236508995
vn 0 -1 0
vn 0.923879532511287 0 0.3826834323650896
vn 0 -1 0
vn 0.38268343236508995 0 0.9238795325112868
vn 0 -1 0
vn -0.3826834323650896 0 0.923879532511287
vn 0 -1 0
vn -0.9238795325112867 0 0.3826834323650898
vn 0 -1 0
usemtl m_e29832b5-c05e-c9b9-9df2-3853c085de20
f 22/81/25 24/82/25 23/83/25 21/84/25
f 21/85/26 23/86/26 19/87/26
f 24/88/27 26/89/27 25/90/27 23/91/27
f 23/92/28 25/93/28 19/94/28
f 26/95/29 28/96/29 27/97/29 25/98/29
f 25/99/30 27/100/30 19/101/30
f 28/102/31 30/103/31 29/104/31 27/105/31
f 27/106/32 29/107/32 19/108/32
f 30/109/33 32/110/33 31/111/33 29/112/33
f 29/113/34 31/114/34 19/115/34
f 32/116/35 34/117/35 33/118/35 31/119/35
f 31/120/36 33/121/36 19/122/36
f 34/123/37 36/124/37 35/125/37 33/126/37
f 33/127/38 35/128/38 19/129/38
f 36/130/39 22/131/39 21/132/39 35/133/39
f 35/134/40 21/135/40 19/136/40
o glass_lower_flare
v 0 0.34375 0
v 0 0.15625 0
v 0.453125 0.34375 0
v 0.453125 0.15625 0
v 0.3204077602251544 0.34375 0.3204077602251543
v 0.3204077602251544 0.15625 0.3204077602251543
v 2.7745904043182222e-17 0.34375 0.453125
v 2.7745904043182222e-17 0.15625 0.453125
v -0.3204077602251543 0.34375 0.3204077602251544
v -0.3204077602251543 0.15625 0.3204077602251544
v -0.453125 0.34375 5.5491808086364444e-17
v -0.453125 0.15625 5.5491808086364444e-17
v -0.32040776022515444 0.34375 -0.3204077602251543
v -0.32040776022515444 0.15625 -0.3204077602251543
v -8.323771212954666e-17 0.34375 -0.453125
v -8.323771212954666e-17 0.15625 -0.453125
v 0.32040776022515427 0.34375 -0.32040776022515444
v 0.32040776022515427 0.15625 -0.32040776022515444
vt 0.49999999999999994 0.96875
vt 0.6171875 0.96875
vt 0.6171875 0.03125
vt 0.49999999999999994 0.03125
vt 0.9375 0.5
vt 0.8093592167691146 0.1906407832308855
vt 0.5 0.5
vt 0.8093592167691146 0.1906407832308855
vt 0.9375 0.5
vt 0.5 0.5
vt 0.6171875 0.96875
vt 0.734375 0.96875
vt 0.734375 0.03125
vt 0.6171875 0.03125
vt 0.8093592167691146 0.1906407832308855
vt 0.5 0.0625
vt 0.5 0.5
vt 0.5 0.0625
vt 0.8093592167691146 0.1906407832308855
vt 0.5 0.5
vt 0.734375 0.96875
vt 0.8515625 0.96875
vt 0.8515625 0.03125
vt 0.734375 0.03125
vt 0.5 0.0625
vt 0.19064078323088546 0.1906407832308854
vt 0.5 0.5
vt 0.19064078323088546 0.1906407832308854
vt 0.5 0.0625
vt 0.5 0.5
vt 0.8515625 0.96875
vt 0.9687499999999999 0.96875
vt 0.9687499999999999 0.03125
vt 0.8515625 0.03125
vt 0.19064078323088546 0.1906407832308854
vt 0.0625 0.5
vt 0.5 0.5
vt 0.0625 0.5
vt 0.19064078323088546 0.1906407832308854
vt 0.5 0.5
vt 0.9687499999999999 0.96875
vt 0.1484375 0.96875
vt 0.1484375 0.03125
vt 0.9687499999999999 0.03125
vt 0.0625 0.5
vt 0.19064078323088537 0.8093592167691146
vt 0.5 0.5
vt 0.19064078323088537 0.8093592167691146
vt 0.0625 0.5
vt 0.5 0.5
vt 0.1484375 0.96875
vt 0.26562499999999994 0.96875
vt 0.26562499999999994 0.03125
vt 0.1484375 0.03125
vt 0.19064078323088537 0.8093592167691146
vt 0.49999999999999994 0.9375
vt 0.5 0.5
vt 0.49999999999999994 0.9375
vt 0.19064078323088537 0.8093592167691146
vt 0.5 0.5
vt 0.26562499999999994 0.96875
vt 0.3828125 0.96875
vt 0.3828125 0.03125
vt 0.26562499999999994 0.03125
vt 0.49999999999999994 0.9375
vt 0.8093592167691145 0.8093592167691146
vt 0.5 0.5
vt 0.8093592167691145 0.8093592167691146
vt 0.49999999999999994 0.9375
vt 0.5 0.5
vt 0.3828125 0.96875
vt 0.49999999999999994 0.96875
vt 0.49999999999999994 0.03125
vt 0.3828125 0.03125
vt 0.8093592167691145 0.8093592167691146
vt 0.9375 0.5
vt 0.5 0.5
vt 0.9375 0.5
vt 0.8093592167691145 0.8093592167691146
vt 0.5 0.5
vn -0.923879532511287 0 -0.3826834323650898
vn 0 -1 0
vn 0 1 0
vn -0.3826834323650898 0 -0.9238795325112867
vn 0 -1 0
vn 0 1 0
vn 0.3826834323650898 0 -0.923879532511287
vn 0 -1 0
vn 0 1 0
vn 0.9238795325112868 0 -0.3826834323650899
vn 0 -1 0
vn 0 1 0
vn 0.9238795325112868 0 0.3826834323650895
vn 0 -1 0
vn 0 1 0
vn 0.3826834323650898 0 0.9238795325112867
vn 0 -1 0
vn 0 1 0
vn -0.3826834323650896 0 0.923879532511287
vn 0 -1 0
vn 0 1 0
vn -0.9238795325112866 0 0.38268343236508984
vn 0 -1 0
vn 0 1 0
usemtl m_e29832b5-c05e-c9b9-9df2-3853c085de20
f 40/137/41 42/138/41 41/139/41 39/140/41
f 39/141/42 41/142/42 37/143/42
f 42/144/43 40/145/43 38/146/43
f 42/147/44 44/148/44 43/149/44 41/150/44
f 41/151/45 43/152/45 37/153/45
f 44/154/46 42/155/46 38/156/46
f 44/157/47 46/158/47 45/159/47 43/160/47
f 43/161/48 45/162/48 37/163/48
f 46/164/49 44/165/49 38/166/49
f 46/167/50 48/168/50 47/169/50 45/170/50
f 45/171/51 47/172/51 37/173/51
f 48/174/52 46/175/52 38/176/52
f 48/177/53 50/178/53 49/179/53 47/180/53
f 47/181/54 49/182/54 37/183/54
f 50/184/55 48/185/55 38/186/55
f 50/187/56 52/188/56 51/189/56 49/190/56
f 49/191/57 51/192/57 37/193/57
f 52/194/58 50/195/58 38/196/58
f 52/197/59 54/198/59 53/199/59 51/200/59
f 51/201/60 53/202/60 37/203/60
f 54/204/61 52/205/61 38/206/61
f 54/207/62 40/208/62 39/209/62 53/210/62
f 53/211/63 39/212/63 37/213/63
f 40/214/64 54/215/64 38/216/64
o glass_lower_bulb
v 0 0.53125 0
v 0 0.34375 0
v 0.5 0.53125 0
v 0.5 0.34375 0
v 0.3535533905932738 0.53125 0.35355339059327373
v 0.3535533905932738 0.34375 0.35355339059327373
v 3.061616997868383e-17 0.53125 0.5
v 3.061616997868383e-17 0.34375 0.5
v -0.35355339059327373 0.53125 0.3535533905932738
v -0.35355339059327373 0.34375 0.3535533905932738
v -0.5 0.53125 6.123233995736766e-17
v -0.5 0.34375 6.123233995736766e-17
v -0.35355339059327384 0.53125 -0.35355339059327373
v -0.35355339059327384 0.34375 -0.35355339059327373
v -9.184850993605148e-17 0.53125 -0.5
v -9.184850993605148e-17 0.34375 -0.5
v 0.3535533905932737 0.53125 -0.35355339059327384
v 0.3535533905932737 0.34375 -0.35355339059327384
vt 0.49999999999999994 0.96875
vt 0.6171875 0.96875
vt 0.6171875 0.03125
vt 0.49999999999999994 0.03125
vt 0.9375 0.5
vt 0.8093592167691145 0.1906407832308855
vt 0.5 0.5
vt 0.6171875 0.96875
vt 0.734375 0.96875
vt 0.734375 0.03125
vt 0.6171875 0.03125
vt 0.8093592167691145 0.1906407832308855
vt 0.5 0.0625
vt 0.5 0.5
vt 0.734375 0.96875
vt 0.8515625 0.96875
vt 0.8515625 0.03125
vt 0.734375 0.03125
vt 0.5 0.0625
vt 0.19064078323088549 0.1906407832308855
vt 0.5 0.5
vt 0.8515625 0.96875
vt 0.9687499999999999 0.96875
vt 0.9687499999999999 0.03125
vt 0.8515625 0.03125
vt 0.19064078323088549 0.1906407832308855
vt 0.0625 0.4999999999999999
vt 0.5 0.5
vt 0.9687499999999999 0.96875
vt 0.1484375 0.96875
vt 0.1484375 0.03125
vt 0.9687499999999999 0.03125
vt 0.0625 0.4999999999999999
vt 0.1906407832308854 0.8093592167691145
vt 0.5 0.5
vt 0.1484375 0.96875
vt 0.26562499999999994 0.96875
vt 0.26562499999999994 0.03125
vt 0.1484375 0.03125
vt 0.1906407832308854 0.8093592167691145
vt 0.4999999999999999 0.9375
vt 0.5 0.5
vt 0.26562499999999994 0.96875
vt 0.3828125 0.96875
vt 0.3828125 0.03125
vt 0.26562499999999994 0.03125
vt 0.4999999999999999 0.9375
vt 0.8093592167691145 0.8093592167691146
vt 0.5 0.5
vt 0.3828125 0.96875
vt 0.49999999999999994 0.96875
vt 0.49999999999999994 0.03125
vt 0.3828125 0.03125
vt 0.8093592167691145 0.8093592167691146
vt 0.9375 0.5
vt 0.5 0.5
vn -0.9238795325112868 0 -0.3826834323650898
vn 0 -1 0
vn -0.38268343236508984 0 -0.9238795325112867
vn 0 -1 0
vn 0.3826834323650897 0 -0.9238795325112868
vn 0 -1 0
vn 0.9238795325112867 0 -0.38268343236508984
vn 0 -1 0
vn 0.9238795325112868 0 0.38268343236508956
vn 0 -1 0
vn 0.38268343236508984 0 0.9238795325112867
vn 0 -1 0
vn -0.38268343236508956 0 0.9238795325112868
vn 0 -1 0
vn -0.9238795325112867 0 0.38268343236508995
vn 0 -1 0
usemtl m_e29832b5-c05e-c9b9-9df2-3853c085de20
f 58/217/65 60/218/65 59/219/65 57/220/65
f 57/221/66 59/222/66 55/223/66
f 60/224/67 62/225/67 61/226/67 59/227/67
f 59/228/68 61/229/68 55/230/68
f 62/231/69 64/232/69 63/233/69 61/234/69
f 61/235/70 63/236/70 55/237/70
f 64/238/71 66/239/71 65/240/71 63/241/71
f 63/242/72 65/243/72 55/244/72
f 66/245/73 68/246/73 67/247/73 65/248/73
f 65/249/74 67/250/74 55/251/74
f 68/252/75 70/253/75 69/254/75 67/255/75
f 67/256/76 69/257/76 55/258/76
f 70/259/77 72/260/77 71/261/77 69/262/77
f 69/263/78 71/264/78 55/265/78
f 72/266/79 58/267/79 57/268/79 71/269/79
f 71/270/80 57/271/80 55/272/80
o glass_upper_bulb
v 0 0.71875 0
v 0 0.53125 0
v 0.5 0.71875 0
v 0.5 0.53125 0
v 0.3535533905932738 0.71875 0.35355339059327373
v 0.3535533905932738 0.53125 0.35355339059327373
v 3.061616997868383e-17 0.71875 0.5
v 3.061616997868383e-17 0.53125 0.5
v -0.35355339059327373 0.71875 0.3535533905932738
v -0.35355339059327373 0.53125 0.3535533905932738
v -0.5 0.71875 6.123233995736766e-17
v -0.5 0.53125 6.123233995736766e-17
v -0.35355339059327384 0.71875 -0.35355339059327373
v -0.35355339059327384 0.53125 -0.35355339059327373
v -9.184850993605148e-17 0.71875 -0.5
v -9.184850993605148e-17 0.53125 -0.5
v 0.3535533905932737 0.71875 -0.35355339059327384
v 0.3535533905932737 0.53125 -0.35355339059327384
vt 0.49999999999999994 0.96875
vt 0.6171875 0.96875
vt 0.6171875 0.03125
vt 0.49999999999999994 0.03125
vt 0.9375 0.5
vt 0.8093592167691145 0.1906407832308855
vt 0.5 0.5
vt 0.6171875 0.96875
vt 0.734375 0.96875
vt 0.734375 0.03125
vt 0.6171875 0.03125
vt 0.8093592167691145 0.1906407832308855
vt 0.5 0.0625
vt 0.5 0.5
vt 0.734375 0.96875
vt 0.8515625 0.96875
vt 0.8515625 0.03125
vt 0.734375 0.03125
vt 0.5 0.0625
vt 0.19064078323088549 0.1906407832308855
vt 0.5 0.5
vt 0.8515625 0.96875
vt 0.9687499999999999 0.96875
vt 0.9687499999999999 0.03125
vt 0.8515625 0.03125
vt 0.19064078323088549 0.1906407832308855
vt 0.0625 0.4999999999999999
vt 0.5 0.5
vt 0.9687499999999999 0.96875
vt 0.1484375 0.96875
vt 0.1484375 0.03125
vt 0.9687499999999999 0.03125
vt 0.0625 0.4999999999999999
vt 0.1906407832308854 0.8093592167691145
vt 0.5 0.5
vt 0.1484375 0.96875
vt 0.26562499999999994 0.96875
vt 0.26562499999999994 0.03125
vt 0.1484375 0.03125
vt 0.1906407832308854 0.8093592167691145
vt 0.4999999999999999 0.9375
vt 0.5 0.5
vt 0.26562499999999994 0.96875
vt 0.3828125 0.96875
vt 0.3828125 0.03125
vt 0.26562499999999994 0.03125
vt 0.4999999999999999 0.9375
vt 0.8093592167691145 0.8093592167691146
vt 0.5 0.5
vt 0.3828125 0.96875
vt 0.49999999999999994 0.96875
vt 0.49999999999999994 0.03125
vt 0.3828125 0.03125
vt 0.8093592167691145 0.8093592167691146
vt 0.9375 0.5
vt 0.5 0.5
vn -0.9238795325112868 0 -0.3826834323650898
vn 0 -1 0
vn -0.38268343236508984 0 -0.9238795325112867
vn 0 -1 0
vn 0.3826834323650897 0 -0.9238795325112868
vn 0 -1 0
vn 0.9238795325112867 0 -0.38268343236508984
vn 0 -1 0
vn 0.9238795325112868 0 0.38268343236508956
vn 0 -1 0
vn 0.38268343236508984 0 0.9238795325112867
vn 0 -1 0
vn -0.38268343236508956 0 0.9238795325112868
vn 0 -1 0
vn -0.9238795325112867 0 0.38268343236508995
vn 0 -1 0
usemtl m_e29832b5-c05e-c9b9-9df2-3853c085de20
f 76/273/81 78/274/81 77/275/81 75/276/81
f 75/277/82 77/278/82 73/279/82
f 78/280/83 80/281/83 79/282/83 77/283/83
f 77/284/84 79/285/84 73/286/84
f 80/287/85 82/288/85 81/289/85 79/290/85
f 79/291/86 81/292/86 73/293/86
f 82/294/87 84/295/87 83/296/87 81/297/87
f 81/298/88 83/299/88 73/300/88
f 84/301/89 86/302/89 85/303/89 83/304/89
f 83/305/90 85/306/90 73/307/90
f 86/308/91 88/309/91 87/310/91 85/311/91
f 85/312/92 87/313/92 73/314/92
f 88/315/93 90/316/93 89/317/93 87/318/93
f 87/319/94 89/320/94 73/321/94
f 90/322/95 76/323/95 75/324/95 89/325/95
f 89/326/96 75/327/96 73/328/96
o glass_shoulder
v 0 0.90625 0
v 0 0.71875 0
v 0.421875 0.90625 0
v 0.421875 0.71875 0
v 0.29831067331307476 0.90625 0.2983106733130747
v 0.29831067331307476 0.71875 0.2983106733130747
v 2.5832393419514482e-17 0.90625 0.421875
v 2.5832393419514482e-17 0.71875 0.421875
v -0.2983106733130747 0.90625 0.29831067331307476
v -0.2983106733130747 0.71875 0.29831067331307476
v -0.421875 0.90625 5.1664786839028965e-17
v -0.421875 0.71875 5.1664786839028965e-17
v -0.2983106733130748 0.90625 -0.2983106733130747
v -0.2983106733130748 0.71875 -0.2983106733130747
v -7.749718025854343e-17 0.90625 -0.421875
v -7.749718025854343e-17 0.71875 -0.421875
v 0.29831067331307465 0.90625 -0.2983106733130748
v 0.29831067331307465 0.71875 -0.2983106733130748
vt 0.49999999999999994 0.96875
vt 0.6171875 0.96875
vt 0.6171875 0.03125
vt 0.49999999999999994 0.03125
vt 0.9375 0.5
vt 0.8093592167691145 0.1906407832308855
vt 0.5 0.5
vt 0.6171875 0.96875
vt 0.734375 0.96875
vt 0.734375 0.03125
vt 0.6171875 0.03125
vt 0.8093592167691145 0.1906407832308855
vt 0.5 0.0625
vt 0.5 0.5
vt 0.734375 0.96875
vt 0.8515625 0.96875
vt 0.8515625 0.03125
vt 0.734375 0.03125
vt 0.5 0.0625
vt 0.19064078323088549 0.1906407832308855
vt 0.5 0.5
vt 0.8515625 0.96875
vt 0.9687499999999999 0.96875
vt 0.9687499999999999 0.03125
vt 0.8515625 0.03125
vt 0.19064078323088549 0.1906407832308855
vt 0.0625 0.5
vt 0.5 0.5
vt 0.9687499999999999 0.96875
vt 0.1484375 0.96875
vt 0.1484375 0.03125
vt 0.9687499999999999 0.03125
vt 0.0625 0.5
vt 0.19064078323088537 0.8093592167691145
vt 0.5 0.5
vt 0.1484375 0.96875
vt 0.26562499999999994 0.96875
vt 0.26562499999999994 0.03125
vt 0.1484375 0.03125
vt 0.19064078323088537 0.8093592167691145
vt 0.49999999999999994 0.9375
vt 0.5 0.5
vt 0.26562499999999994 0.96875
vt 0.38281249999999994 0.96875
vt 0.38281249999999994 0.03125
vt 0.26562499999999994 0.03125
vt 0.49999999999999994 0.9375
vt 0.8093592167691145 0.8093592167691146
vt 0.5 0.5
vt 0.38281249999999994 0.96875
vt 0.49999999999999994 0.96875
vt 0.49999999999999994 0.03125
vt 0.38281249999999994 0.03125
vt 0.8093592167691145 0.8093592167691146
vt 0.9375 0.5
vt 0.5 0.5
vn -0.9238795325112867 0 -0.3826834323650897
vn 0 -1 0
vn -0.38268343236508984 0 -0.9238795325112867
vn 0 -1 0
vn 0.3826834323650897 0 -0.9238795325112867
vn 0 -1 0
vn 0.9238795325112867 0 -0.38268343236508995
vn 0 -1 0
vn 0.9238795325112868 0 0.38268343236508956
vn 0 -1 0
vn 0.38268343236508984 0 0.9238795325112867
vn 0 -1 0
vn -0.3826834323650896 0 0.9238795325112868
vn 0 -1 0
vn -0.9238795325112867 0 0.3826834323650899
vn 0 -1 0
usemtl m_e29832b5-c05e-c9b9-9df2-3853c085de20
f 94/329/97 96/330/97 95/331/97 93/332/97
f 93/333/98 95/334/98 91/335/98
f 96/336/99 98/337/99 97/338/99 95/339/99
f 95/340/100 97/341/100 91/342/100
f 98/343/101 100/344/101 99/345/101 97/346/101
f 97/347/102 99/348/102 91/349/102
f 100/350/103 102/351/103 101/352/103 99/353/103
f 99/354/104 101/355/104 91/356/104
f 102/357/105 104/358/105 103/359/105 101/360/105
f 101/361/106 103/362/106 91/363/106
f 104/364/107 106/365/107 105/366/107 103/367/107
f 103/368/108 105/369/108 91/370/108
f 106/371/109 108/372/109 107/373/109 105/374/109
f 105/375/110 107/376/110 91/377/110
f 108/378/111 94/379/111 93/380/111 107/381/111
f 107/382/112 93/383/112 91/384/112
o glass_taper
v 0 1 0
v 0 0.90625 0
v 0.3125 1 0
v 0.3125 0.90625 0
v 0.2209708691207961 1 0.22097086912079608
v 0.2209708691207961 0.90625 0.22097086912079608
v 1.9135106236677395e-17 1 0.3125
v 1.9135106236677395e-17 0.90625 0.3125
v -0.22097086912079608 1 0.2209708691207961
v -0.22097086912079608 0.90625 0.2209708691207961
v -0.3125 1 3.827021247335479e-17
v -0.3125 0.90625 3.827021247335479e-17
v -0.22097086912079617 1 -0.22097086912079608
v -0.22097086912079617 0.90625 -0.22097086912079608
v -5.740531871003217e-17 1 -0.3125
v -5.740531871003217e-17 0.90625 -0.3125
v 0.22097086912079605 1 -0.22097086912079617
v 0.22097086912079605 0.90625 -0.22097086912079617
vt 0.49999999999999994 0.96875
vt 0.6171875 0.96875
vt 0.6171875 0.03125
vt 0.49999999999999994 0.03125
vt 0.9375 0.5
vt 0.8093592167691146 0.1906407832308854
vt 0.5 0.5
vt 0.6171875 0.96875
vt 0.734375 0.96875
vt 0.734375 0.03125
vt 0.6171875 0.03125
vt 0.8093592167691146 0.1906407832308854
vt 0.5 0.0625
vt 0.5 0.5
vt 0.734375 0.96875
vt 0.8515625 0.96875
vt 0.8515625 0.03125
vt 0.734375 0.03125
vt 0.5 0.0625
vt 0.19064078323088549 0.1906407832308854
vt 0.5 0.5
vt 0.8515625 0.96875
vt 0.9687499999999999 0.96875
vt 0.9687499999999999 0.03125
vt 0.8515625 0.03125
vt 0.19064078323088549 0.1906407832308854
vt 0.0625 0.4999999999999999
vt 0.5 0.5
vt 0.9687499999999999 0.96875
vt 0.1484375 0.96875
vt 0.1484375 0.03125
vt 0.9687499999999999 0.03125
vt 0.0625 0.4999999999999999
vt 0.19064078323088535 0.8093592167691145
vt 0.5 0.5
vt 0.1484375 0.96875
vt 0.26562499999999994 0.96875
vt 0.26562499999999994 0.03125
vt 0.1484375 0.03125
vt 0.19064078323088535 0.8093592167691145
vt 0.4999999999999999 0.9375
vt 0.5 0.5
vt 0.26562499999999994 0.96875
vt 0.3828125 0.96875
vt 0.3828125 0.03125
vt 0.26562499999999994 0.03125
vt 0.4999999999999999 0.9375
vt 0.8093592167691146 0.8093592167691146
vt 0.5 0.5
vt 0.3828125 0.96875
vt 0.49999999999999994 0.96875
vt 0.49999999999999994 0.03125
vt 0.3828125 0.03125
vt 0.8093592167691146 0.8093592167691146
vt 0.9375 0.5
vt 0.5 0.5
vn -0.9238795325112867 0 -0.3826834323650898
vn 0 -1 0
vn -0.38268343236508995 0 -0.9238795325112867
vn 0 -1 0
vn 0.3826834323650897 0 -0.9238795325112867
vn 0 -1 0
vn 0.9238795325112867 0 -0.38268343236508995
vn 0 -1 0
vn 0.9238795325112868 0 0.38268343236508956
vn 0 -1 0
vn 0.3826834323650899 0 0.9238795325112867
vn 0 -1 0
vn -0.38268343236508956 0 0.9238795325112868
vn 0 -1 0
vn -0.9238795325112867 0 0.38268343236508984
vn 0 -1 0
usemtl m_e29832b5-c05e-c9b9-9df2-3853c085de20
f 112/385/113 114/386/113 113/387/113 111/388/113
f 111/389/114 113/390/114 109/391/114
f 114/392/115 116/393/115 115/394/115 113/395/115
f 113/396/116 115/397/116 109/398/116
f 116/399/117 118/400/117 117/401/117 115/402/117
f 115/403/118 117/404/118 109/405/118
f 118/406/119 120/407/119 119/408/119 117/409/119
f 117/410/120 119/411/120 109/412/120
f 120/413/121 122/414/121 121/415/121 119/416/121
f 119/417/122 121/418/122 109/419/122
f 122/420/123 124/421/123 123/422/123 121/423/123
f 121/424/124 123/425/124 109/426/124
f 124/427/125 126/428/125 125/429/125 123/430/125
f 123/431/126 125/432/126 109/433/126
f 126/434/127 112/435/127 111/436/127 125/437/127
f 125/438/128 111/439/128 109/440/128
o glass_neck
v 0 1.09375 0
v 0 1 0
v 0.234375 1.09375 0
v 0.234375 1 0
v 0.16572815184059708 1.09375 0.16572815184059705
v 0.16572815184059708 1 0.16572815184059705
v 1.4351329677508047e-17 1.09375 0.234375
v 1.4351329677508047e-17 1 0.234375
v -0.16572815184059705 1.09375 0.16572815184059708
v -0.16572815184059705 1 0.16572815184059708
v -0.234375 1.09375 2.8702659355016093e-17
v -0.234375 1 2.8702659355016093e-17
v -0.1657281518405971 1.09375 -0.16572815184059705
v -0.1657281518405971 1 -0.16572815184059705
v -4.305398903252413e-17 1.09375 -0.234375
v -4.305398903252413e-17 1 -0.234375
v 0.16572815184059703 1.09375 -0.1657281518405971
v 0.16572815184059703 1 -0.1657281518405971
vt 0.49999999999999994 0.96875
vt 0.6171875 0.96875
vt 0.6171875 0.03125
vt 0.49999999999999994 0.03125
vt 0.9375 0.5
vt 0.8093592167691146 0.1906407832308854
vt 0.5 0.5
vt 0.6171875 0.96875
vt 0.734375 0.96875
vt 0.734375 0.03125
vt 0.6171875 0.03125
vt 0.8093592167691146 0.1906407832308854
vt 0.5 0.0625
vt 0.5 0.5
vt 0.734375 0.96875
vt 0.8515625 0.96875
vt 0.8515625 0.03125
vt 0.734375 0.03125
vt 0.5 0.0625
vt 0.1906407832308855 0.1906407832308854
vt 0.5 0.5
vt 0.8515625 0.96875
vt 0.9687499999999999 0.96875
vt 0.9687499999999999 0.03125
vt 0.8515625 0.03125
vt 0.1906407832308855 0.1906407832308854
vt 0.0625 0.5
vt 0.5 0.5
vt 0.9687499999999999 0.96875
vt 0.1484375 0.96875
vt 0.1484375 0.03125
vt 0.9687499999999999 0.03125
vt 0.0625 0.5
vt 0.19064078323088537 0.8093592167691145
vt 0.5 0.5
vt 0.1484375 0.96875
vt 0.26562499999999994 0.96875
vt 0.26562499999999994 0.03125
vt 0.1484375 0.03125
vt 0.19064078323088537 0.8093592167691145
vt 0.4999999999999999 0.9375
vt 0.5 0.5
vt 0.26562499999999994 0.96875
vt 0.3828125 0.96875
vt 0.3828125 0.03125
vt 0.26562499999999994 0.03125
vt 0.4999999999999999 0.9375
vt 0.8093592167691145 0.8093592167691146
vt 0.5 0.5
vt 0.3828125 0.96875
vt 0.49999999999999994 0.96875
vt 0.49999999999999994 0.03125
vt 0.3828125 0.03125
vt 0.8093592167691145 0.8093592167691146
vt 0.9375 0.5
vt 0.5 0.5
vn -0.9238795325112868 0 -0.3826834323650899
vn 0 -1 0
vn -0.38268343236509006 0 -0.9238795325112868
vn 0 -1 0
vn 0.3826834323650898 0 -0.923879532511287
vn 0 -1 0
vn 0.9238795325112868 0 -0.38268343236509006
vn 0 -1 0
vn 0.9238795325112868 0 0.3826834323650896
vn 0 -1 0
vn 0.38268343236509006 0 0.9238795325112868
vn 0 -1 0
vn -0.3826834323650896 0 0.9238795325112868
vn 0 -1 0
vn -0.9238795325112867 0 0.38268343236508995
vn 0 -1 0
usemtl m_e29832b5-c05e-c9b9-9df2-3853c085de20
f 130/441/129 132/442/129 131/443/129 129/444/129
f 129/445/130 131/446/130 127/447/130
f 132/448/131 134/449/131 133/450/131 131/451/131
f 131/452/132 133/453/132 127/454/132
f 134/455/133 136/456/133 135/457/133 133/458/133
f 133/459/134 135/460/134 127/461/134
f 136/462/135 138/463/135 137/464/135 135/465/135
f 135/466/136 137/467/136 127/468/136
f 138/469/137 140/470/137 139/471/137 137/472/137
f 137/473/138 139/474/138 127/475/138
f 140/476/139 142/477/139 141/478/139 139/479/139
f 139/480/140 141/481/140 127/482/140
f 142/483/141 144/484/141 143/485/141 141/486/141
f 141/487/142 143/488/142 127/489/142
f 144/490/143 130/491/143 129/492/143 143/493/143
f 143/494/144 129/495/144 127/496/144
o base_plinth_lower
v 0 0.0625 0
v 0 0 0
v 0.53125 0.0625 0
v 0.53125 0 0
v 0.3756504775053534 0.0625 0.37565047750535335
v 0.3756504775053534 0 0.37565047750535335
v 3.2529680602351567e-17 0.0625 0.53125
v 3.2529680602351567e-17 0 0.53125
v -0.37565047750535335 0.0625 0.3756504775053534
v -0.37565047750535335 0 0.3756504775053534
v -0.53125 0.0625 6.505936120470313e-17
v -0.53125 0 6.505936120470313e-17
v -0.37565047750535346 0.0625 -0.37565047750535335
v -0.37565047750535346 0 -0.37565047750535335
v -9.758904180705471e-17 0.0625 -0.53125
v -9.758904180705471e-17 0 -0.53125
v 0.3756504775053533 0.0625 -0.37565047750535346
v 0.3756504775053533 0 -0.37565047750535346
vt 0.49999999999999994 0.96875
vt 0.6171875 0.96875
vt 0.6171875 0.03125
vt 0.49999999999999994 0.03125
vt 0.9375 0.5
vt 0.8093592167691145 0.1906407832308855
vt 0.5 0.5
vt 0.8093592167691145 0.1906407832308855
vt 0.9375 0.5
vt 0.5 0.5
vt 0.6171875 0.96875
vt 0.734375 0.96875
vt 0.734375 0.03125
vt 0.6171875 0.03125
vt 0.8093592167691145 0.1906407832308855
vt 0.5 0.0625
vt 0.5 0.5
vt 0.5 0.0625
vt 0.8093592167691145 0.1906407832308855
vt 0.5 0.5
vt 0.734375 0.96875
vt 0.8515625 0.96875
vt 0.8515625 0.03125
vt 0.734375 0.03125
vt 0.5 0.0625
vt 0.19064078323088546 0.1906407832308855
vt 0.5 0.5
vt 0.19064078323088546 0.1906407832308855
vt 0.5 0.0625
vt 0.5 0.5
vt 0.8515625 0.96875
vt 0.9687499999999999 0.96875
vt 0.9687499999999999 0.03125
vt 0.8515625 0.03125
vt 0.19064078323088546 0.1906407832308855
vt 0.0625 0.4999999999999999
vt 0.5 0.5
vt 0.0625 0.4999999999999999
vt 0.19064078323088546 0.1906407832308855
vt 0.5 0.5
vt 0.9687499999999999 0.96875
vt 0.1484375 0.96875
vt 0.1484375 0.03125
vt 0.9687499999999999 0.03125
vt 0.0625 0.4999999999999999
vt 0.1906407832308854 0.8093592167691146
vt 0.5 0.5
vt 0.1906407832308854 0.8093592167691146
vt 0.0625 0.4999999999999999
vt 0.5 0.5
vt 0.1484375 0.96875
vt 0.26562499999999994 0.96875
vt 0.26562499999999994 0.03125
vt 0.1484375 0.03125
vt 0.1906407832308854 0.8093592167691146
vt 0.4999999999999999 0.9375
vt 0.5 0.5
vt 0.4999999999999999 0.9375
vt 0.1906407832308854 0.8093592167691146
vt 0.5 0.5
vt 0.26562499999999994 0.96875
vt 0.3828125 0.96875
vt 0.3828125 0.03125
vt 0.26562499999999994 0.03125
vt 0.4999999999999999 0.9375
vt 0.8093592167691145 0.8093592167691146
vt 0.5 0.5
vt 0.8093592167691145 0.8093592167691146
vt 0.4999999999999999 0.9375
vt 0.5 0.5
vt 0.3828125 0.96875
vt 0.49999999999999994 0.96875
vt 0.49999999999999994 0.03125
vt 0.3828125 0.03125
vt 0.8093592167691145 0.8093592167691146
vt 0.9375 0.5
vt 0.5 0.5
vt 0.9375 0.5
vt 0.8093592167691145 0.8093592167691146
vt 0.5 0.5
vn -0.9238795325112868 0 -0.3826834323650897
vn 0 -1 0
vn 0 1 0
vn -0.3826834323650899 0 -0.9238795325112868
vn 0 -1 0
vn 0 1 0
vn 0.3826834323650897 0 -0.923879532511287
vn 0 -1 0
vn 0 1 0
vn 0.9238795325112868 0 -0.3826834323650899
vn 0 -1 0
vn 0 1 0
vn 0.9238795325112868 0 0.38268343236508956
vn 0 -1 0
vn 0 1 0
vn 0.3826834323650899 0 0.9238795325112868
vn 0 -1 0
vn 0 1 0
vn -0.38268343236508956 0 0.9238795325112868
vn 0 -1 0
vn 0 1 0
vn -0.9238795325112867 0 0.38268343236508984
vn 0 -1 0
vn 0 1 0
usemtl m_417023fc-fb60-913a-5dfa-75ba19eb8773
f 148/497/145 150/498/145 149/499/145 147/500/145
f 147/501/146 149/502/146 145/503/146
f 150/504/147 148/505/147 146/506/147
f 150/507/148 152/508/148 151/509/148 149/510/148
f 149/511/149 151/512/149 145/513/149
f 152/514/150 150/515/150 146/516/150
f 152/517/151 154/518/151 153/519/151 151/520/151
f 151/521/152 153/522/152 145/523/152
f 154/524/153 152/525/153 146/526/153
f 154/527/154 156/528/154 155/529/154 153/530/154
f 153/531/155 155/532/155 145/533/155
f 156/534/156 154/535/156 146/536/156
f 156/537/157 158/538/157 157/539/157 155/540/157
f 155/541/158 157/542/158 145/543/158
f 158/544/159 156/545/159 146/546/159
f 158/547/160 160/548/160 159/549/160 157/550/160
f 157/551/161 159/552/161 145/553/161
f 160/554/162 158/555/162 146/556/162
f 160/557/163 162/558/163 161/559/163 159/560/163
f 159/561/164 161/562/164 145/563/164
f 162/564/165 160/565/165 146/566/165
f 162/567/166 148/568/166 147/569/166 161/570/166
f 161/571/167 147/572/167 145/573/167
f 148/574/168 162/575/168 146/576/168
o base_plinth_upper
v 0 0.109375 0
v 0 0.046875 0
v 0.484375 0.109375 0
v 0.484375 0.046875 0
v 0.342504847137234 0.109375 0.34250484713723395
v 0.342504847137234 0.046875 0.34250484713723395
v 2.965941466684996e-17 0.109375 0.484375
v 2.965941466684996e-17 0.046875 0.484375
v -0.34250484713723395 0.109375 0.342504847137234
v -0.34250484713723395 0.046875 0.342504847137234
v -0.484375 0.109375 5.931882933369992e-17
v -0.484375 0.046875 5.931882933369992e-17
v -0.34250484713723406 0.109375 -0.34250484713723395
v -0.34250484713723406 0.046875 -0.34250484713723395
v -8.897824400054988e-17 0.109375 -0.484375
v -8.897824400054988e-17 0.046875 -0.484375
v 0.3425048471372339 0.109375 -0.34250484713723406
v 0.3425048471372339 0.046875 -0.34250484713723406
vt 0.49999999999999994 0.96875
vt 0.6171875 0.96875
vt 0.6171875 0.03125
vt 0.49999999999999994 0.03125
vt 0.9375 0.5
vt 0.8093592167691146 0.1906407832308855
vt 0.5 0.5
vt 0.6171875 0.96875
vt 0.734375 0.96875
vt 0.734375 0.03125
vt 0.6171875 0.03125
vt 0.8093592167691146 0.1906407832308855
vt 0.5 0.0625
vt 0.5 0.5
vt 0.734375 0.96875
vt 0.8515625 0.96875
vt 0.8515625 0.03125
vt 0.734375 0.03125
vt 0.5 0.0625
vt 0.19064078323088546 0.1906407832308854
vt 0.5 0.5
vt 0.8515625 0.96875
vt 0.9687499999999999 0.96875
vt 0.9687499999999999 0.03125
vt 0.8515625 0.03125
vt 0.19064078323088546 0.1906407832308854
vt 0.0625 0.5
vt 0.5 0.5
vt 0.9687499999999999 0.96875
vt 0.1484375 0.96875
vt 0.1484375 0.03125
vt 0.9687499999999999 0.03125
vt 0.0625 0.5
vt 0.19064078323088537 0.8093592167691146
vt 0.5 0.5
vt 0.1484375 0.96875
vt 0.26562499999999994 0.96875
vt 0.26562499999999994 0.03125
vt 0.1484375 0.03125
vt 0.19064078323088537 0.8093592167691146
vt 0.4999999999999999 0.9375
vt 0.5 0.5
vt 0.26562499999999994 0.96875
vt 0.3828125 0.96875
vt 0.3828125 0.03125
vt 0.26562499999999994 0.03125
vt 0.4999999999999999 0.9375
vt 0.8093592167691144 0.8093592167691146
vt 0.5 0.5
vt 0.3828125 0.96875
vt 0.49999999999999994 0.96875
vt 0.49999999999999994 0.03125
vt 0.3828125 0.03125
vt 0.8093592167691144 0.8093592167691146
vt 0.9375 0.5
vt 0.5 0.5
vn -0.9238795325112868 0 -0.38268343236508967
vn 0 -1 0
vn -0.3826834323650898 0 -0.9238795325112867
vn 0 -1 0
vn 0.3826834323650896 0 -0.9238795325112868
vn 0 -1 0
vn 0.9238795325112867 0 -0.3826834323650898
vn 0 -1 0
vn 0.923879532511287 0 0.38268343236508956
vn 0 -1 0
vn 0.3826834323650898 0 0.9238795325112867
vn 0 -1 0
vn -0.38268343236508956 0 0.923879532511287
vn 0 -1 0
vn -0.9238795325112867 0 0.38268343236508984
vn 0 -1 0
usemtl m_417023fc-fb60-913a-5dfa-75ba19eb8773
f 166/577/169 168/578/169 167/579/169 165/580/169
f 165/581/170 167/582/170 163/583/170
f 168/584/171 170/585/171 169/586/171 167/587/171
f 167/588/172 169/589/172 163/590/172
f 170/591/173 172/592/173 171/593/173 169/594/173
f 169/595/174 171/596/174 163/597/174
f 172/598/175 174/599/175 173/600/175 171/601/175
f 171/602/176 173/603/176 163/604/176
f 174/605/177 176/606/177 175/607/177 173/608/177
f 173/609/178 175/610/178 163/611/178
f 176/612/179 178/613/179 177/614/179 175/615/179
f 175/616/180 177/617/180 163/618/180
f 178/619/181 180/620/181 179/621/181 177/622/181
f 177/623/182 179/624/182 163/625/182
f 180/626/183 166/627/183 165/628/183 179/629/183
f 179/630/184 165/631/184 163/632/184
o glass_collar_lower
v 0 1.10625 0
v 0 1.04375 0
v 0.28125 1.10625 0
v 0.28125 1.04375 0
v 0.19887378220871652 1.10625 0.1988737822087165
v 0.19887378220871652 1.04375 0.1988737822087165
v 1.7221595613009655e-17 1.10625 0.28125
v 1.7221595613009655e-17 1.04375 0.28125
v -0.1988737822087165 1.10625 0.19887378220871652
v -0.1988737822087165 1.04375 0.19887378220871652
v -0.28125 1.10625 3.444319122601931e-17
v -0.28125 1.04375 3.444319122601931e-17
v -0.19887378220871654 1.10625 -0.1988737822087165
v -0.19887378220871654 1.04375 -0.1988737822087165
v -5.166478683902896e-17 1.10625 -0.28125
v -5.166478683902896e-17 1.04375 -0.28125
v 0.19887378220871643 1.10625 -0.19887378220871654
v 0.19887378220871643 1.04375 -0.19887378220871654
vt 0.49999999999999994 0.96875
vt 0.6171875 0.96875
vt 0.6171875 0.03125
vt 0.49999999999999994 0.03125
vt 0.9375 0.5
vt 0.8093592167691147 0.1906407832308854
vt 0.5 0.5
vt 0.8093592167691147 0.1906407832308854
vt 0.9375 0.5
vt 0.5 0.5
vt 0.6171875 0.96875
vt 0.734375 0.96875
vt 0.734375 0.03125
vt 0.6171875 0.03125
vt 0.8093592167691147 0.1906407832308854
vt 0.5 0.0625
vt 0.5 0.5
vt 0.5 0.0625
vt 0.8093592167691147 0.1906407832308854
vt 0.5 0.5
vt 0.734375 0.96875
vt 0.8515625 0.96875
vt 0.8515625 0.03125
vt 0.734375 0.03125
vt 0.5 0.0625
vt 0.19064078323088549 0.1906407832308853
vt 0.5 0.5
vt 0.19064078323088549 0.1906407832308853
vt 0.5 0.0625
vt 0.5 0.5
vt 0.8515625 0.96875
vt 0.9687499999999999 0.96875
vt 0.9687499999999999 0.03125
vt 0.8515625 0.03125
vt 0.19064078323088549 0.1906407832308853
vt 0.0625 0.4999999999999999
vt 0.5 0.5
vt 0.0625 0.4999999999999999
vt 0.19064078323088549 0.1906407832308853
vt 0.5 0.5
vt 0.9687499999999999 0.96875
vt 0.1484375 0.96875
vt 0.1484375 0.03125
vt 0.9687499999999999 0.03125
vt 0.0625 0.4999999999999999
vt 0.19064078323088537 0.8093592167691145
vt 0.5 0.5
vt 0.19064078323088537 0.8093592167691145
vt 0.0625 0.4999999999999999
vt 0.5 0.5
vt 0.1484375 0.96875
vt 0.26562499999999994 0.96875
vt 0.26562499999999994 0.03125
vt 0.1484375 0.03125
vt 0.19064078323088537 0.8093592167691145
vt 0.4999999999999999 0.9375
vt 0.5 0.5
vt 0.4999999999999999 0.9375
vt 0.19064078323088537 0.8093592167691145
vt 0.5 0.5
vt 0.26562499999999994 0.96875
vt 0.38281249999999994 0.96875
vt 0.38281249999999994 0.03125
vt 0.26562499999999994 0.03125
vt 0.4999999999999999 0.9375
vt 0.8093592167691145 0.8093592167691146
vt 0.5 0.5
vt 0.8093592167691145 0.8093592167691146
vt 0.4999999999999999 0.9375
vt 0.5 0.5
vt 0.38281249999999994 0.96875
vt 0.49999999999999994 0.96875
vt 0.49999999999999994 0.03125
vt 0.38281249999999994 0.03125
vt 0.8093592167691145 0.8093592167691146
vt 0.9375 0.5
vt 0.5 0.5
vt 0.9375 0.5
vt 0.8093592167691145 0.8093592167691146
vt 0.5 0.5
vn -0.923879532511287 0 -0.3826834323650898
vn 0 -1 0
vn 0 1 0
vn -0.3826834323650898 0 -0.9238795325112867
vn 0 -1 0
vn 0 1 0
vn 0.3826834323650897 0 -0.923879532511287
vn 0 -1 0
vn 0 1 0
vn 0.9238795325112867 0 -0.3826834323650898
vn 0 -1 0
vn 0 1 0
vn 0.9238795325112868 0 0.38268343236508956
vn 0 -1 0
vn 0 1 0
vn 0.3826834323650898 0 0.9238795325112867
vn 0 -1 0
vn 0 1 0
vn -0.3826834323650896 0 0.9238795325112868
vn 0 -1 0
vn 0 1 0
vn -0.9238795325112868 0 0.38268343236509
vn 0 -1 0
vn 0 1 0
usemtl m_417023fc-fb60-913a-5dfa-75ba19eb8773
f 184/633/185 186/634/185 185/635/185 183/636/185
f 183/637/186 185/638/186 181/639/186
f 186/640/187 184/641/187 182/642/187
f 186/643/188 188/644/188 187/645/188 185/646/188
f 185/647/189 187/648/189 181/649/189
f 188/650/190 186/651/190 182/652/190
f 188/653/191 190/654/191 189/655/191 187/656/191
f 187/657/192 189/658/192 181/659/192
f 190/660/193 188/661/193 182/662/193
f 190/663/194 192/664/194 191/665/194 189/666/194
f 189/667/195 191/668/195 181/669/195
f 192/670/196 190/671/196 182/672/196
f 192/673/197 194/674/197 193/675/197 191/676/197
f 191/677/198 193/678/198 181/679/198
f 194/680/199 192/681/199 182/682/199
f 194/683/200 196/684/200 195/685/200 193/686/200
f 193/687/201 195/688/201 181/689/201
f 196/690/202 194/691/202 182/692/202
f 196/693/203 198/694/203 197/695/203 195/696/203
f 195/697/204 197/698/204 181/699/204
f 198/700/205 196/701/205 182/702/205
f 198/703/206 184/704/206 183/705/206 197/706/206
f 197/707/207 183/708/207 181/709/207
f 184/710/208 198/711/208 182/712/208
o glass_collar_upper
v 0 1.14375 0
v 0 1.08125 0
v 0.25 1.14375 0
v 0.25 1.08125 0
v 0.1767766952966369 1.14375 0.17677669529663687
v 0.1767766952966369 1.08125 0.17677669529663687
v 1.5308084989341915e-17 1.14375 0.25
v 1.5308084989341915e-17 1.08125 0.25
v -0.17677669529663687 1.14375 0.1767766952966369
v -0.17677669529663687 1.08125 0.1767766952966369
v -0.25 1.14375 3.061616997868383e-17
v -0.25 1.08125 3.061616997868383e-17
v -0.17677669529663692 1.14375 -0.17677669529663687
v -0.17677669529663692 1.08125 -0.17677669529663687
v -4.592425496802574e-17 1.14375 -0.25
v -4.592425496802574e-17 1.08125 -0.25
v 0.17677669529663684 1.14375 -0.17677669529663692
v 0.17677669529663684 1.08125 -0.17677669529663692
vt 0.49999999999999994 0.96875
vt 0.6171875 0.96875
vt 0.6171875 0.03125
vt 0.49999999999999994 0.03125
vt 0.9375 0.5
vt 0.8093592167691145 0.1906407832308855
vt 0.5 0.5
vt 0.8093592167691145 0.1906407832308855
vt 0.9375 0.5
vt 0.5 0.5
vt 0.6171875 0.96875
vt 0.734375 0.96875
vt 0.734375 0.03125
vt 0.6171875 0.03125
vt 0.8093592167691145 0.1906407832308855
vt 0.5 0.0625
vt 0.5 0.5
vt 0.5 0.0625
vt 0.8093592167691145 0.1906407832308855
vt 0.5 0.5
vt 0.734375 0.96875
vt 0.8515625 0.96875
vt 0.8515625 0.03125
vt 0.734375 0.03125
vt 0.5 0.0625
vt 0.19064078323088549 0.1906407832308855
vt 0.5 0.5
vt 0.19064078323088549 0.1906407832308855
vt 0.5 0.0625
vt 0.5 0.5
vt 0.8515625 0.96875
vt 0.9687499999999999 0.96875
vt 0.9687499999999999 0.03125
vt 0.8515625 0.03125
vt 0.19064078323088549 0.1906407832308855
vt 0.0625 0.4999999999999999
vt 0.5 0.5
vt 0.0625 0.4999999999999999
vt 0.19064078323088549 0.1906407832308855
vt 0.5 0.5
vt 0.9687499999999999 0.96875
vt 0.1484375 0.96875
vt 0.1484375 0.03125
vt 0.9687499999999999 0.03125
vt 0.0625 0.4999999999999999
vt 0.1906407832308854 0.8093592167691145
vt 0.5 0.5
vt 0.1906407832308854 0.8093592167691145
vt 0.0625 0.4999999999999999
vt 0.5 0.5
vt 0.1484375 0.96875
vt 0.26562499999999994 0.96875
vt 0.26562499999999994 0.03125
vt 0.1484375 0.03125
vt 0.1906407832308854 0.8093592167691145
vt 0.4999999999999999 0.9375
vt 0.5 0.5
vt 0.4999999999999999 0.9375
vt 0.1906407832308854 0.8093592167691145
vt 0.5 0.5
vt 0.26562499999999994 0.96875
vt 0.3828125 0.96875
vt 0.3828125 0.03125
vt 0.26562499999999994 0.03125
vt 0.4999999999999999 0.9375
vt 0.8093592167691145 0.8093592167691146
vt 0.5 0.5
vt 0.8093592167691145 0.8093592167691146
vt 0.4999999999999999 0.9375
vt 0.5 0.5
vt 0.3828125 0.96875
vt 0.49999999999999994 0.96875
vt 0.49999999999999994 0.03125
vt 0.3828125 0.03125
vt 0.8093592167691145 0.8093592167691146
vt 0.9375 0.5
vt 0.5 0.5
vt 0.9375 0.5
vt 0.8093592167691145 0.8093592167691146
vt 0.5 0.5
vn -0.9238795325112867 0 -0.3826834323650898
vn 0 -1 0
vn 0 1 0
vn -0.3826834323650899 0 -0.9238795325112867
vn 0 -1 0
vn 0 1 0
vn 0.3826834323650898 0 -0.9238795325112868
vn 0 -1 0
vn 0 1 0
vn 0.9238795325112867 0 -0.3826834323650899
vn 0 -1 0
vn 0 1 0
vn 0.9238795325112868 0 0.38268343236508956
vn 0 -1 0
vn 0 1 0
vn 0.3826834323650899 0 0.9238795325112867
vn 0 -1 0
vn 0 1 0
vn -0.38268343236508956 0 0.9238795325112868
vn 0 -1 0
vn 0 1 0
vn -0.9238795325112868 0 0.38268343236509
vn 0 -1 0
vn 0 1 0
usemtl m_417023fc-fb60-913a-5dfa-75ba19eb8773
f 202/713/209 204/714/209 203/715/209 201/716/209
f 201/717/210 203/718/210 199/719/210
f 204/720/211 202/721/211 200/722/211
f 204/723/212 206/724/212 205/725/212 203/726/212
f 203/727/213 205/728/213 199/729/213
f 206/730/214 204/731/214 200/732/214
f 206/733/215 208/734/215 207/735/215 205/736/215
f 205/737/216 207/738/216 199/739/216
f 208/740/217 206/741/217 200/742/217
f 208/743/218 210/744/218 209/745/218 207/746/218
f 207/747/219 209/748/219 199/749/219
f 210/750/220 208/751/220 200/752/220
f 210/753/221 212/754/221 211/755/221 209/756/221
f 209/757/222 211/758/222 199/759/222
f 212/760/223 210/761/223 200/762/223
f 212/763/224 214/764/224 213/765/224 211/766/224
f 211/767/225 213/768/225 199/769/225
f 214/770/226 212/771/226 200/772/226
f 214/773/227 216/774/227 215/775/227 213/776/227
f 213/777/228 215/778/228 199/779/228
f 216/780/229 214/781/229 200/782/229
f 216/783/230 202/784/230 201/785/230 215/786/230
f 215/787/231 201/788/231 199/789/231
f 202/790/232 216/791/232 200/792/232
o glass_rib_front
v 0.01125 0.75 -0.48249999999999993
v 0.01125 0.75 -0.50125
v 0.01125 0.2375 -0.48249999999999993
v 0.01125 0.2375 -0.50125
v -0.01125 0.75 -0.50125
v -0.01125 0.75 -0.48249999999999993
v -0.01125 0.2375 -0.50125
v -0.01125 0.2375 -0.48249999999999993
vt 0 1
vt 1 1
vt 1 0
vt 0 0
vt 0 1
vt 1 1
vt 1 0
vt 0 0
vt 0 1
vt 1 1
vt 1 0
vt 0 0
vt 0 1
vt 1 1
vt 1 0
vt 0 0
vt 0 1
vt 1 1
vt 1 0
vt 0 0
vt 0 1
vt 1 1
vt 1 0
vt 0 0
vn 0 0 -1
vn 1 0 0
vn 0 0 1
vn -1 0 0
vn 0 1 0
vn 0 -1 0
usemtl m_417023fc-fb60-913a-5dfa-75ba19eb8773
f 220/796/233 223/795/233 221/794/233 218/793/233
f 219/800/234 220/799/234 218/798/234 217/797/234
f 224/804/235 219/803/235 217/802/235 222/801/235
f 223/808/236 224/807/236 222/806/236 221/805/236
f 222/812/237 217/811/237 218/810/237 221/809/237
f 223/816/238 220/815/238 219/814/238 224/813/238
o glass_rib_back
v 0.01125 0.75 0.50125
v 0.01125 0.75 0.48249999999999993
v 0.01125 0.2375 0.50125
v 0.01125 0.2375 0.48249999999999993
v -0.01125 0.75 0.48249999999999993
v -0.01125 0.75 0.50125
v -0.01125 0.2375 0.48249999999999993
v -0.01125 0.2375 0.50125
vt 0 1
vt 1 1
vt 1 0
vt 0 0
vt 0 1
vt 1 1
vt 1 0
vt 0 0
vt 0 1
vt 1 1
vt 1 0
vt 0 0
vt 0 1
vt 1 1
vt 1 0
vt 0 0
vt 0 1
vt 1 1
vt 1 0
vt 0 0
vt 0 1
vt 1 1
vt 1 0
vt 0 0
vn 0 0 -1
vn 1 0 0
vn 0 0 1
vn -1 0 0
vn 0 1 0
vn 0 -1 0
usemtl m_417023fc-fb60-913a-5dfa-75ba19eb8773
f 228/820/239 231/819/239 229/818/239 226/817/239
f 227/824/240 228/823/240 226/822/240 225/821/240
f 232/828/241 227/827/241 225/826/241 230/825/241
f 231/832/242 232/831/242 230/830/242 229/829/242
f 230/836/243 225/835/243 226/834/243 229/833/243
f 231/840/244 228/839/244 227/838/244 232/837/244
o glass_rib_left
v -0.48249999999999993 0.75 0.01125
v -0.48249999999999993 0.75 -0.01125
v -0.48249999999999993 0.2375 0.01125
v -0.48249999999999993 0.2375 -0.01125
v -0.50125 0.75 -0.01125
v -0.50125 0.75 0.01125
v -0.50125 0.2375 -0.01125
v -0.50125 0.2375 0.01125
vt 0 1
vt 1 1
vt 1 0
vt 0 0
vt 0 1
vt 1 1
vt 1 0
vt 0 0
vt 0 1
vt 1 1
vt 1 0
vt 0 0
vt 0 1
vt 1 1
vt 1 0
vt 0 0
vt 0 1
vt 1 1
vt 1 0
vt 0 0
vt 0 1
vt 1 1
vt 1 0
vt 0 0
vn 0 0 -1
vn 1 0 0
vn 0 0 1
vn -1 0 0
vn 0 1 0
vn 0 -1 0
usemtl m_417023fc-fb60-913a-5dfa-75ba19eb8773
f 236/844/245 239/843/245 237/842/245 234/841/245
f 235/848/246 236/847/246 234/846/246 233/845/246
f 240/852/247 235/851/247 233/850/247 238/849/247
f 239/856/248 240/855/248 238/854/248 237/853/248
f 238/860/249 233/859/249 234/858/249 237/857/249
f 239/864/250 236/863/250 235/862/250 240/861/250
o glass_rib_right
v 0.50125 0.75 0.01125
v 0.50125 0.75 -0.01125
v 0.50125 0.2375 0.01125
v 0.50125 0.2375 -0.01125
v 0.48249999999999993 0.75 -0.01125
v 0.48249999999999993 0.75 0.01125
v 0.48249999999999993 0.2375 -0.01125
v 0.48249999999999993 0.2375 0.01125
vt 0 1
vt 1 1
vt 1 0
vt 0 0
vt 0 1
vt 1 1
vt 1 0
vt 0 0
vt 0 1
vt 1 1
vt 1 0
vt 0 0
vt 0 1
vt 1 1
vt 1 0
vt 0 0
vt 0 1
vt 1 1
vt 1 0
vt 0 0
vt 0 1
vt 1 1
vt 1 0
vt 0 0
vn 0 0 -1
vn 1 0 0
vn 0 0 1
vn -1 0 0
vn 0 1 0
vn 0 -1 0
usemtl m_417023fc-fb60-913a-5dfa-75ba19eb8773
f 244/868/251 247/867/251 245/866/251 242/865/251
f 243/872/252 244/871/252 242/870/252 241/869/252
f 248/876/253 243/875/253 241/874/253 246/873/253
f 247/880/254 248/879/254 246/878/254 245/877/254
f 246/884/255 241/883/255 242/882/255 245/881/255
f 247/888/256 244/887/256 243/886/256 248/885/256
o glass_rib_diag_nw
v -0.3378400974233027 0.75 -0.35905330085889914
v -0.3484466991411009 0.75 -0.36965990257669734
v -0.3378400974233027 0.2375 -0.35905330085889914
v -0.3484466991411009 0.2375 -0.36965990257669734
v -0.36965990257669734 0.75 -0.3484466991411009
v -0.35905330085889914 0.75 -0.3378400974233027
v -0.36965990257669734 0.2375 -0.3484466991411009
v -0.35905330085889914 0.2375 -0.3378400974233027
vt 0 1
vt 1 1
vt 1 0
vt 0 0
vt 0 1
vt 1 1
vt 1 0
vt 0 0
vt 0 1
vt 1 1
vt 1 0
vt 0 0
vt 0 1
vt 1 1
vt 1 0
vt 0 0
vt 0 1
vt 1 1
vt 1 0
vt 0 0
vt 0 1
vt 1 1
vt 1 0
vt 0 0
vn -0.7071067811865476 0 -0.7071067811865475
vn 0.7071067811865475 0 -0.7071067811865476
vn 0.7071067811865476 0 0.7071067811865475
vn -0.7071067811865475 0 0.7071067811865476
vn 0 1 0
vn 0 -1 0
usemtl m_417023fc-fb60-913a-5dfa-75ba19eb8773
f 252/892/257 255/891/257 253/890/257 250/889/257
f 251/896/258 252/895/258 250/894/258 249/893/258
f 256/900/259 251/899/259 249/898/259 254/897/259
f 255/904/260 256/903/260 254/902/260 253/901/260
f 254/908/261 249/907/261 250/906/261 253/905/261
f 255/912/262 252/911/262 251/910/262 256/909/262
o glass_rib_diag_ne
v 0.35905330085889914 0.75 -0.3378400974233027
v 0.36965990257669734 0.75 -0.3484466991411009
v 0.35905330085889914 0.2375 -0.3378400974233027
v 0.36965990257669734 0.2375 -0.3484466991411009
v 0.3484466991411009 0.75 -0.36965990257669734
v 0.3378400974233027 0.75 -0.35905330085889914
v 0.3484466991411009 0.2375 -0.36965990257669734
v 0.3378400974233027 0.2375 -0.35905330085889914
vt 0 1
vt 1 1
vt 1 0
vt 0 0
vt 0 1
vt 1 1
vt 1 0
vt 0 0
vt 0 1
vt 1 1
vt 1 0
vt 0 0
vt 0 1
vt 1 1
vt 1 0
vt 0 0
vt 0 1
vt 1 1
vt 1 0
vt 0 0
vt 0 1
vt 1 1
vt 1 0
vt 0 0
vn 0.7071067811865476 0 -0.7071067811865475
vn 0.7071067811865475 0 0.7071067811865476
vn -0.7071067811865476 0 0.7071067811865475
vn -0.7071067811865475 0 -0.7071067811865476
vn 0 1 0
vn 0 -1 0
usemtl m_417023fc-fb60-913a-5dfa-75ba19eb8773
f 260/916/263 263/915/263 261/914/263 258/913/263
f 259/920/264 260/919/264 258/918/264 257/917/264
f 264/924/265 259/923/265 257/922/265 262/921/265
f 263/928/266 264/927/266 262/926/266 261/925/266
f 262/932/267 257/931/267 258/930/267 261/929/267
f 263/936/268 260/935/268 259/934/268 264/933/268
o glass_rib_diag_sw
v -0.3484466991411009 0.75 0.36965990257669734
v -0.3378400974233027 0.75 0.35905330085889914
v -0.3484466991411009 0.2375 0.36965990257669734
v -0.3378400974233027 0.2375 0.35905330085889914
v -0.35905330085889914 0.75 0.3378400974233027
v -0.36965990257669734 0.75 0.3484466991411009
v -0.35905330085889914 0.2375 0.3378400974233027
v -0.36965990257669734 0.2375 0.3484466991411009
vt 0 1
vt 1 1
vt 1 0
vt 0 0
vt 0 1
vt 1 1
vt 1 0
vt 0 0
vt 0 1
vt 1 1
vt 1 0
vt 0 0
vt 0 1
vt 1 1
vt 1 0
vt 0 0
vt 0 1
vt 1 1
vt 1 0
vt 0 0
vt 0 1
vt 1 1
vt 1 0
vt 0 0
vn 0.7071067811865476 0 -0.7071067811865475
vn 0.7071067811865475 0 0.7071067811865476
vn -0.7071067811865476 0 0.7071067811865475
vn -0.7071067811865475 0 -0.7071067811865476
vn 0 1 0
vn 0 -1 0
usemtl m_417023fc-fb60-913a-5dfa-75ba19eb8773
f 268/940/269 271/939/269 269/938/269 266/937/269
f 267/944/270 268/943/270 266/942/270 265/941/270
f 272/948/271 267/947/271 265/946/271 270/945/271
f 271/952/272 272/951/272 270/950/272 269/949/272
f 270/956/273 265/955/273 266/954/273 269/953/273
f 271/960/274 268/959/274 267/958/274 272/957/274
o glass_rib_diag_se
v 0.36965990257669734 0.75 0.3484466991411009
v 0.35905330085889914 0.75 0.3378400974233027
v 0.36965990257669734 0.2375 0.3484466991411009
v 0.35905330085889914 0.2375 0.3378400974233027
v 0.3378400974233027 0.75 0.35905330085889914
v 0.3484466991411009 0.75 0.36965990257669734
v 0.3378400974233027 0.2375 0.35905330085889914
v 0.3484466991411009 0.2375 0.36965990257669734
vt 0 1
vt 1 1
vt 1 0
vt 0 0
vt 0 1
vt 1 1
vt 1 0
vt 0 0
vt 0 1
vt 1 1
vt 1 0
vt 0 0
vt 0 1
vt 1 1
vt 1 0
vt 0 0
vt 0 1
vt 1 1
vt 1 0
vt 0 0
vt 0 1
vt 1 1
vt 1 0
vt 0 0
vn -0.7071067811865476 0 -0.7071067811865475
vn 0.7071067811865475 0 -0.7071067811865476
vn 0.7071067811865476 0 0.7071067811865475
vn -0.7071067811865475 0 0.7071067811865476
vn 0 1 0
vn 0 -1 0
usemtl m_417023fc-fb60-913a-5dfa-75ba19eb8773
f 276/964/275 279/963/275 277/962/275 274/961/275
f 275/968/276 276/967/276 274/966/276 273/965/276
f 280/972/277 275/971/277 273/970/277 278/969/277
f 279/976/278 280/975/278 278/974/278 277/973/278
f 278/980/279 273/979/279 274/978/279 277/977/279
f 279/984/280 276/983/280 275/982/280 280/981/280
o neck_socket
v 0 1.1812500000000001 0
v 0 1.1125 0
v 0.21875 1.1812500000000001 0
v 0.21875 1.1125 0
v 0.15467960838455727 1.1812500000000001 0.15467960838455724
v 0.15467960838455727 1.1125 0.15467960838455724
v 1.3394574365674175e-17 1.1812500000000001 0.21875
v 1.3394574365674175e-17 1.1125 0.21875
v -0.15467960838455724 1.1812500000000001 0.15467960838455727
v -0.15467960838455724 1.1125 0.15467960838455727
v -0.21875 1.1812500000000001 2.678914873134835e-17
v -0.21875 1.1125 2.678914873134835e-17
v -0.1546796083845573 1.1812500000000001 -0.15467960838455724
v -0.1546796083845573 1.1125 -0.15467960838455724
v -4.0183723097022526e-17 1.1812500000000001 -0.21875
v -4.0183723097022526e-17 1.1125 -0.21875
v 0.15467960838455724 1.1812500000000001 -0.1546796083845573
v 0.15467960838455724 1.1125 -0.1546796083845573
vt 0.49999999999999994 0.96875
vt 0.6171875 0.96875
vt 0.6171875 0.03125000000000011
vt 0.49999999999999994 0.03125000000000011
vt 0.9375 0.5
vt 0.8093592167691146 0.1906407832308855
vt 0.5 0.5
vt 0.8093592167691146 0.1906407832308855
vt 0.9375 0.5
vt 0.5 0.5
vt 0.6171875 0.96875
vt 0.734375 0.96875
vt 0.734375 0.03125000000000011
vt 0.6171875 0.03125000000000011
vt 0.8093592167691146 0.1906407832308855
vt 0.5 0.0625
vt 0.5 0.5
vt 0.5 0.0625
vt 0.8093592167691146 0.1906407832308855
vt 0.5 0.5
vt 0.734375 0.96875
vt 0.8515625 0.96875
vt 0.8515625 0.03125000000000011
vt 0.734375 0.03125000000000011
vt 0.5 0.0625
vt 0.1906407832308855 0.1906407832308854
vt 0.5 0.5
vt 0.1906407832308855 0.1906407832308854
vt 0.5 0.0625
vt 0.5 0.5
vt 0.8515625 0.96875
vt 0.9687499999999999 0.96875
vt 0.9687499999999999 0.03125000000000011
vt 0.8515625 0.03125000000000011
vt 0.1906407832308855 0.1906407832308854
vt 0.0625 0.5
vt 0.5 0.5
vt 0.0625 0.5
vt 0.1906407832308855 0.1906407832308854
vt 0.5 0.5
vt 0.9687499999999999 0.96875
vt 0.1484375 0.96875
vt 0.1484375 0.03125000000000011
vt 0.9687499999999999 0.03125000000000011
vt 0.0625 0.5
vt 0.1906407832308854 0.8093592167691145
vt 0.5 0.5
vt 0.1906407832308854 0.8093592167691145
vt 0.0625 0.5
vt 0.5 0.5
vt 0.1484375 0.96875
vt 0.26562499999999994 0.96875
vt 0.26562499999999994 0.03125000000000011
vt 0.1484375 0.03125000000000011
vt 0.1906407832308854 0.8093592167691145
vt 0.49999999999999994 0.9375
vt 0.5 0.5
vt 0.49999999999999994 0.9375
vt 0.1906407832308854 0.8093592167691145
vt 0.5 0.5
vt 0.26562499999999994 0.96875
vt 0.3828125 0.96875
vt 0.3828125 0.03125000000000011
vt 0.26562499999999994 0.03125000000000011
vt 0.49999999999999994 0.9375
vt 0.8093592167691145 0.8093592167691146
vt 0.5 0.5
vt 0.8093592167691145 0.8093592167691146
vt 0.49999999999999994 0.9375
vt 0.5 0.5
vt 0.3828125 0.96875
vt 0.49999999999999994 0.96875
vt 0.49999999999999994 0.03125000000000011
vt 0.3828125 0.03125000000000011
vt 0.8093592167691145 0.8093592167691146
vt 0.9375 0.5
vt 0.5 0.5
vt 0.9375 0.5
vt 0.8093592167691145 0.8093592167691146
vt 0.5 0.5
vn -0.9238795325112867 0 -0.38268343236508984
vn 0 -1 0
vn 0 1 0
vn -0.3826834323650899 0 -0.9238795325112867
vn 0 -1 0
vn 0 1 0
vn 0.38268343236508984 0 -0.9238795325112867
vn 0 -1 0
vn 0 1 0
vn 0.9238795325112867 0 -0.38268343236509
vn 0 -1 0
vn 0 1 0
vn 0.9238795325112868 0 0.38268343236508967
vn 0 -1 0
vn 0 1 0
vn 0.3826834323650899 0 0.9238795325112867
vn 0 -1 0
vn 0 1 0
vn -0.38268343236508967 0 0.9238795325112868
vn 0 -1 0
vn 0 1 0
vn -0.9238795325112867 0 0.38268343236508984
vn 0 -1 0
vn 0 1 0
usemtl m_058deebc-0957-a4e2-81f6-9d192cb6ff74
f 284/985/281 286/986/281 285/987/281 283/988/281
f 283/989/282 285/990/282 281/991/282
f 286/992/283 284/993/283 282/994/283
f 286/995/284 288/996/284 287/997/284 285/998/284
f 285/999/285 287/1000/285 281/1001/285
f 288/1002/286 286/1003/286 282/1004/286
f 288/1005/287 290/1006/287 289/1007/287 287/1008/287
f 287/1009/288 289/1010/288 281/1011/288
f 290/1012/289 288/1013/289 282/1014/289
f 290/1015/290 292/1016/290 291/1017/290 289/1018/290
f 289/1019/291 291/1020/291 281/1021/291
f 292/1022/292 290/1023/292 282/1024/292
f 292/1025/293 294/1026/293 293/1027/293 291/1028/293
f 291/1029/294 293/1030/294 281/1031/294
f 294/1032/295 292/1033/295 282/1034/295
f 294/1035/296 296/1036/296 295/1037/296 293/1038/296
f 293/1039/297 295/1040/297 281/1041/297
f 296/1042/298 294/1043/298 282/1044/298
f 296/1045/299 298/1046/299 297/1047/299 295/1048/299
f 295/1049/300 297/1050/300 281/1051/300
f 298/1052/301 296/1053/301 282/1054/301
f 298/1055/302 284/1056/302 283/1057/302 297/1058/302
f 297/1059/303 283/1060/303 281/1061/303
f 284/1062/304 298/1063/304 282/1064/304
o neck_flare
v 0 1.23125 0
v 0 1.16875 0
v 0.25625 1.23125 0
v 0.25625 1.16875 0
v 0.1811961126790528 1.23125 0.18119611267905278
v 0.1811961126790528 1.16875 0.18119611267905278
v 1.569078711407546e-17 1.23125 0.25625
v 1.569078711407546e-17 1.16875 0.25625
v -0.18119611267905278 1.23125 0.1811961126790528
v -0.18119611267905278 1.16875 0.1811961126790528
v -0.25625 1.23125 3.138157422815092e-17
v -0.25625 1.16875 3.138157422815092e-17
v -0.18119611267905283 1.23125 -0.18119611267905278
v -0.18119611267905283 1.16875 -0.18119611267905278
v -4.707236134222638e-17 1.23125 -0.25625
v -4.707236134222638e-17 1.16875 -0.25625
v 0.18119611267905275 1.23125 -0.18119611267905283
v 0.18119611267905275 1.16875 -0.18119611267905283
vt 0.49999999999999994 0.96875
vt 0.6171875 0.96875
vt 0.6171875 0.03125
vt 0.49999999999999994 0.03125
vt 0.9375 0.5
vt 0.8093592167691145 0.1906407832308855
vt 0.5 0.5
vt 0.8093592167691145 0.1906407832308855
vt 0.9375 0.5
vt 0.5 0.5
vt 0.6171875 0.96875
vt 0.734375 0.96875
vt 0.734375 0.03125
vt 0.6171875 0.03125
vt 0.8093592167691145 0.1906407832308855
vt 0.5 0.0625
vt 0.5 0.5
vt 0.5 0.0625
vt 0.8093592167691145 0.1906407832308855
vt 0.5 0.5
vt 0.734375 0.96875
vt 0.8515625 0.96875
vt 0.8515625 0.03125
vt 0.734375 0.03125
vt 0.5 0.0625
vt 0.19064078323088549 0.1906407832308855
vt 0.5 0.5
vt 0.19064078323088549 0.1906407832308855
vt 0.5 0.0625
vt 0.5 0.5
vt 0.8515625 0.96875
vt 0.9687499999999999 0.96875
vt 0.9687499999999999 0.03125
vt 0.8515625 0.03125
vt 0.19064078323088549 0.1906407832308855
vt 0.0625 0.5
vt 0.5 0.5
vt 0.0625 0.5
vt 0.19064078323088549 0.1906407832308855
vt 0.5 0.5
vt 0.9687499999999999 0.96875
vt 0.1484375 0.96875
vt 0.1484375 0.03125
vt 0.9687499999999999 0.03125
vt 0.0625 0.5
vt 0.19064078323088537 0.8093592167691145
vt 0.5 0.5
vt 0.19064078323088537 0.8093592167691145
vt 0.0625 0.5
vt 0.5 0.5
vt 0.1484375 0.96875
vt 0.26562499999999994 0.96875
vt 0.26562499999999994 0.03125
vt 0.1484375 0.03125
vt 0.19064078323088537 0.8093592167691145
vt 0.49999999999999994 0.9375
vt 0.5 0.5
vt 0.49999999999999994 0.9375
vt 0.19064078323088537 0.8093592167691145
vt 0.5 0.5
vt 0.26562499999999994 0.96875
vt 0.3828125 0.96875
vt 0.3828125 0.03125
vt 0.26562499999999994 0.03125
vt 0.49999999999999994 0.9375
vt 0.8093592167691145 0.8093592167691146
vt 0.5 0.5
vt 0.8093592167691145 0.8093592167691146
vt 0.49999999999999994 0.9375
vt 0.5 0.5
vt 0.3828125 0.96875
vt 0.49999999999999994 0.96875
vt 0.49999999999999994 0.03125
vt 0.3828125 0.03125
vt 0.8093592167691145 0.8093592167691146
vt 0.9375 0.5
vt 0.5 0.5
vt 0.9375 0.5
vt 0.8093592167691145 0.8093592167691146
vt 0.5 0.5
vn -0.923879532511287 0 -0.3826834323650898
vn 0 -1 0
vn 0 1 0
vn -0.38268343236508984 0 -0.9238795325112867
vn 0 -1 0
vn 0 1 0
vn 0.3826834323650897 0 -0.923879532511287
vn 0 -1 0
vn 0 1 0
vn 0.9238795325112867 0 -0.38268343236508984
vn 0 -1 0
vn 0 1 0
vn 0.9238795325112868 0 0.38268343236508956
vn 0 -1 0
vn 0 1 0
vn 0.38268343236508984 0 0.9238795325112867
vn 0 -1 0
vn 0 1 0
vn -0.38268343236508956 0 0.9238795325112868
vn 0 -1 0
vn 0 1 0
vn -0.9238795325112867 0 0.38268343236508984
vn 0 -1 0
vn 0 1 0
usemtl m_058deebc-0957-a4e2-81f6-9d192cb6ff74
f 302/1065/305 304/1066/305 303/1067/305 301/1068/305
f 301/1069/306 303/1070/306 299/1071/306
f 304/1072/307 302/1073/307 300/1074/307
f 304/1075/308 306/1076/308 305/1077/308 303/1078/308
f 303/1079/309 305/1080/309 299/1081/309
f 306/1082/310 304/1083/310 300/1084/310
f 306/1085/311 308/1086/311 307/1087/311 305/1088/311
f 305/1089/312 307/1090/312 299/1091/312
f 308/1092/313 306/1093/313 300/1094/313
f 308/1095/314 310/1096/314 309/1097/314 307/1098/314
f 307/1099/315 309/1100/315 299/1101/315
f 310/1102/316 308/1103/316 300/1104/316
f 310/1105/317 312/1106/317 311/1107/317 309/1108/317
f 309/1109/318 311/1110/318 299/1111/318
f 312/1112/319 310/1113/319 300/1114/319
f 312/1115/320 314/1116/320 313/1117/320 311/1118/320
f 311/1119/321 313/1120/321 299/1121/321
f 314/1122/322 312/1123/322 300/1124/322
f 314/1125/323 316/1126/323 315/1127/323 313/1128/323
f 313/1129/324 315/1130/324 299/1131/324
f 316/1132/325 314/1133/325 300/1134/325
f 316/1135/326 302/1136/326 301/1137/326 315/1138/326
f 315/1139/327 301/1140/327 299/1141/327
f 302/1142/328 316/1143/328 300/1144/328
o hose_hub
v 0 1.2906250000000001 0
v 0 1.221875 0
v 0.21875 1.2906250000000001 0
v 0.21875 1.221875 0
v 0.15467960838455727 1.2906250000000001 0.15467960838455724
v 0.15467960838455727 1.221875 0.15467960838455724
v 1.3394574365674175e-17 1.2906250000000001 0.21875
v 1.3394574365674175e-17 1.221875 0.21875
v -0.15467960838455724 1.2906250000000001 0.15467960838455727
v -0.15467960838455724 1.221875 0.15467960838455727
v -0.21875 1.2906250000000001 2.678914873134835e-17
v -0.21875 1.221875 2.678914873134835e-17
v -0.1546796083845573 1.2906250000000001 -0.15467960838455724
v -0.1546796083845573 1.221875 -0.15467960838455724
v -4.0183723097022526e-17 1.2906250000000001 -0.21875
v -4.0183723097022526e-17 1.221875 -0.21875
v 0.15467960838455724 1.2906250000000001 -0.1546796083845573
v 0.15467960838455724 1.221875 -0.1546796083845573
vt 0.49999999999999994 0.96875
vt 0.6171875 0.96875
vt 0.6171875 0.03125000000000011
vt 0.49999999999999994 0.03125000000000011
vt 0.9375 0.5
vt 0.8093592167691146 0.1906407832308855
vt 0.5 0.5
vt 0.8093592167691146 0.1906407832308855
vt 0.9375 0.5
vt 0.5 0.5
vt 0.6171875 0.96875
vt 0.734375 0.96875
vt 0.734375 0.03125000000000011
vt 0.6171875 0.03125000000000011
vt 0.8093592167691146 0.1906407832308855
vt 0.5 0.0625
vt 0.5 0.5
vt 0.5 0.0625
vt 0.8093592167691146 0.1906407832308855
vt 0.5 0.5
vt 0.734375 0.96875
vt 0.8515625 0.96875
vt 0.8515625 0.03125000000000011
vt 0.734375 0.03125000000000011
vt 0.5 0.0625
vt 0.1906407832308855 0.1906407832308854
vt 0.5 0.5
vt 0.1906407832308855 0.1906407832308854
vt 0.5 0.0625
vt 0.5 0.5
vt 0.8515625 0.96875
vt 0.9687499999999999 0.96875
vt 0.9687499999999999 0.03125000000000011
vt 0.8515625 0.03125000000000011
vt 0.1906407832308855 0.1906407832308854
vt 0.0625 0.5
vt 0.5 0.5
vt 0.0625 0.5
vt 0.1906407832308855 0.1906407832308854
vt 0.5 0.5
vt 0.9687499999999999 0.96875
vt 0.1484375 0.96875
vt 0.1484375 0.03125000000000011
vt 0.9687499999999999 0.03125000000000011
vt 0.0625 0.5
vt 0.1906407832308854 0.8093592167691145
vt 0.5 0.5
vt 0.1906407832308854 0.8093592167691145
vt 0.0625 0.5
vt 0.5 0.5
vt 0.1484375 0.96875
vt 0.26562499999999994 0.96875
vt 0.26562499999999994 0.03125000000000011
vt 0.1484375 0.03125000000000011
vt 0.1906407832308854 0.8093592167691145
vt 0.49999999999999994 0.9375
vt 0.5 0.5
vt 0.49999999999999994 0.9375
vt 0.1906407832308854 0.8093592167691145
vt 0.5 0.5
vt 0.26562499999999994 0.96875
vt 0.3828125 0.96875
vt 0.3828125 0.03125000000000011
vt 0.26562499999999994 0.03125000000000011
vt 0.49999999999999994 0.9375
vt 0.8093592167691145 0.8093592167691146
vt 0.5 0.5
vt 0.8093592167691145 0.8093592167691146
vt 0.49999999999999994 0.9375
vt 0.5 0.5
vt 0.3828125 0.96875
vt 0.49999999999999994 0.96875
vt 0.49999999999999994 0.03125000000000011
vt 0.3828125 0.03125000000000011
vt 0.8093592167691145 0.8093592167691146
vt 0.9375 0.5
vt 0.5 0.5
vt 0.9375 0.5
vt 0.8093592167691145 0.8093592167691146
vt 0.5 0.5
vn -0.9238795325112867 0 -0.38268343236508984
vn 0 -1 0
vn 0 1 0
vn -0.3826834323650899 0 -0.9238795325112867
vn 0 -1 0
vn 0 1 0
vn 0.38268343236508984 0 -0.9238795325112867
vn 0 -1 0
vn 0 1 0
vn 0.9238795325112867 0 -0.38268343236509
vn 0 -1 0
vn 0 1 0
vn 0.9238795325112868 0 0.38268343236508967
vn 0 -1 0
vn 0 1 0
vn 0.3826834323650899 0 0.9238795325112867
vn 0 -1 0
vn 0 1 0
vn -0.38268343236508967 0 0.9238795325112868
vn 0 -1 0
vn 0 1 0
vn -0.9238795325112867 0 0.38268343236508984
vn 0 -1 0
vn 0 1 0
usemtl m_058deebc-0957-a4e2-81f6-9d192cb6ff74
f 320/1145/329 322/1146/329 321/1147/329 319/1148/329
f 319/1149/330 321/1150/330 317/1151/330
f 322/1152/331 320/1153/331 318/1154/331
f 322/1155/332 324/1156/332 323/1157/332 321/1158/332
f 321/1159/333 323/1160/333 317/1161/333
f 324/1162/334 322/1163/334 318/1164/334
f 324/1165/335 326/1166/335 325/1167/335 323/1168/335
f 323/1169/336 325/1170/336 317/1171/336
f 326/1172/337 324/1173/337 318/1174/337
f 326/1175/338 328/1176/338 327/1177/338 325/1178/338
f 325/1179/339 327/1180/339 317/1181/339
f 328/1182/340 326/1183/340 318/1184/340
f 328/1185/341 330/1186/341 329/1187/341 327/1188/341
f 327/1189/342 329/1190/342 317/1191/342
f 330/1192/343 328/1193/343 318/1194/343
f 330/1195/344 332/1196/344 331/1197/344 329/1198/344
f 329/1199/345 331/1200/345 317/1201/345
f 332/1202/346 330/1203/346 318/1204/346
f 332/1205/347 334/1206/347 333/1207/347 331/1208/347
f 331/1209/348 333/1210/348 317/1211/348
f 334/1212/349 332/1213/349 318/1214/349
f 334/1215/350 320/1216/350 319/1217/350 333/1218/350
f 333/1219/351 319/1220/351 317/1221/351
f 320/1222/352 334/1223/352 318/1224/352
o stem_lower_flare
v 0 1.390625 0
v 0 1.296875 0
v 0.1875 1.390625 0
v 0.1875 1.296875 0
v 0.13258252147247768 1.390625 0.13258252147247765
v 0.13258252147247768 1.296875 0.13258252147247765
v 1.1481063742006436e-17 1.390625 0.1875
v 1.1481063742006436e-17 1.296875 0.1875
v -0.13258252147247765 1.390625 0.13258252147247768
v -0.13258252147247765 1.296875 0.13258252147247768
v -0.1875 1.390625 2.296212748401287e-17
v -0.1875 1.296875 2.296212748401287e-17
v -0.13258252147247768 1.390625 -0.13258252147247765
v -0.13258252147247768 1.296875 -0.13258252147247765
v -3.444319122601931e-17 1.390625 -0.1875
v -3.444319122601931e-17 1.296875 -0.1875
v 0.13258252147247762 1.390625 -0.13258252147247768
v 0.13258252147247762 1.296875 -0.13258252147247768
vt 0.49999999999999994 0.96875
vt 0.6171875 0.96875
vt 0.6171875 0.03125
vt 0.49999999999999994 0.03125
vt 0.9375 0.5
vt 0.8093592167691145 0.19064078323088562
vt 0.5 0.5
vt 0.8093592167691145 0.19064078323088562
vt 0.9375 0.5
vt 0.5 0.5
vt 0.6171875 0.96875
vt 0.734375 0.96875
vt 0.734375 0.03125
vt 0.6171875 0.03125
vt 0.8093592167691145 0.19064078323088562
vt 0.5 0.0625
vt 0.5 0.5
vt 0.5 0.0625
vt 0.8093592167691145 0.19064078323088562
vt 0.5 0.5
vt 0.734375 0.96875
vt 0.8515625 0.96875
vt 0.8515625 0.03125
vt 0.734375 0.03125
vt 0.5 0.0625
vt 0.19064078323088549 0.1906407832308855
vt 0.5 0.5
vt 0.19064078323088549 0.1906407832308855
vt 0.5 0.0625
vt 0.5 0.5
vt 0.8515625 0.96875
vt 0.9687499999999999 0.96875
vt 0.9687499999999999 0.03125
vt 0.8515625 0.03125
vt 0.19064078323088549 0.1906407832308855
vt 0.0625 0.5
vt 0.5 0.5
vt 0.0625 0.5
vt 0.19064078323088549 0.1906407832308855
vt 0.5 0.5
vt 0.9687499999999999 0.96875
vt 0.1484375 0.96875
vt 0.1484375 0.03125
vt 0.9687499999999999 0.03125
vt 0.0625 0.5
vt 0.19064078323088543 0.8093592167691145
vt 0.5 0.5
vt 0.19064078323088543 0.8093592167691145
vt 0.0625 0.5
vt 0.5 0.5
vt 0.1484375 0.96875
vt 0.26562499999999994 0.96875
vt 0.26562499999999994 0.03125
vt 0.1484375 0.03125
vt 0.19064078323088543 0.8093592167691145
vt 0.49999999999999994 0.9375
vt 0.5 0.5
vt 0.49999999999999994 0.9375
vt 0.19064078323088543 0.8093592167691145
vt 0.5 0.5
vt 0.26562499999999994 0.96875
vt 0.3828125 0.96875
vt 0.3828125 0.03125
vt 0.26562499999999994 0.03125
vt 0.49999999999999994 0.9375
vt 0.8093592167691144 0.8093592167691146
vt 0.5 0.5
vt 0.8093592167691144 0.8093592167691146
vt 0.49999999999999994 0.9375
vt 0.5 0.5
vt 0.3828125 0.96875
vt 0.49999999999999994 0.96875
vt 0.49999999999999994 0.03125
vt 0.3828125 0.03125
vt 0.8093592167691144 0.8093592167691146
vt 0.9375 0.5
vt 0.5 0.5
vt 0.9375 0.5
vt 0.8093592167691144 0.8093592167691146
vt 0.5 0.5
vn -0.923879532511287 0 -0.3826834323650898
vn 0 -1 0
vn 0 1 0
vn -0.38268343236508984 0 -0.9238795325112867
vn 0 -1 0
vn 0 1 0
vn 0.3826834323650898 0 -0.923879532511287
vn 0 -1 0
vn 0 1 0
vn 0.9238795325112868 0 -0.38268343236508995
vn 0 -1 0
vn 0 1 0
vn 0.923879532511287 0 0.3826834323650897
vn 0 -1 0
vn 0 1 0
vn 0.38268343236508995 0 0.9238795325112868
vn 0 -1 0
vn 0 1 0
vn -0.3826834323650898 0 0.923879532511287
vn 0 -1 0
vn 0 1 0
vn -0.9238795325112868 0 0.38268343236509006
vn 0 -1 0
vn 0 1 0
usemtl m_058deebc-0957-a4e2-81f6-9d192cb6ff74
f 338/1225/353 340/1226/353 339/1227/353 337/1228/353
f 337/1229/354 339/1230/354 335/1231/354
f 340/1232/355 338/1233/355 336/1234/355
f 340/1235/356 342/1236/356 341/1237/356 339/1238/356
f 339/1239/357 341/1240/357 335/1241/357
f 342/1242/358 340/1243/358 336/1244/358
f 342/1245/359 344/1246/359 343/1247/359 341/1248/359
f 341/1249/360 343/1250/360 335/1251/360
f 344/1252/361 342/1253/361 336/1254/361
f 344/1255/362 346/1256/362 345/1257/362 343/1258/362
f 343/1259/363 345/1260/363 335/1261/363
f 346/1262/364 344/1263/364 336/1264/364
f 346/1265/365 348/1266/365 347/1267/365 345/1268/365
f 345/1269/366 347/1270/366 335/1271/366
f 348/1272/367 346/1273/367 336/1274/367
f 348/1275/368 350/1276/368 349/1277/368 347/1278/368
f 347/1279/369 349/1280/369 335/1281/369
f 350/1282/370 348/1283/370 336/1284/370
f 350/1285/371 352/1286/371 351/1287/371 349/1288/371
f 349/1289/372 351/1290/372 335/1291/372
f 352/1292/373 350/1293/373 336/1294/373
f 352/1295/374 338/1296/374 337/1297/374 351/1298/374
f 351/1299/375 337/1300/375 335/1301/375
f 338/1302/376 352/1303/376 336/1304/376
o stem_lower_rod
v 0 1.4968750000000002 0
v 0 1.390625 0
v 0.096875 1.4968750000000002 0
v 0.096875 1.390625 0
v 0.0685009694274468 1.4968750000000002 0.06850096942744678
v 0.0685009694274468 1.390625 0.06850096942744678
v 5.931882933369992e-18 1.4968750000000002 0.096875
v 5.931882933369992e-18 1.390625 0.096875
v -0.06850096942744678 1.4968750000000002 0.0685009694274468
v -0.06850096942744678 1.390625 0.0685009694274468
v -0.096875 1.4968750000000002 1.1863765866739984e-17
v -0.096875 1.390625 1.1863765866739984e-17
v -0.06850096942744681 1.4968750000000002 -0.06850096942744678
v -0.06850096942744681 1.390625 -0.06850096942744678
v -1.7795648800109975e-17 1.4968750000000002 -0.096875
v -1.7795648800109975e-17 1.390625 -0.096875
v 0.06850096942744678 1.4968750000000002 -0.06850096942744681
v 0.06850096942744678 1.390625 -0.06850096942744681
vt 0.49999999999999994 0.96875
vt 0.6171875 0.96875
vt 0.6171875 0.03125
vt 0.49999999999999994 0.03125
vt 0.9375 0.5
vt 0.8093592167691146 0.1906407832308855
vt 0.5 0.5
vt 0.8093592167691146 0.1906407832308855
vt 0.9375 0.5
vt 0.5 0.5
vt 0.6171875 0.96875
vt 0.734375 0.96875
vt 0.734375 0.03125
vt 0.6171875 0.03125
vt 0.8093592167691146 0.1906407832308855
vt 0.5 0.0625
vt 0.5 0.5
vt 0.5 0.0625
vt 0.8093592167691146 0.1906407832308855
vt 0.5 0.5
vt 0.734375 0.96875
vt 0.8515625 0.96875
vt 0.8515625 0.03125
vt 0.734375 0.03125
vt 0.5 0.0625
vt 0.1906407832308855 0.1906407832308854
vt 0.5 0.5
vt 0.1906407832308855 0.1906407832308854
vt 0.5 0.0625
vt 0.5 0.5
vt 0.8515625 0.96875
vt 0.9687499999999999 0.96875
vt 0.9687499999999999 0.03125
vt 0.8515625 0.03125
vt 0.1906407832308855 0.1906407832308854
vt 0.0625 0.5
vt 0.5 0.5
vt 0.0625 0.5
vt 0.1906407832308855 0.1906407832308854
vt 0.5 0.5
vt 0.9687499999999999 0.96875
vt 0.14843749999999994 0.96875
vt 0.14843749999999994 0.03125
vt 0.9687499999999999 0.03125
vt 0.0625 0.5
vt 0.19064078323088537 0.8093592167691145
vt 0.5 0.5
vt 0.19064078323088537 0.8093592167691145
vt 0.0625 0.5
vt 0.5 0.5
vt 0.14843749999999994 0.96875
vt 0.26562499999999994 0.96875
vt 0.26562499999999994 0.03125
vt 0.14843749999999994 0.03125
vt 0.19064078323088537 0.8093592167691145
vt 0.4999999999999999 0.9375
vt 0.5 0.5
vt 0.4999999999999999 0.9375
vt 0.19064078323088537 0.8093592167691145
vt 0.5 0.5
vt 0.26562499999999994 0.96875
vt 0.3828125 0.96875
vt 0.3828125 0.03125
vt 0.26562499999999994 0.03125
vt 0.4999999999999999 0.9375
vt 0.8093592167691145 0.8093592167691146
vt 0.5 0.5
vt 0.8093592167691145 0.8093592167691146
vt 0.4999999999999999 0.9375
vt 0.5 0.5
vt 0.3828125 0.96875
vt 0.49999999999999994 0.96875
vt 0.49999999999999994 0.03125
vt 0.3828125 0.03125
vt 0.8093592167691145 0.8093592167691146
vt 0.9375 0.5
vt 0.5 0.5
vt 0.9375 0.5
vt 0.8093592167691145 0.8093592167691146
vt 0.5 0.5
vn -0.9238795325112867 0 -0.38268343236508984
vn 0 -1 0
vn 0 1 0
vn -0.3826834323650899 0 -0.9238795325112867
vn 0 -1 0
vn 0 1 0
vn 0.38268343236508984 0 -0.9238795325112867
vn 0 -1 0
vn 0 1 0
vn 0.9238795325112867 0 -0.38268343236509
vn 0 -1 0
vn 0 1 0
vn 0.923879532511287 0 0.3826834323650896
vn 0 -1 0
vn 0 1 0
vn 0.3826834323650899 0 0.9238795325112867
vn 0 -1 0
vn 0 1 0
vn -0.3826834323650896 0 0.923879532511287
vn 0 -1 0
vn 0 1 0
vn -0.9238795325112868 0 0.38268343236508995
vn 0 -1 0
vn 0 1 0
usemtl m_058deebc-0957-a4e2-81f6-9d192cb6ff74
f 356/1305/377 358/1306/377 357/1307/377 355/1308/377
f 355/1309/378 357/1310/378 353/1311/378
f 358/1312/379 356/1313/379 354/1314/379
f 358/1315/380 360/1316/380 359/1317/380 357/1318/380
f 357/1319/381 359/1320/381 353/1321/381
f 360/1322/382 358/1323/382 354/1324/382
f 360/1325/383 362/1326/383 361/1327/383 359/1328/383
f 359/1329/384 361/1330/384 353/1331/384
f 362/1332/385 360/1333/385 354/1334/385
f 362/1335/386 364/1336/386 363/1337/386 361/1338/386
f 361/1339/387 363/1340/387 353/1341/387
f 364/1342/388 362/1343/388 354/1344/388
f 364/1345/389 366/1346/389 365/1347/389 363/1348/389
f 363/1349/390 365/1350/390 353/1351/390
f 366/1352/391 364/1353/391 354/1354/391
f 366/1355/392 368/1356/392 367/1357/392 365/1358/392
f 365/1359/393 367/1360/393 353/1361/393
f 368/1362/394 366/1363/394 354/1364/394
f 368/1365/395 370/1366/395 369/1367/395 367/1368/395
f 367/1369/396 369/1370/396 353/1371/396
f 370/1372/397 368/1373/397 354/1374/397
f 370/1375/398 356/1376/398 355/1377/398 369/1378/398
f 369/1379/399 355/1380/399 353/1381/399
f 356/1382/400 370/1383/400 354/1384/400
o stem_crystal_housing
v 0 1.759375 0
v 0 1.509375 0
v 0.19375 1.759375 0
v 0.19375 1.509375 0
v 0.1370019388548936 1.759375 0.13700193885489356
v 0.1370019388548936 1.509375 0.13700193885489356
v 1.1863765866739984e-17 1.759375 0.19375
v 1.1863765866739984e-17 1.509375 0.19375
v -0.13700193885489356 1.759375 0.1370019388548936
v -0.13700193885489356 1.509375 0.1370019388548936
v -0.19375 1.759375 2.3727531733479968e-17
v -0.19375 1.509375 2.3727531733479968e-17
v -0.13700193885489362 1.759375 -0.13700193885489356
v -0.13700193885489362 1.509375 -0.13700193885489356
v -3.559129760021995e-17 1.759375 -0.19375
v -3.559129760021995e-17 1.509375 -0.19375
v 0.13700193885489356 1.759375 -0.13700193885489362
v 0.13700193885489356 1.509375 -0.13700193885489362
vt 0.49999999999999994 0.96875
vt 0.6171875 0.96875
vt 0.6171875 0.03125
vt 0.49999999999999994 0.03125
vt 0.9375 0.5
vt 0.8093592167691146 0.1906407832308855
vt 0.5 0.5
vt 0.8093592167691146 0.1906407832308855
vt 0.9375 0.5
vt 0.5 0.5
vt 0.6171875 0.96875
vt 0.734375 0.96875
vt 0.734375 0.03125
vt 0.6171875 0.03125
vt 0.8093592167691146 0.1906407832308855
vt 0.5 0.0625
vt 0.5 0.5
vt 0.5 0.0625
vt 0.8093592167691146 0.1906407832308855
vt 0.5 0.5
vt 0.734375 0.96875
vt 0.8515625 0.96875
vt 0.8515625 0.03125
vt 0.734375 0.03125
vt 0.5 0.0625
vt 0.1906407832308855 0.1906407832308854
vt 0.5 0.5
vt 0.1906407832308855 0.1906407832308854
vt 0.5 0.0625
vt 0.5 0.5
vt 0.8515625 0.96875
vt 0.9687499999999999 0.96875
vt 0.9687499999999999 0.03125
vt 0.8515625 0.03125
vt 0.1906407832308855 0.1906407832308854
vt 0.0625 0.5
vt 0.5 0.5
vt 0.0625 0.5
vt 0.1906407832308855 0.1906407832308854
vt 0.5 0.5
vt 0.9687499999999999 0.96875
vt 0.14843749999999994 0.96875
vt 0.14843749999999994 0.03125
vt 0.9687499999999999 0.03125
vt 0.0625 0.5
vt 0.19064078323088537 0.8093592167691145
vt 0.5 0.5
vt 0.19064078323088537 0.8093592167691145
vt 0.0625 0.5
vt 0.5 0.5
vt 0.14843749999999994 0.96875
vt 0.26562499999999994 0.96875
vt 0.26562499999999994 0.03125
vt 0.14843749999999994 0.03125
vt 0.19064078323088537 0.8093592167691145
vt 0.4999999999999999 0.9375
vt 0.5 0.5
vt 0.4999999999999999 0.9375
vt 0.19064078323088537 0.8093592167691145
vt 0.5 0.5
vt 0.26562499999999994 0.96875
vt 0.3828125 0.96875
vt 0.3828125 0.03125
vt 0.26562499999999994 0.03125
vt 0.4999999999999999 0.9375
vt 0.8093592167691145 0.8093592167691146
vt 0.5 0.5
vt 0.8093592167691145 0.8093592167691146
vt 0.4999999999999999 0.9375
vt 0.5 0.5
vt 0.3828125 0.96875
vt 0.49999999999999994 0.96875
vt 0.49999999999999994 0.03125
vt 0.3828125 0.03125
vt 0.8093592167691145 0.8093592167691146
vt 0.9375 0.5
vt 0.5 0.5
vt 0.9375 0.5
vt 0.8093592167691145 0.8093592167691146
vt 0.5 0.5
vn -0.9238795325112868 0 -0.38268343236508984
vn 0 -1 0
vn 0 1 0
vn -0.38268343236509 0 -0.9238795325112868
vn 0 -1 0
vn 0 1 0
vn 0.38268343236508984 0 -0.9238795325112868
vn 0 -1 0
vn 0 1 0
vn 0.9238795325112868 0 -0.38268343236509006
vn 0 -1 0
vn 0 1 0
vn 0.9238795325112868 0 0.38268343236508956
vn 0 -1 0
vn 0 1 0
vn 0.38268343236509 0 0.9238795325112868
vn 0 -1 0
vn 0 1 0
vn -0.38268343236508956 0 0.9238795325112868
vn 0 -1 0
vn 0 1 0
vn -0.9238795325112868 0 0.38268343236508995
vn 0 -1 0
vn 0 1 0
usemtl m_058deebc-0957-a4e2-81f6-9d192cb6ff74
f 374/1385/401 376/1386/401 375/1387/401 373/1388/401
f 373/1389/402 375/1390/402 371/1391/402
f 376/1392/403 374/1393/403 372/1394/403
f 376/1395/404 378/1396/404 377/1397/404 375/1398/404
f 375/1399/405 377/1400/405 371/1401/405
f 378/1402/406 376/1403/406 372/1404/406
f 378/1405/407 380/1406/407 379/1407/407 377/1408/407
f 377/1409/408 379/1410/408 371/1411/408
f 380/1412/409 378/1413/409 372/1414/409
f 380/1415/410 382/1416/410 381/1417/410 379/1418/410
f 379/1419/411 381/1420/411 371/1421/411
f 382/1422/412 380/1423/412 372/1424/412
f 382/1425/413 384/1426/413 383/1427/413 381/1428/413
f 381/1429/414 383/1430/414 371/1431/414
f 384/1432/415 382/1433/415 372/1434/415
f 384/1435/416 386/1436/416 385/1437/416 383/1438/416
f 383/1439/417 385/1440/417 371/1441/417
f 386/1442/418 384/1443/418 372/1444/418
f 386/1445/419 388/1446/419 387/1447/419 385/1448/419
f 385/1449/420 387/1450/420 371/1451/420
f 388/1452/421 386/1453/421 372/1454/421
f 388/1455/422 374/1456/422 373/1457/422 387/1458/422
f 387/1459/423 373/1460/423 371/1461/423
f 374/1462/424 388/1463/424 372/1464/424
o stem_upper_rod
v 0 1.890625 0
v 0 1.759375 0
v 0.1 1.890625 0
v 0.1 1.759375 0
v 0.07071067811865477 1.890625 0.07071067811865475
v 0.07071067811865477 1.759375 0.07071067811865475
v 6.123233995736766e-18 1.890625 0.1
v 6.123233995736766e-18 1.759375 0.1
v -0.07071067811865475 1.890625 0.07071067811865477
v -0.07071067811865475 1.759375 0.07071067811865477
v -0.1 1.890625 1.2246467991473533e-17
v -0.1 1.759375 1.2246467991473533e-17
v -0.07071067811865477 1.890625 -0.07071067811865475
v -0.07071067811865477 1.759375 -0.07071067811865475
v -1.8369701987210297e-17 1.890625 -0.1
v -1.8369701987210297e-17 1.759375 -0.1
v 0.07071067811865474 1.890625 -0.07071067811865477
v 0.07071067811865474 1.759375 -0.07071067811865477
vt 0.49999999999999994 0.96875
vt 0.6171875 0.96875
vt 0.6171875 0.03125
vt 0.49999999999999994 0.03125
vt 0.9375 0.5
vt 0.8093592167691146 0.1906407832308854
vt 0.5 0.5
vt 0.8093592167691146 0.1906407832308854
vt 0.9375 0.5
vt 0.5 0.5
vt 0.6171875 0.96875
vt 0.734375 0.96875
vt 0.734375 0.03125
vt 0.6171875 0.03125
vt 0.8093592167691146 0.1906407832308854
vt 0.5 0.0625
vt 0.5 0.5
vt 0.5 0.0625
vt 0.8093592167691146 0.1906407832308854
vt 0.5 0.5
vt 0.734375 0.96875
vt 0.8515625 0.96875
vt 0.8515625 0.03125
vt 0.734375 0.03125
vt 0.5 0.0625
vt 0.19064078323088549 0.1906407832308854
vt 0.5 0.5
vt 0.19064078323088549 0.1906407832308854
vt 0.5 0.0625
vt 0.5 0.5
vt 0.8515625 0.96875
vt 0.9687499999999999 0.96875
vt 0.9687499999999999 0.03125
vt 0.8515625 0.03125
vt 0.19064078323088549 0.1906407832308854
vt 0.0625 0.4999999999999999
vt 0.5 0.5
vt 0.0625 0.4999999999999999
vt 0.19064078323088549 0.1906407832308854
vt 0.5 0.5
vt 0.9687499999999999 0.96875
vt 0.1484375 0.96875
vt 0.1484375 0.03125
vt 0.9687499999999999 0.03125
vt 0.0625 0.4999999999999999
vt 0.1906407832308854 0.8093592167691145
vt 0.5 0.5
vt 0.1906407832308854 0.8093592167691145
vt 0.0625 0.4999999999999999
vt 0.5 0.5
vt 0.1484375 0.96875
vt 0.26562499999999994 0.96875
vt 0.26562499999999994 0.03125
vt 0.1484375 0.03125
vt 0.1906407832308854 0.8093592167691145
vt 0.49999999999999994 0.9375
vt 0.5 0.5
vt 0.49999999999999994 0.9375
vt 0.1906407832308854 0.8093592167691145
vt 0.5 0.5
vt 0.26562499999999994 0.96875
vt 0.3828125 0.96875
vt 0.3828125 0.03125
vt 0.26562499999999994 0.03125
vt 0.49999999999999994 0.9375
vt 0.8093592167691146 0.8093592167691146
vt 0.5 0.5
vt 0.8093592167691146 0.8093592167691146
vt 0.49999999999999994 0.9375
vt 0.5 0.5
vt 0.3828125 0.96875
vt 0.49999999999999994 0.96875
vt 0.49999999999999994 0.03125
vt 0.3828125 0.03125
vt 0.8093592167691146 0.8093592167691146
vt 0.9375 0.5
vt 0.5 0.5
vt 0.9375 0.5
vt 0.8093592167691146 0.8093592167691146
vt 0.5 0.5
vn -0.923879532511287 0 -0.3826834323650898
vn 0 -1 0
vn 0 1 0
vn -0.38268343236508984 0 -0.9238795325112868
vn 0 -1 0
vn 0 1 0
vn 0.3826834323650898 0 -0.923879532511287
vn 0 -1 0
vn 0 1 0
vn 0.9238795325112867 0 -0.3826834323650899
vn 0 -1 0
vn 0 1 0
vn 0.9238795325112868 0 0.3826834323650896
vn 0 -1 0
vn 0 1 0
vn 0.3826834323650899 0 0.9238795325112867
vn 0 -1 0
vn 0 1 0
vn -0.3826834323650898 0 0.923879532511287
vn 0 -1 0
vn 0 1 0
vn -0.9238795325112868 0 0.38268343236509006
vn 0 -1 0
vn 0 1 0
usemtl m_058deebc-0957-a4e2-81f6-9d192cb6ff74
f 392/1465/425 394/1466/425 393/1467/425 391/1468/425
f 391/1469/426 393/1470/426 389/1471/426
f 394/1472/427 392/1473/427 390/1474/427
f 394/1475/428 396/1476/428 395/1477/428 393/1478/428
f 393/1479/429 395/1480/429 389/1481/429
f 396/1482/430 394/1483/430 390/1484/430
f 396/1485/431 398/1486/431 397/1487/431 395/1488/431
f 395/1489/432 397/1490/432 389/1491/432
f 398/1492/433 396/1493/433 390/1494/433
f 398/1495/434 400/1496/434 399/1497/434 397/1498/434
f 397/1499/435 399/1500/435 389/1501/435
f 400/1502/436 398/1503/436 390/1504/436
f 400/1505/437 402/1506/437 401/1507/437 399/1508/437
f 399/1509/438 401/1510/438 389/1511/438
f 402/1512/439 400/1513/439 390/1514/439
f 402/1515/440 404/1516/440 403/1517/440 401/1518/440
f 401/1519/441 403/1520/441 389/1521/441
f 404/1522/442 402/1523/442 390/1524/442
f 404/1525/443 406/1526/443 405/1527/443 403/1528/443
f 403/1529/444 405/1530/444 389/1531/444
f 406/1532/445 404/1533/445 390/1534/445
f 406/1535/446 392/1536/446 391/1537/446 405/1538/446
f 405/1539/447 391/1540/447 389/1541/447
f 392/1542/448 406/1543/448 390/1544/448
o stem_upper_flare
v 0 2.009375 0
v 0 1.890625 0
v 0.16875 2.009375 0
v 0.16875 1.890625 0
v 0.11932426932522991 2.009375 0.1193242693252299
v 0.11932426932522991 1.890625 0.1193242693252299
v 1.0332957367805793e-17 2.009375 0.16875
v 1.0332957367805793e-17 1.890625 0.16875
v -0.1193242693252299 2.009375 0.11932426932522991
v -0.1193242693252299 1.890625 0.11932426932522991
v -0.16875 2.009375 2.0665914735611586e-17
v -0.16875 1.890625 2.0665914735611586e-17
v -0.11932426932522992 2.009375 -0.1193242693252299
v -0.11932426932522992 1.890625 -0.1193242693252299
v -3.099887210341738e-17 2.009375 -0.16875
v -3.099887210341738e-17 1.890625 -0.16875
v 0.11932426932522987 2.009375 -0.11932426932522992
v 0.11932426932522987 1.890625 -0.11932426932522992
vt 0.49999999999999994 0.96875
vt 0.6171875 0.96875
vt 0.6171875 0.03125
vt 0.49999999999999994 0.03125
vt 0.9375 0.5
vt 0.8093592167691146 0.19064078323088562
vt 0.5 0.5
vt 0.8093592167691146 0.19064078323088562
vt 0.9375 0.5
vt 0.5 0.5
vt 0.6171875 0.96875
vt 0.734375 0.96875
vt 0.734375 0.03125
vt 0.6171875 0.03125
vt 0.8093592167691146 0.19064078323088562
vt 0.5 0.0625
vt 0.5 0.5
vt 0.5 0.0625
vt 0.8093592167691146 0.19064078323088562
vt 0.5 0.5
vt 0.734375 0.96875
vt 0.8515625 0.96875
vt 0.8515625 0.03125
vt 0.734375 0.03125
vt 0.5 0.0625
vt 0.19064078323088549 0.1906407832308854
vt 0.5 0.5
vt 0.19064078323088549 0.1906407832308854
vt 0.5 0.0625
vt 0.5 0.5
vt 0.8515625 0.96875
vt 0.9687499999999999 0.96875
vt 0.9687499999999999 0.03125
vt 0.8515625 0.03125
vt 0.19064078323088549 0.1906407832308854
vt 0.0625 0.4999999999999999
vt 0.5 0.5
vt 0.0625 0.4999999999999999
vt 0.19064078323088549 0.1906407832308854
vt 0.5 0.5
vt 0.9687499999999999 0.96875
vt 0.1484375 0.96875
vt 0.1484375 0.03125
vt 0.9687499999999999 0.03125
vt 0.0625 0.4999999999999999
vt 0.1906407832308854 0.8093592167691145
vt 0.5 0.5
vt 0.1906407832308854 0.8093592167691145
vt 0.0625 0.4999999999999999
vt 0.5 0.5
vt 0.1484375 0.96875
vt 0.26562499999999994 0.96875
vt 0.26562499999999994 0.03125
vt 0.1484375 0.03125
vt 0.1906407832308854 0.8093592167691145
vt 0.49999999999999994 0.9375
vt 0.5 0.5
vt 0.49999999999999994 0.9375
vt 0.1906407832308854 0.8093592167691145
vt 0.5 0.5
vt 0.26562499999999994 0.96875
vt 0.3828125 0.96875
vt 0.3828125 0.03125
vt 0.26562499999999994 0.03125
vt 0.49999999999999994 0.9375
vt 0.8093592167691144 0.8093592167691146
vt 0.5 0.5
vt 0.8093592167691144 0.8093592167691146
vt 0.49999999999999994 0.9375
vt 0.5 0.5
vt 0.3828125 0.96875
vt 0.49999999999999994 0.96875
vt 0.49999999999999994 0.03125
vt 0.3828125 0.03125
vt 0.8093592167691144 0.8093592167691146
vt 0.9375 0.5
vt 0.5 0.5
vt 0.9375 0.5
vt 0.8093592167691144 0.8093592167691146
vt 0.5 0.5
vn -0.9238795325112868 0 -0.3826834323650898
vn 0 -1 0
vn 0 1 0
vn -0.38268343236508984 0 -0.9238795325112867
vn 0 -1 0
vn 0 1 0
vn 0.3826834323650897 0 -0.9238795325112868
vn 0 -1 0
vn 0 1 0
vn 0.9238795325112867 0 -0.38268343236508984
vn 0 -1 0
vn 0 1 0
vn 0.9238795325112868 0 0.3826834323650896
vn 0 -1 0
vn 0 1 0
vn 0.38268343236508984 0 0.9238795325112867
vn 0 -1 0
vn 0 1 0
vn -0.38268343236508967 0 0.9238795325112868
vn 0 -1 0
vn 0 1 0
vn -0.9238795325112867 0 0.38268343236509
vn 0 -1 0
vn 0 1 0
usemtl m_058deebc-0957-a4e2-81f6-9d192cb6ff74
f 410/1545/449 412/1546/449 411/1547/449 409/1548/449
f 409/1549/450 411/1550/450 407/1551/450
f 412/1552/451 410/1553/451 408/1554/451
f 412/1555/452 414/1556/452 413/1557/452 411/1558/452
f 411/1559/453 413/1560/453 407/1561/453
f 414/1562/454 412/1563/454 408/1564/454
f 414/1565/455 416/1566/455 415/1567/455 413/1568/455
f 413/1569/456 415/1570/456 407/1571/456
f 416/1572/457 414/1573/457 408/1574/457
f 416/1575/458 418/1576/458 417/1577/458 415/1578/458
f 415/1579/459 417/1580/459 407/1581/459
f 418/1582/460 416/1583/460 408/1584/460
f 418/1585/461 420/1586/461 419/1587/461 417/1588/461
f 417/1589/462 419/1590/462 407/1591/462
f 420/1592/463 418/1593/463 408/1594/463
f 420/1595/464 422/1596/464 421/1597/464 419/1598/464
f 419/1599/465 421/1600/465 407/1601/465
f 422/1602/466 420/1603/466 408/1604/466
f 422/1605/467 424/1606/467 423/1607/467 421/1608/467
f 421/1609/468 423/1610/468 407/1611/468
f 424/1612/469 422/1613/469 408/1614/469
f 424/1615/470 410/1616/470 409/1617/470 423/1618/470
f 423/1619/471 409/1620/471 407/1621/471
f 410/1622/472 424/1623/472 408/1624/472
o tray_support
v 0 2.071875 0
v 0 2.009375 0
v 0.11875 2.071875 0
v 0.11875 2.009375 0
v 0.08396893026590252 2.071875 0.0839689302659025
v 0.08396893026590252 2.009375 0.0839689302659025
v 7.271340369937409e-18 2.071875 0.11875
v 7.271340369937409e-18 2.009375 0.11875
v -0.0839689302659025 2.071875 0.08396893026590252
v -0.0839689302659025 2.009375 0.08396893026590252
v -0.11875 2.071875 1.4542680739874818e-17
v -0.11875 2.009375 1.4542680739874818e-17
v -0.08396893026590253 2.071875 -0.0839689302659025
v -0.08396893026590253 2.009375 -0.0839689302659025
v -2.1814021109812225e-17 2.071875 -0.11875
v -2.1814021109812225e-17 2.009375 -0.11875
v 0.08396893026590249 2.071875 -0.08396893026590253
v 0.08396893026590249 2.009375 -0.08396893026590253
vt 0.49999999999999994 0.96875
vt 0.6171875 0.96875
vt 0.6171875 0.03125
vt 0.49999999999999994 0.03125
vt 0.9375 0.5
vt 0.8093592167691146 0.1906407832308855
vt 0.5 0.5
vt 0.8093592167691146 0.1906407832308855
vt 0.9375 0.5
vt 0.5 0.5
vt 0.6171875 0.96875
vt 0.734375 0.96875
vt 0.734375 0.03125
vt 0.6171875 0.03125
vt 0.8093592167691146 0.1906407832308855
vt 0.5 0.0625
vt 0.5 0.5
vt 0.5 0.0625
vt 0.8093592167691146 0.1906407832308855
vt 0.5 0.5
vt 0.734375 0.96875
vt 0.8515625 0.96875
vt 0.8515625 0.03125
vt 0.734375 0.03125
vt 0.5 0.0625
vt 0.19064078323088549 0.1906407832308854
vt 0.5 0.5
vt 0.19064078323088549 0.1906407832308854
vt 0.5 0.0625
vt 0.5 0.5
vt 0.8515625 0.96875
vt 0.9687499999999999 0.96875
vt 0.9687499999999999 0.03125
vt 0.8515625 0.03125
vt 0.19064078323088549 0.1906407832308854
vt 0.0625 0.5
vt 0.5 0.5
vt 0.0625 0.5
vt 0.19064078323088549 0.1906407832308854
vt 0.5 0.5
vt 0.9687499999999999 0.96875
vt 0.1484375 0.96875
vt 0.1484375 0.03125
vt 0.9687499999999999 0.03125
vt 0.0625 0.5
vt 0.1906407832308854 0.8093592167691145
vt 0.5 0.5
vt 0.1906407832308854 0.8093592167691145
vt 0.0625 0.5
vt 0.5 0.5
vt 0.1484375 0.96875
vt 0.26562499999999994 0.96875
vt 0.26562499999999994 0.03125
vt 0.1484375 0.03125
vt 0.1906407832308854 0.8093592167691145
vt 0.49999999999999994 0.9375
vt 0.5 0.5
vt 0.49999999999999994 0.9375
vt 0.1906407832308854 0.8093592167691145
vt 0.5 0.5
vt 0.26562499999999994 0.96875
vt 0.3828125 0.96875
vt 0.3828125 0.03125
vt 0.26562499999999994 0.03125
vt 0.49999999999999994 0.9375
vt 0.8093592167691145 0.8093592167691146
vt 0.5 0.5
vt 0.8093592167691145 0.8093592167691146
vt 0.49999999999999994 0.9375
vt 0.5 0.5
vt 0.3828125 0.96875
vt 0.49999999999999994 0.96875
vt 0.49999999999999994 0.03125
vt 0.3828125 0.03125
vt 0.8093592167691145 0.8093592167691146
vt 0.9375 0.5
vt 0.5 0.5
vt 0.9375 0.5
vt 0.8093592167691145 0.8093592167691146
vt 0.5 0.5
vn -0.9238795325112867 0 -0.3826834323650897
vn 0 -1 0
vn 0 1 0
vn -0.3826834323650899 0 -0.9238795325112867
vn 0 -1 0
vn 0 1 0
vn 0.3826834323650898 0 -0.923879532511287
vn 0 -1 0
vn 0 1 0
vn 0.9238795325112867 0 -0.3826834323650899
vn 0 -1 0
vn 0 1 0
vn 0.9238795325112868 0 0.3826834323650896
vn 0 -1 0
vn 0 1 0
vn 0.3826834323650899 0 0.9238795325112867
vn 0 -1 0
vn 0 1 0
vn -0.3826834323650896 0 0.9238795325112868
vn 0 -1 0
vn 0 1 0
vn -0.9238795325112867 0 0.38268343236508995
vn 0 -1 0
vn 0 1 0
usemtl m_058deebc-0957-a4e2-81f6-9d192cb6ff74
f 428/1625/473 430/1626/473 429/1627/473 427/1628/473
f 427/1629/474 429/1630/474 425/1631/474
f 430/1632/475 428/1633/475 426/1634/475
f 430/1635/476 432/1636/476 431/1637/476 429/1638/476
f 429/1639/477 431/1640/477 425/1641/477
f 432/1642/478 430/1643/478 426/1644/478
f 432/1645/479 434/1646/479 433/1647/479 431/1648/479
f 431/1649/480 433/1650/480 425/1651/480
f 434/1652/481 432/1653/481 426/1654/481
f 434/1655/482 436/1656/482 435/1657/482 433/1658/482
f 433/1659/483 435/1660/483 425/1661/483
f 436/1662/484 434/1663/484 426/1664/484
f 436/1665/485 438/1666/485 437/1667/485 435/1668/485
f 435/1669/486 437/1670/486 425/1671/486
f 438/1672/487 436/1673/487 426/1674/487
f 438/1675/488 440/1676/488 439/1677/488 437/1678/488
f 437/1679/489 439/1680/489 425/1681/489
f 440/1682/490 438/1683/490 426/1684/490
f 440/1685/491 442/1686/491 441/1687/491 439/1688/491
f 439/1689/492 441/1690/492 425/1691/492
f 442/1692/493 440/1693/493 426/1694/493
f 442/1695/494 428/1696/494 427/1697/494 441/1698/494
f 441/1699/495 427/1700/495 425/1701/495
f 428/1702/496 442/1703/496 426/1704/496
o ring_neck_01
v 0 1.325 0
v 0 1.2625 0
v 0.25625 1.325 0
v 0.25625 1.2625 0
v 0.1811961126790528 1.325 0.18119611267905278
v 0.1811961126790528 1.2625 0.18119611267905278
v 1.569078711407546e-17 1.325 0.25625
v 1.569078711407546e-17 1.2625 0.25625
v -0.18119611267905278 1.325 0.1811961126790528
v -0.18119611267905278 1.2625 0.1811961126790528
v -0.25625 1.325 3.138157422815092e-17
v -0.25625 1.2625 3.138157422815092e-17
v -0.18119611267905283 1.325 -0.18119611267905278
v -0.18119611267905283 1.2625 -0.18119611267905278
v -4.707236134222638e-17 1.325 -0.25625
v -4.707236134222638e-17 1.2625 -0.25625
v 0.18119611267905275 1.325 -0.18119611267905283
v 0.18119611267905275 1.2625 -0.18119611267905283
vt 0.49999999999999994 0.96875
vt 0.6171875 0.96875
vt 0.6171875 0.03125
vt 0.49999999999999994 0.03125
vt 0.9375 0.5
vt 0.8093592167691145 0.1906407832308855
vt 0.5 0.5
vt 0.8093592167691145 0.1906407832308855
vt 0.9375 0.5
vt 0.5 0.5
vt 0.6171875 0.96875
vt 0.734375 0.96875
vt 0.734375 0.03125
vt 0.6171875 0.03125
vt 0.8093592167691145 0.1906407832308855
vt 0.5 0.0625
vt 0.5 0.5
vt 0.5 0.0625
vt 0.8093592167691145 0.1906407832308855
vt 0.5 0.5
vt 0.734375 0.96875
vt 0.8515625 0.96875
vt 0.8515625 0.03125
vt 0.734375 0.03125
vt 0.5 0.0625
vt 0.19064078323088549 0.1906407832308855
vt 0.5 0.5
vt 0.19064078323088549 0.1906407832308855
vt 0.5 0.0625
vt 0.5 0.5
vt 0.8515625 0.96875
vt 0.9687499999999999 0.96875
vt 0.9687499999999999 0.03125
vt 0.8515625 0.03125
vt 0.19064078323088549 0.1906407832308855
vt 0.0625 0.5
vt 0.5 0.5
vt 0.0625 0.5
vt 0.19064078323088549 0.1906407832308855
vt 0.5 0.5
vt 0.9687499999999999 0.96875
vt 0.1484375 0.96875
vt 0.1484375 0.03125
vt 0.9687499999999999 0.03125
vt 0.0625 0.5
vt 0.19064078323088537 0.8093592167691145
vt 0.5 0.5
vt 0.19064078323088537 0.8093592167691145
vt 0.0625 0.5
vt 0.5 0.5
vt 0.1484375 0.96875
vt 0.26562499999999994 0.96875
vt 0.26562499999999994 0.03125
vt 0.1484375 0.03125
vt 0.19064078323088537 0.8093592167691145
vt 0.49999999999999994 0.9375
vt 0.5 0.5
vt 0.49999999999999994 0.9375
vt 0.19064078323088537 0.8093592167691145
vt 0.5 0.5
vt 0.26562499999999994 0.96875
vt 0.3828125 0.96875
vt 0.3828125 0.03125
vt 0.26562499999999994 0.03125
vt 0.49999999999999994 0.9375
vt 0.8093592167691145 0.8093592167691146
vt 0.5 0.5
vt 0.8093592167691145 0.8093592167691146
vt 0.49999999999999994 0.9375
vt 0.5 0.5
vt 0.3828125 0.96875
vt 0.49999999999999994 0.96875
vt 0.49999999999999994 0.03125
vt 0.3828125 0.03125
vt 0.8093592167691145 0.8093592167691146
vt 0.9375 0.5
vt 0.5 0.5
vt 0.9375 0.5
vt 0.8093592167691145 0.8093592167691146
vt 0.5 0.5
vn -0.923879532511287 0 -0.3826834323650898
vn 0 -1 0
vn 0 1 0
vn -0.38268343236508984 0 -0.9238795325112867
vn 0 -1 0
vn 0 1 0
vn 0.3826834323650897 0 -0.923879532511287
vn 0 -1 0
vn 0 1 0
vn 0.9238795325112867 0 -0.38268343236508984
vn 0 -1 0
vn 0 1 0
vn 0.9238795325112868 0 0.38268343236508956
vn 0 -1 0
vn 0 1 0
vn 0.38268343236508984 0 0.9238795325112867
vn 0 -1 0
vn 0 1 0
vn -0.38268343236508956 0 0.9238795325112868
vn 0 -1 0
vn 0 1 0
vn -0.9238795325112867 0 0.38268343236508984
vn 0 -1 0
vn 0 1 0
usemtl m_417023fc-fb60-913a-5dfa-75ba19eb8773
f 446/1705/497 448/1706/497 447/1707/497 445/1708/497
f 445/1709/498 447/1710/498 443/1711/498
f 448/1712/499 446/1713/499 444/1714/499
f 448/1715/500 450/1716/500 449/1717/500 447/1718/500
f 447/1719/501 449/1720/501 443/1721/501
f 450/1722/502 448/1723/502 444/1724/502
f 450/1725/503 452/1726/503 451/1727/503 449/1728/503
f 449/1729/504 451/1730/504 443/1731/504
f 452/1732/505 450/1733/505 444/1734/505
f 452/1735/506 454/1736/506 453/1737/506 451/1738/506
f 451/1739/507 453/1740/507 443/1741/507
f 454/1742/508 452/1743/508 444/1744/508
f 454/1745/509 456/1746/509 455/1747/509 453/1748/509
f 453/1749/510 455/1750/510 443/1751/510
f 456/1752/511 454/1753/511 444/1754/511
f 456/1755/512 458/1756/512 457/1757/512 455/1758/512
f 455/1759/513 457/1760/513 443/1761/513
f 458/1762/514 456/1763/514 444/1764/514
f 458/1765/515 460/1766/515 459/1767/515 457/1768/515
f 457/1769/516 459/1770/516 443/1771/516
f 460/1772/517 458/1773/517 444/1774/517
f 460/1775/518 446/1776/518 445/1777/518 459/1778/518
f 459/1779/519 445/1780/519 443/1781/519
f 446/1782/520 460/1783/520 444/1784/520
o ring_lower_01
v 0 1.40625 0
v 0 1.34375 0
v 0.2125 1.40625 0
v 0.2125 1.34375 0
v 0.15026019100214136 1.40625 0.15026019100214133
v 0.15026019100214136 1.34375 0.15026019100214133
v 1.3011872240940627e-17 1.40625 0.2125
v 1.3011872240940627e-17 1.34375 0.2125
v -0.15026019100214133 1.40625 0.15026019100214136
v -0.15026019100214133 1.34375 0.15026019100214136
v -0.2125 1.40625 2.6023744481881253e-17
v -0.2125 1.34375 2.6023744481881253e-17
v -0.15026019100214139 1.40625 -0.15026019100214133
v -0.15026019100214139 1.34375 -0.15026019100214133
v -3.903561672282188e-17 1.40625 -0.2125
v -3.903561672282188e-17 1.34375 -0.2125
v 0.1502601910021413 1.40625 -0.15026019100214139
v 0.1502601910021413 1.34375 -0.15026019100214139
vt 0.49999999999999994 0.96875
vt 0.6171875 0.96875
vt 0.6171875 0.03125
vt 0.49999999999999994 0.03125
vt 0.9375 0.5
vt 0.8093592167691146 0.19064078323088562
vt 0.5 0.5
vt 0.8093592167691146 0.19064078323088562
vt 0.9375 0.5
vt 0.5 0.5
vt 0.6171875 0.96875
vt 0.734375 0.96875
vt 0.734375 0.03125
vt 0.6171875 0.03125
vt 0.8093592167691146 0.19064078323088562
vt 0.5 0.0625
vt 0.5 0.5
vt 0.5 0.0625
vt 0.8093592167691146 0.19064078323088562
vt 0.5 0.5
vt 0.734375 0.96875
vt 0.8515625 0.96875
vt 0.8515625 0.03125
vt 0.734375 0.03125
vt 0.5 0.0625
vt 0.19064078323088549 0.1906407832308854
vt 0.5 0.5
vt 0.19064078323088549 0.1906407832308854
vt 0.5 0.0625
vt 0.5 0.5
vt 0.8515625 0.96875
vt 0.9687499999999999 0.96875
vt 0.9687499999999999 0.03125
vt 0.8515625 0.03125
vt 0.19064078323088549 0.1906407832308854
vt 0.0625 0.4999999999999999
vt 0.5 0.5
vt 0.0625 0.4999999999999999
vt 0.19064078323088549 0.1906407832308854
vt 0.5 0.5
vt 0.9687499999999999 0.96875
vt 0.1484375 0.96875
vt 0.1484375 0.03125
vt 0.9687499999999999 0.03125
vt 0.0625 0.4999999999999999
vt 0.19064078323088537 0.8093592167691145
vt 0.5 0.5
vt 0.19064078323088537 0.8093592167691145
vt 0.0625 0.4999999999999999
vt 0.5 0.5
vt 0.1484375 0.96875
vt 0.26562499999999994 0.96875
vt 0.26562499999999994 0.03125
vt 0.1484375 0.03125
vt 0.19064078323088537 0.8093592167691145
vt 0.49999999999999994 0.9375
vt 0.5 0.5
vt 0.49999999999999994 0.9375
vt 0.19064078323088537 0.8093592167691145
vt 0.5 0.5
vt 0.26562499999999994 0.96875
vt 0.3828125 0.96875
vt 0.3828125 0.03125
vt 0.26562499999999994 0.03125
vt 0.49999999999999994 0.9375
vt 0.8093592167691144 0.8093592167691146
vt 0.5 0.5
vt 0.8093592167691144 0.8093592167691146
vt 0.49999999999999994 0.9375
vt 0.5 0.5
vt 0.3828125 0.96875
vt 0.49999999999999994 0.96875
vt 0.49999999999999994 0.03125
vt 0.3828125 0.03125
vt 0.8093592167691144 0.8093592167691146
vt 0.9375 0.5
vt 0.5 0.5
vt 0.9375 0.5
vt 0.8093592167691144 0.8093592167691146
vt 0.5 0.5
vn -0.9238795325112867 0 -0.3826834323650897
vn 0 -1 0
vn 0 1 0
vn -0.38268343236508984 0 -0.9238795325112867
vn 0 -1 0
vn 0 1 0
vn 0.3826834323650897 0 -0.9238795325112867
vn 0 -1 0
vn 0 1 0
vn 0.9238795325112867 0 -0.3826834323650899
vn 0 -1 0
vn 0 1 0
vn 0.9238795325112868 0 0.38268343236508956
vn 0 -1 0
vn 0 1 0
vn 0.38268343236508984 0 0.9238795325112867
vn 0 -1 0
vn 0 1 0
vn -0.3826834323650896 0 0.9238795325112868
vn 0 -1 0
vn 0 1 0
vn -0.9238795325112867 0 0.3826834323650899
vn 0 -1 0
vn 0 1 0
usemtl m_417023fc-fb60-913a-5dfa-75ba19eb8773
f 464/1785/521 466/1786/521 465/1787/521 463/1788/521
f 463/1789/522 465/1790/522 461/1791/522
f 466/1792/523 464/1793/523 462/1794/523
f 466/1795/524 468/1796/524 467/1797/524 465/1798/524
f 465/1799/525 467/1800/525 461/1801/525
f 468/1802/526 466/1803/526 462/1804/526
f 468/1805/527 470/1806/527 469/1807/527 467/1808/527
f 467/1809/528 469/1810/528 461/1811/528
f 470/1812/529 468/1813/529 462/1814/529
f 470/1815/530 472/1816/530 471/1817/530 469/1818/530
f 469/1819/531 471/1820/531 461/1821/531
f 472/1822/532 470/1823/532 462/1824/532
f 472/1825/533 474/1826/533 473/1827/533 471/1828/533
f 471/1829/534 473/1830/534 461/1831/534
f 474/1832/535 472/1833/535 462/1834/535
f 474/1835/536 476/1836/536 475/1837/536 473/1838/536
f 473/1839/537 475/1840/537 461/1841/537
f 476/1842/538 474/1843/538 462/1844/538
f 476/1845/539 478/1846/539 477/1847/539 475/1848/539
f 475/1849/540 477/1850/540 461/1851/540
f 478/1852/541 476/1853/541 462/1854/541
f 478/1855/542 464/1856/542 463/1857/542 477/1858/542
f 477/1859/543 463/1860/543 461/1861/543
f 464/1862/544 478/1863/544 462/1864/544
o ring_lower_02
v 0 1.53125 0
v 0 1.46875 0
v 0.165625 1.53125 0
v 0.165625 1.46875 0
v 0.11711456063402194 1.53125 0.11711456063402192
v 0.11711456063402194 1.46875 0.11711456063402192
v 1.0141606305439019e-17 1.53125 0.165625
v 1.0141606305439019e-17 1.46875 0.165625
v -0.11711456063402192 1.53125 0.11711456063402194
v -0.11711456063402192 1.46875 0.11711456063402194
v -0.165625 1.53125 2.0283212610878037e-17
v -0.165625 1.46875 2.0283212610878037e-17
v -0.11711456063402195 1.53125 -0.11711456063402192
v -0.11711456063402195 1.46875 -0.11711456063402192
v -3.042481891631705e-17 1.53125 -0.165625
v -3.042481891631705e-17 1.46875 -0.165625
v 0.1171145606340219 1.53125 -0.11711456063402195
v 0.1171145606340219 1.46875 -0.11711456063402195
vt 0.49999999999999994 0.96875
vt 0.6171875 0.96875
vt 0.6171875 0.03125
vt 0.49999999999999994 0.03125
vt 0.9375000000000001 0.5
vt 0.8093592167691146 0.1906407832308854
vt 0.5 0.5
vt 0.8093592167691146 0.1906407832308854
vt 0.9375000000000001 0.5
vt 0.5 0.5
vt 0.6171875 0.96875
vt 0.734375 0.96875
vt 0.734375 0.03125
vt 0.6171875 0.03125
vt 0.8093592167691146 0.1906407832308854
vt 0.5 0.06249999999999989
vt 0.5 0.5
vt 0.5 0.06249999999999989
vt 0.8093592167691146 0.1906407832308854
vt 0.5 0.5
vt 0.734375 0.96875
vt 0.8515625 0.96875
vt 0.8515625 0.03125
vt 0.734375 0.03125
vt 0.5 0.06249999999999989
vt 0.19064078323088546 0.1906407832308854
vt 0.5 0.5
vt 0.19064078323088546 0.1906407832308854
vt 0.5 0.06249999999999989
vt 0.5 0.5
vt 0.8515625 0.96875
vt 0.9687499999999999 0.96875
vt 0.9687499999999999 0.03125
vt 0.8515625 0.03125
vt 0.19064078323088546 0.1906407832308854
vt 0.0625 0.4999999999999999
vt 0.5 0.5
vt 0.0625 0.4999999999999999
vt 0.19064078323088546 0.1906407832308854
vt 0.5 0.5
vt 0.9687499999999999 0.96875
vt 0.1484375 0.96875
vt 0.1484375 0.03125
vt 0.9687499999999999 0.03125
vt 0.0625 0.4999999999999999
vt 0.1906407832308854 0.8093592167691146
vt 0.5 0.5
vt 0.1906407832308854 0.8093592167691146
vt 0.0625 0.4999999999999999
vt 0.5 0.5
vt 0.1484375 0.96875
vt 0.26562499999999994 0.96875
vt 0.26562499999999994 0.03125
vt 0.1484375 0.03125
vt 0.1906407832308854 0.8093592167691146
vt 0.49999999999999994 0.9375
vt 0.5 0.5
vt 0.49999999999999994 0.9375
vt 0.1906407832308854 0.8093592167691146
vt 0.5 0.5
vt 0.26562499999999994 0.96875
vt 0.3828125 0.96875
vt 0.3828125 0.03125
vt 0.26562499999999994 0.03125
vt 0.49999999999999994 0.9375
vt 0.8093592167691145 0.8093592167691146
vt 0.5 0.5
vt 0.8093592167691145 0.8093592167691146
vt 0.49999999999999994 0.9375
vt 0.5 0.5
vt 0.3828125 0.96875
vt 0.49999999999999994 0.96875
vt 0.49999999999999994 0.03125
vt 0.3828125 0.03125
vt 0.8093592167691145 0.8093592167691146
vt 0.9375000000000001 0.5
vt 0.5 0.5
vt 0.9375000000000001 0.5
vt 0.8093592167691145 0.8093592167691146
vt 0.5 0.5
vn -0.9238795325112868 0 -0.3826834323650898
vn 0 -1 0
vn 0 1 0
vn -0.3826834323650899 0 -0.9238795325112868
vn 0 -1 0
vn 0 1 0
vn 0.3826834323650898 0 -0.923879532511287
vn 0 -1 0
vn 0 1 0
vn 0.9238795325112868 0 -0.3826834323650899
vn 0 -1 0
vn 0 1 0
vn 0.923879532511287 0 0.38268343236508967
vn 0 -1 0
vn 0 1 0
vn 0.3826834323650899 0 0.9238795325112868
vn 0 -1 0
vn 0 1 0
vn -0.38268343236508967 0 0.9238795325112868
vn 0 -1 0
vn 0 1 0
vn -0.9238795325112868 0 0.38268343236509006
vn 0 -1 0
vn 0 1 0
usemtl m_058deebc-0957-a4e2-81f6-9d192cb6ff74
f 482/1865/545 484/1866/545 483/1867/545 481/1868/545
f 481/1869/546 483/1870/546 479/1871/546
f 484/1872/547 482/1873/547 480/1874/547
f 484/1875/548 486/1876/548 485/1877/548 483/1878/548
f 483/1879/549 485/1880/549 479/1881/549
f 486/1882/550 484/1883/550 480/1884/550
f 486/1885/551 488/1886/551 487/1887/551 485/1888/551
f 485/1889/552 487/1890/552 479/1891/552
f 488/1892/553 486/1893/553 480/1894/553
f 488/1895/554 490/1896/554 489/1897/554 487/1898/554
f 487/1899/555 489/1900/555 479/1901/555
f 490/1902/556 488/1903/556 480/1904/556
f 490/1905/557 492/1906/557 491/1907/557 489/1908/557
f 489/1909/558 491/1910/558 479/1911/558
f 492/1912/559 490/1913/559 480/1914/559
f 492/1915/560 494/1916/560 493/1917/560 491/1918/560
f 491/1919/561 493/1920/561 479/1921/561
f 494/1922/562 492/1923/562 480/1924/562
f 494/1925/563 496/1926/563 495/1927/563 493/1928/563
f 493/1929/564 495/1930/564 479/1931/564
f 496/1932/565 494/1933/565 480/1934/565
f 496/1935/566 482/1936/566 481/1937/566 495/1938/566
f 495/1939/567 481/1940/567 479/1941/567
f 482/1942/568 496/1943/568 480/1944/568
o ring_crystal_lower
v 0 1.56875 0
v 0 1.50625 0
v 0.2125 1.56875 0
v 0.2125 1.50625 0
v 0.15026019100214136 1.56875 0.15026019100214133
v 0.15026019100214136 1.50625 0.15026019100214133
v 1.3011872240940627e-17 1.56875 0.2125
v 1.3011872240940627e-17 1.50625 0.2125
v -0.15026019100214133 1.56875 0.15026019100214136
v -0.15026019100214133 1.50625 0.15026019100214136
v -0.2125 1.56875 2.6023744481881253e-17
v -0.2125 1.50625 2.6023744481881253e-17
v -0.15026019100214139 1.56875 -0.15026019100214133
v -0.15026019100214139 1.50625 -0.15026019100214133
v -3.903561672282188e-17 1.56875 -0.2125
v -3.903561672282188e-17 1.50625 -0.2125
v 0.1502601910021413 1.56875 -0.15026019100214139
v 0.1502601910021413 1.50625 -0.15026019100214139
vt 0.49999999999999994 0.96875
vt 0.6171875 0.96875
vt 0.6171875 0.03125
vt 0.49999999999999994 0.03125
vt 0.9375 0.5
vt 0.8093592167691146 0.19064078323088562
vt 0.5 0.5
vt 0.8093592167691146 0.19064078323088562
vt 0.9375 0.5
vt 0.5 0.5
vt 0.6171875 0.96875
vt 0.734375 0.96875
vt 0.734375 0.03125
vt 0.6171875 0.03125
vt 0.8093592167691146 0.19064078323088562
vt 0.5 0.0625
vt 0.5 0.5
vt 0.5 0.0625
vt 0.8093592167691146 0.19064078323088562
vt 0.5 0.5
vt 0.734375 0.96875
vt 0.8515625 0.96875
vt 0.8515625 0.03125
vt 0.734375 0.03125
vt 0.5 0.0625
vt 0.19064078323088549 0.1906407832308854
vt 0.5 0.5
vt 0.19064078323088549 0.1906407832308854
vt 0.5 0.0625
vt 0.5 0.5
vt 0.8515625 0.96875
vt 0.9687499999999999 0.96875
vt 0.9687499999999999 0.03125
vt 0.8515625 0.03125
vt 0.19064078323088549 0.1906407832308854
vt 0.0625 0.4999999999999999
vt 0.5 0.5
vt 0.0625 0.4999999999999999
vt 0.19064078323088549 0.1906407832308854
vt 0.5 0.5
vt 0.9687499999999999 0.96875
vt 0.1484375 0.96875
vt 0.1484375 0.03125
vt 0.9687499999999999 0.03125
vt 0.0625 0.4999999999999999
vt 0.19064078323088537 0.8093592167691145
vt 0.5 0.5
vt 0.19064078323088537 0.8093592167691145
vt 0.0625 0.4999999999999999
vt 0.5 0.5
vt 0.1484375 0.96875
vt 0.26562499999999994 0.96875
vt 0.26562499999999994 0.03125
vt 0.1484375 0.03125
vt 0.19064078323088537 0.8093592167691145
vt 0.49999999999999994 0.9375
vt 0.5 0.5
vt 0.49999999999999994 0.9375
vt 0.19064078323088537 0.8093592167691145
vt 0.5 0.5
vt 0.26562499999999994 0.96875
vt 0.3828125 0.96875
vt 0.3828125 0.03125
vt 0.26562499999999994 0.03125
vt 0.49999999999999994 0.9375
vt 0.8093592167691144 0.8093592167691146
vt 0.5 0.5
vt 0.8093592167691144 0.8093592167691146
vt 0.49999999999999994 0.9375
vt 0.5 0.5
vt 0.3828125 0.96875
vt 0.49999999999999994 0.96875
vt 0.49999999999999994 0.03125
vt 0.3828125 0.03125
vt 0.8093592167691144 0.8093592167691146
vt 0.9375 0.5
vt 0.5 0.5
vt 0.9375 0.5
vt 0.8093592167691144 0.8093592167691146
vt 0.5 0.5
vn -0.9238795325112867 0 -0.3826834323650897
vn 0 -1 0
vn 0 1 0
vn -0.38268343236508984 0 -0.9238795325112867
vn 0 -1 0
vn 0 1 0
vn 0.3826834323650897 0 -0.9238795325112867
vn 0 -1 0
vn 0 1 0
vn 0.9238795325112867 0 -0.3826834323650899
vn 0 -1 0
vn 0 1 0
vn 0.9238795325112868 0 0.38268343236508956
vn 0 -1 0
vn 0 1 0
vn 0.38268343236508984 0 0.9238795325112867
vn 0 -1 0
vn 0 1 0
vn -0.3826834323650896 0 0.9238795325112868
vn 0 -1 0
vn 0 1 0
vn -0.9238795325112867 0 0.3826834323650899
vn 0 -1 0
vn 0 1 0
usemtl m_417023fc-fb60-913a-5dfa-75ba19eb8773
f 500/1945/569 502/1946/569 501/1947/569 499/1948/569
f 499/1949/570 501/1950/570 497/1951/570
f 502/1952/571 500/1953/571 498/1954/571
f 502/1955/572 504/1956/572 503/1957/572 501/1958/572
f 501/1959/573 503/1960/573 497/1961/573
f 504/1962/574 502/1963/574 498/1964/574
f 504/1965/575 506/1966/575 505/1967/575 503/1968/575
f 503/1969/576 505/1970/576 497/1971/576
f 506/1972/577 504/1973/577 498/1974/577
f 506/1975/578 508/1976/578 507/1977/578 505/1978/578
f 505/1979/579 507/1980/579 497/1981/579
f 508/1982/580 506/1983/580 498/1984/580
f 508/1985/581 510/1986/581 509/1987/581 507/1988/581
f 507/1989/582 509/1990/582 497/1991/582
f 510/1992/583 508/1993/583 498/1994/583
f 510/1995/584 512/1996/584 511/1997/584 509/1998/584
f 509/1999/585 511/2000/585 497/2001/585
f 512/2002/586 510/2003/586 498/2004/586
f 512/2005/587 514/2006/587 513/2007/587 511/2008/587
f 511/2009/588 513/2010/588 497/2011/588
f 514/2012/589 512/2013/589 498/2014/589
f 514/2015/590 500/2016/590 499/2017/590 513/2018/590
f 513/2019/591 499/2020/591 497/2021/591
f 500/2022/592 514/2023/592 498/2024/592
o ring_crystal_upper
v 0 1.78125 0
v 0 1.71875 0
v 0.2125 1.78125 0
v 0.2125 1.71875 0
v 0.15026019100214136 1.78125 0.15026019100214133
v 0.15026019100214136 1.71875 0.15026019100214133
v 1.3011872240940627e-17 1.78125 0.2125
v 1.3011872240940627e-17 1.71875 0.2125
v -0.15026019100214133 1.78125 0.15026019100214136
v -0.15026019100214133 1.71875 0.15026019100214136
v -0.2125 1.78125 2.6023744481881253e-17
v -0.2125 1.71875 2.6023744481881253e-17
v -0.15026019100214139 1.78125 -0.15026019100214133
v -0.15026019100214139 1.71875 -0.15026019100214133
v -3.903561672282188e-17 1.78125 -0.2125
v -3.903561672282188e-17 1.71875 -0.2125
v 0.1502601910021413 1.78125 -0.15026019100214139
v 0.1502601910021413 1.71875 -0.15026019100214139
vt 0.49999999999999994 0.96875
vt 0.6171875 0.96875
vt 0.6171875 0.03125
vt 0.49999999999999994 0.03125
vt 0.9375 0.5
vt 0.8093592167691146 0.19064078323088562
vt 0.5 0.5
vt 0.8093592167691146 0.19064078323088562
vt 0.9375 0.5
vt 0.5 0.5
vt 0.6171875 0.96875
vt 0.734375 0.96875
vt 0.734375 0.03125
vt 0.6171875 0.03125
vt 0.8093592167691146 0.19064078323088562
vt 0.5 0.0625
vt 0.5 0.5
vt 0.5 0.0625
vt 0.8093592167691146 0.19064078323088562
vt 0.5 0.5
vt 0.734375 0.96875
vt 0.8515625 0.96875
vt 0.8515625 0.03125
vt 0.734375 0.03125
vt 0.5 0.0625
vt 0.19064078323088549 0.1906407832308854
vt 0.5 0.5
vt 0.19064078323088549 0.1906407832308854
vt 0.5 0.0625
vt 0.5 0.5
vt 0.8515625 0.96875
vt 0.9687499999999999 0.96875
vt 0.9687499999999999 0.03125
vt 0.8515625 0.03125
vt 0.19064078323088549 0.1906407832308854
vt 0.0625 0.4999999999999999
vt 0.5 0.5
vt 0.0625 0.4999999999999999
vt 0.19064078323088549 0.1906407832308854
vt 0.5 0.5
vt 0.9687499999999999 0.96875
vt 0.1484375 0.96875
vt 0.1484375 0.03125
vt 0.9687499999999999 0.03125
vt 0.0625 0.4999999999999999
vt 0.19064078323088537 0.8093592167691145
vt 0.5 0.5
vt 0.19064078323088537 0.8093592167691145
vt 0.0625 0.4999999999999999
vt 0.5 0.5
vt 0.1484375 0.96875
vt 0.26562499999999994 0.96875
vt 0.26562499999999994 0.03125
vt 0.1484375 0.03125
vt 0.19064078323088537 0.8093592167691145
vt 0.49999999999999994 0.9375
vt 0.5 0.5
vt 0.49999999999999994 0.9375
vt 0.19064078323088537 0.8093592167691145
vt 0.5 0.5
vt 0.26562499999999994 0.96875
vt 0.3828125 0.96875
vt 0.3828125 0.03125
vt 0.26562499999999994 0.03125
vt 0.49999999999999994 0.9375
vt 0.8093592167691144 0.8093592167691146
vt 0.5 0.5
vt 0.8093592167691144 0.8093592167691146
vt 0.49999999999999994 0.9375
vt 0.5 0.5
vt 0.3828125 0.96875
vt 0.49999999999999994 0.96875
vt 0.49999999999999994 0.03125
vt 0.3828125 0.03125
vt 0.8093592167691144 0.8093592167691146
vt 0.9375 0.5
vt 0.5 0.5
vt 0.9375 0.5
vt 0.8093592167691144 0.8093592167691146
vt 0.5 0.5
vn -0.9238795325112867 0 -0.3826834323650897
vn 0 -1 0
vn 0 1 0
vn -0.38268343236508984 0 -0.9238795325112867
vn 0 -1 0
vn 0 1 0
vn 0.3826834323650897 0 -0.9238795325112867
vn 0 -1 0
vn 0 1 0
vn 0.9238795325112867 0 -0.3826834323650899
vn 0 -1 0
vn 0 1 0
vn 0.9238795325112868 0 0.38268343236508956
vn 0 -1 0
vn 0 1 0
vn 0.38268343236508984 0 0.9238795325112867
vn 0 -1 0
vn 0 1 0
vn -0.3826834323650896 0 0.9238795325112868
vn 0 -1 0
vn 0 1 0
vn -0.9238795325112867 0 0.3826834323650899
vn 0 -1 0
vn 0 1 0
usemtl m_058deebc-0957-a4e2-81f6-9d192cb6ff74
f 518/2025/593 520/2026/593 519/2027/593 517/2028/593
f 517/2029/594 519/2030/594 515/2031/594
f 520/2032/595 518/2033/595 516/2034/595
f 520/2035/596 522/2036/596 521/2037/596 519/2038/596
f 519/2039/597 521/2040/597 515/2041/597
f 522/2042/598 520/2043/598 516/2044/598
f 522/2045/599 524/2046/599 523/2047/599 521/2048/599
f 521/2049/600 523/2050/600 515/2051/600
f 524/2052/601 522/2053/601 516/2054/601
f 524/2055/602 526/2056/602 525/2057/602 523/2058/602
f 523/2059/603 525/2060/603 515/2061/603
f 526/2062/604 524/2063/604 516/2064/604
f 526/2065/605 528/2066/605 527/2067/605 525/2068/605
f 525/2069/606 527/2070/606 515/2071/606
f 528/2072/607 526/2073/607 516/2074/607
f 528/2075/608 530/2076/608 529/2077/608 527/2078/608
f 527/2079/609 529/2080/609 515/2081/609
f 530/2082/610 528/2083/610 516/2084/610
f 530/2085/611 532/2086/611 531/2087/611 529/2088/611
f 529/2089/612 531/2090/612 515/2091/612
f 532/2092/613 530/2093/613 516/2094/613
f 532/2095/614 518/2096/614 517/2097/614 531/2098/614
f 531/2099/615 517/2100/615 515/2101/615
f 518/2102/616 532/2103/616 516/2104/616
o ring_upper_01
v 0 1.9125 0
v 0 1.85 0
v 0.16875 1.9125 0
v 0.16875 1.85 0
v 0.11932426932522991 1.9125 0.1193242693252299
v 0.11932426932522991 1.85 0.1193242693252299
v 1.0332957367805793e-17 1.9125 0.16875
v 1.0332957367805793e-17 1.85 0.16875
v -0.1193242693252299 1.9125 0.11932426932522991
v -0.1193242693252299 1.85 0.11932426932522991
v -0.16875 1.9125 2.0665914735611586e-17
v -0.16875 1.85 2.0665914735611586e-17
v -0.11932426932522992 1.9125 -0.1193242693252299
v -0.11932426932522992 1.85 -0.1193242693252299
v -3.099887210341738e-17 1.9125 -0.16875
v -3.099887210341738e-17 1.85 -0.16875
v 0.11932426932522987 1.9125 -0.11932426932522992
v 0.11932426932522987 1.85 -0.11932426932522992
vt 0.49999999999999994 0.96875
vt 0.6171875 0.96875
vt 0.6171875 0.03125
vt 0.49999999999999994 0.03125
vt 0.9375 0.5
vt 0.8093592167691146 0.19064078323088562
vt 0.5 0.5
vt 0.8093592167691146 0.19064078323088562
vt 0.9375 0.5
vt 0.5 0.5
vt 0.6171875 0.96875
vt 0.734375 0.96875
vt 0.734375 0.03125
vt 0.6171875 0.03125
vt 0.8093592167691146 0.19064078323088562
vt 0.5 0.0625
vt 0.5 0.5
vt 0.5 0.0625
vt 0.8093592167691146 0.19064078323088562
vt 0.5 0.5
vt 0.734375 0.96875
vt 0.8515625 0.96875
vt 0.8515625 0.03125
vt 0.734375 0.03125
vt 0.5 0.0625
vt 0.19064078323088549 0.1906407832308854
vt 0.5 0.5
vt 0.19064078323088549 0.1906407832308854
vt 0.5 0.0625
vt 0.5 0.5
vt 0.8515625 0.96875
vt 0.9687499999999999 0.96875
vt 0.9687499999999999 0.03125
vt 0.8515625 0.03125
vt 0.19064078323088549 0.1906407832308854
vt 0.0625 0.4999999999999999
vt 0.5 0.5
vt 0.0625 0.4999999999999999
vt 0.19064078323088549 0.1906407832308854
vt 0.5 0.5
vt 0.9687499999999999 0.96875
vt 0.1484375 0.96875
vt 0.1484375 0.03125
vt 0.9687499999999999 0.03125
vt 0.0625 0.4999999999999999
vt 0.1906407832308854 0.8093592167691145
vt 0.5 0.5
vt 0.1906407832308854 0.8093592167691145
vt 0.0625 0.4999999999999999
vt 0.5 0.5
vt 0.1484375 0.96875
vt 0.26562499999999994 0.96875
vt 0.26562499999999994 0.03125
vt 0.1484375 0.03125
vt 0.1906407832308854 0.8093592167691145
vt 0.49999999999999994 0.9375
vt 0.5 0.5
vt 0.49999999999999994 0.9375
vt 0.1906407832308854 0.8093592167691145
vt 0.5 0.5
vt 0.26562499999999994 0.96875
vt 0.3828125 0.96875
vt 0.3828125 0.03125
vt 0.26562499999999994 0.03125
vt 0.49999999999999994 0.9375
vt 0.8093592167691144 0.8093592167691146
vt 0.5 0.5
vt 0.8093592167691144 0.8093592167691146
vt 0.49999999999999994 0.9375
vt 0.5 0.5
vt 0.3828125 0.96875
vt 0.49999999999999994 0.96875
vt 0.49999999999999994 0.03125
vt 0.3828125 0.03125
vt 0.8093592167691144 0.8093592167691146
vt 0.9375 0.5
vt 0.5 0.5
vt 0.9375 0.5
vt 0.8093592167691144 0.8093592167691146
vt 0.5 0.5
vn -0.9238795325112867 0 -0.3826834323650897
vn 0 -1 0
vn 0 1 0
vn -0.38268343236508984 0 -0.9238795325112867
vn 0 -1 0
vn 0 1 0
vn 0.3826834323650897 0 -0.9238795325112868
vn 0 -1 0
vn 0 1 0
vn 0.9238795325112867 0 -0.38268343236508984
vn 0 -1 0
vn 0 1 0
vn 0.9238795325112868 0 0.3826834323650896
vn 0 -1 0
vn 0 1 0
vn 0.38268343236508984 0 0.9238795325112867
vn 0 -1 0
vn 0 1 0
vn -0.3826834323650897 0 0.923879532511287
vn 0 -1 0
vn 0 1 0
vn -0.9238795325112867 0 0.38268343236509
vn 0 -1 0
vn 0 1 0
usemtl m_417023fc-fb60-913a-5dfa-75ba19eb8773
f 536/2105/617 538/2106/617 537/2107/617 535/2108/617
f 535/2109/618 537/2110/618 533/2111/618
f 538/2112/619 536/2113/619 534/2114/619
f 538/2115/620 540/2116/620 539/2117/620 537/2118/620
f 537/2119/621 539/2120/621 533/2121/621
f 540/2122/622 538/2123/622 534/2124/622
f 540/2125/623 542/2126/623 541/2127/623 539/2128/623
f 539/2129/624 541/2130/624 533/2131/624
f 542/2132/625 540/2133/625 534/2134/625
f 542/2135/626 544/2136/626 543/2137/626 541/2138/626
f 541/2139/627 543/2140/627 533/2141/627
f 544/2142/628 542/2143/628 534/2144/628
f 544/2145/629 546/2146/629 545/2147/629 543/2148/629
f 543/2149/630 545/2150/630 533/2151/630
f 546/2152/631 544/2153/631 534/2154/631
f 546/2155/632 548/2156/632 547/2157/632 545/2158/632
f 545/2159/633 547/2160/633 533/2161/633
f 548/2162/634 546/2163/634 534/2164/634
f 548/2165/635 550/2166/635 549/2167/635 547/2168/635
f 547/2169/636 549/2170/636 533/2171/636
f 550/2172/637 548/2173/637 534/2174/637
f 550/2175/638 536/2176/638 535/2177/638 549/2178/638
f 549/2179/639 535/2180/639 533/2181/639
f 536/2182/640 550/2183/640 534/2184/640
o ring_upper_02
v 0 2.025 0
v 0 1.9625 0
v 0.19375 2.025 0
v 0.19375 1.9625 0
v 0.1370019388548936 2.025 0.13700193885489356
v 0.1370019388548936 1.9625 0.13700193885489356
v 1.1863765866739984e-17 2.025 0.19375
v 1.1863765866739984e-17 1.9625 0.19375
v -0.13700193885489356 2.025 0.1370019388548936
v -0.13700193885489356 1.9625 0.1370019388548936
v -0.19375 2.025 2.3727531733479968e-17
v -0.19375 1.9625 2.3727531733479968e-17
v -0.13700193885489362 2.025 -0.13700193885489356
v -0.13700193885489362 1.9625 -0.13700193885489356
v -3.559129760021995e-17 2.025 -0.19375
v -3.559129760021995e-17 1.9625 -0.19375
v 0.13700193885489356 2.025 -0.13700193885489362
v 0.13700193885489356 1.9625 -0.13700193885489362
vt 0.49999999999999994 0.96875
vt 0.6171875 0.96875
vt 0.6171875 0.03125
vt 0.49999999999999994 0.03125
vt 0.9375 0.5
vt 0.8093592167691146 0.1906407832308855
vt 0.5 0.5
vt 0.8093592167691146 0.1906407832308855
vt 0.9375 0.5
vt 0.5 0.5
vt 0.6171875 0.96875
vt 0.734375 0.96875
vt 0.734375 0.03125
vt 0.6171875 0.03125
vt 0.8093592167691146 0.1906407832308855
vt 0.5 0.0625
vt 0.5 0.5
vt 0.5 0.0625
vt 0.8093592167691146 0.1906407832308855
vt 0.5 0.5
vt 0.734375 0.96875
vt 0.8515625 0.96875
vt 0.8515625 0.03125
vt 0.734375 0.03125
vt 0.5 0.0625
vt 0.1906407832308855 0.1906407832308854
vt 0.5 0.5
vt 0.1906407832308855 0.1906407832308854
vt 0.5 0.0625
vt 0.5 0.5
vt 0.8515625 0.96875
vt 0.9687499999999999 0.96875
vt 0.9687499999999999 0.03125
vt 0.8515625 0.03125
vt 0.1906407832308855 0.1906407832308854
vt 0.0625 0.5
vt 0.5 0.5
vt 0.0625 0.5
vt 0.1906407832308855 0.1906407832308854
vt 0.5 0.5
vt 0.9687499999999999 0.96875
vt 0.14843749999999994 0.96875
vt 0.14843749999999994 0.03125
vt 0.9687499999999999 0.03125
vt 0.0625 0.5
vt 0.19064078323088537 0.8093592167691145
vt 0.5 0.5
vt 0.19064078323088537 0.8093592167691145
vt 0.0625 0.5
vt 0.5 0.5
vt 0.14843749999999994 0.96875
vt 0.26562499999999994 0.96875
vt 0.26562499999999994 0.03125
vt 0.14843749999999994 0.03125
vt 0.19064078323088537 0.8093592167691145
vt 0.4999999999999999 0.9375
vt 0.5 0.5
vt 0.4999999999999999 0.9375
vt 0.19064078323088537 0.8093592167691145
vt 0.5 0.5
vt 0.26562499999999994 0.96875
vt 0.3828125 0.96875
vt 0.3828125 0.03125
vt 0.26562499999999994 0.03125
vt 0.4999999999999999 0.9375
vt 0.8093592167691145 0.8093592167691146
vt 0.5 0.5
vt 0.8093592167691145 0.8093592167691146
vt 0.4999999999999999 0.9375
vt 0.5 0.5
vt 0.3828125 0.96875
vt 0.49999999999999994 0.96875
vt 0.49999999999999994 0.03125
vt 0.3828125 0.03125
vt 0.8093592167691145 0.8093592167691146
vt 0.9375 0.5
vt 0.5 0.5
vt 0.9375 0.5
vt 0.8093592167691145 0.8093592167691146
vt 0.5 0.5
vn -0.9238795325112868 0 -0.38268343236508984
vn 0 -1 0
vn 0 1 0
vn -0.38268343236509 0 -0.9238795325112868
vn 0 -1 0
vn 0 1 0
vn 0.38268343236508984 0 -0.9238795325112868
vn 0 -1 0
vn 0 1 0
vn 0.9238795325112868 0 -0.38268343236509006
vn 0 -1 0
vn 0 1 0
vn 0.9238795325112868 0 0.38268343236508956
vn 0 -1 0
vn 0 1 0
vn 0.38268343236509 0 0.9238795325112868
vn 0 -1 0
vn 0 1 0
vn -0.38268343236508956 0 0.9238795325112868
vn 0 -1 0
vn 0 1 0
vn -0.9238795325112868 0 0.38268343236508995
vn 0 -1 0
vn 0 1 0
usemtl m_058deebc-0957-a4e2-81f6-9d192cb6ff74
f 554/2185/641 556/2186/641 555/2187/641 553/2188/641
f 553/2189/642 555/2190/642 551/2191/642
f 556/2192/643 554/2193/643 552/2194/643
f 556/2195/644 558/2196/644 557/2197/644 555/2198/644
f 555/2199/645 557/2200/645 551/2201/645
f 558/2202/646 556/2203/646 552/2204/646
f 558/2205/647 560/2206/647 559/2207/647 557/2208/647
f 557/2209/648 559/2210/648 551/2211/648
f 560/2212/649 558/2213/649 552/2214/649
f 560/2215/650 562/2216/650 561/2217/650 559/2218/650
f 559/2219/651 561/2220/651 551/2221/651
f 562/2222/652 560/2223/652 552/2224/652
f 562/2225/653 564/2226/653 563/2227/653 561/2228/653
f 561/2229/654 563/2230/654 551/2231/654
f 564/2232/655 562/2233/655 552/2234/655
f 564/2235/656 566/2236/656 565/2237/656 563/2238/656
f 563/2239/657 565/2240/657 551/2241/657
f 566/2242/658 564/2243/658 552/2244/658
f 566/2245/659 568/2246/659 567/2247/659 565/2248/659
f 565/2249/660 567/2250/660 551/2251/660
f 568/2252/661 566/2253/661 552/2254/661
f 568/2255/662 554/2256/662 553/2257/662 567/2258/662
f 567/2259/663 553/2260/663 551/2261/663
f 554/2262/664 568/2263/664 552/2264/664
o crystal_core_gem
v -0.004419417382415865 1.7597271824131504 0.21375
v -0.004419417382415865 1.7597271824131504 0.190625
v 0.09722718241315023 1.6580805826175842 0.21375
v 0.09722718241315023 1.6580805826175842 0.190625
v -0.09722718241315023 1.666919417382416 0.190625
v -0.09722718241315023 1.666919417382416 0.21375
v 0.004419417382415865 1.5652728175868498 0.190625
v 0.004419417382415865 1.5652728175868498 0.21375
vt 0 1
vt 1 1
vt 1 0
vt 0 0
vt 0 1
vt 1 1
vt 1 0
vt 0 0
vt 0 1
vt 1 1
vt 1 0
vt 0 0
vt 0 1
vt 1 1
vt 1 0
vt 0 0
vt 0 1
vt 1 1
vt 1 0
vt 0 0
vt 0 1
vt 1 1
vt 1 0
vt 0 0
vn 0 0 -1
vn 0.7071067811865475 0.7071067811865476 0
vn 0 0 1
vn -0.7071067811865475 -0.7071067811865476 0
vn -0.7071067811865476 0.7071067811865475 0
vn 0.7071067811865476 -0.7071067811865475 0
usemtl m_aef76ffc-605b-f0bc-a942-d1dea469ba4c
f 572/2268/665 575/2267/665 573/2266/665 570/2265/665
f 571/2272/666 572/2271/666 570/2270/666 569/2269/666
f 576/2276/667 571/2275/667 569/2274/667 574/2273/667
f 575/2280/668 576/2279/668 574/2278/668 573/2277/668
f 574/2284/669 569/2283/669 570/2282/669 573/2281/669
f 575/2288/670 572/2287/670 571/2286/670 576/2285/670
o crystal_frame_front
v -0.005303300858899122 1.7897792206135787 0.1925
v -0.005303300858899122 1.7897792206135787 0.17625000000000002
v 0.12727922061357855 1.657196699141101 0.1925
v 0.12727922061357855 1.657196699141101 0.17625000000000002
v -0.12727922061357855 1.6678033008588993 0.17625000000000002
v -0.12727922061357855 1.6678033008588993 0.1925
v 0.005303300858899122 1.5352207793864214 0.17625000000000002
v 0.005303300858899122 1.5352207793864214 0.1925
vt 0 1
vt 1 1
vt 1 0
vt 0 0
vt 0 1
vt 1 1
vt 1 0
vt 0 0
vt 0 1
vt 1 1
vt 1 0
vt 0 0
vt 0 1
vt 1 1
vt 1 0
vt 0 0
vt 0 1
vt 1 1
vt 1 0
vt 0 0
vt 0 1
vt 1 1
vt 1 0
vt 0 0
vn 0 0 -1
vn 0.7071067811865475 0.7071067811865476 0
vn 0 0 1
vn -0.7071067811865475 -0.7071067811865476 0
vn -0.7071067811865476 0.7071067811865475 0
vn 0.7071067811865476 -0.7071067811865475 0
usemtl m_417023fc-fb60-913a-5dfa-75ba19eb8773
f 580/2292/671 583/2291/671 581/2290/671 578/2289/671
f 579/2296/672 580/2295/672 578/2294/672 577/2293/672
f 584/2300/673 579/2299/673 577/2298/673 582/2297/673
f 583/2304/674 584/2303/674 582/2302/674 581/2301/674
f 582/2308/675 577/2307/675 578/2306/675 581/2305/675
f 583/2312/676 580/2311/676 579/2310/676 584/2309/676
o crystal_frame_back
v -0.005303300858899122 1.7897792206135787 -0.17625000000000002
v -0.005303300858899122 1.7897792206135787 -0.1925
v 0.12727922061357855 1.657196699141101 -0.17625000000000002
v 0.12727922061357855 1.657196699141101 -0.1925
v -0.12727922061357855 1.6678033008588993 -0.1925
v -0.12727922061357855 1.6678033008588993 -0.17625000000000002
v 0.005303300858899122 1.5352207793864214 -0.1925
v 0.005303300858899122 1.5352207793864214 -0.17625000000000002
vt 0 1
vt 1 1
vt 1 0
vt 0 0
vt 0 1
vt 1 1
vt 1 0
vt 0 0
vt 0 1
vt 1 1
vt 1 0
vt 0 0
vt 0 1
vt 1 1
vt 1 0
vt 0 0
vt 0 1
vt 1 1
vt 1 0
vt 0 0
vt 0 1
vt 1 1
vt 1 0
vt 0 0
vn 0 0 -1
vn 0.7071067811865475 0.7071067811865476 0
vn 0 0 1
vn -0.7071067811865475 -0.7071067811865476 0
vn -0.7071067811865476 0.7071067811865475 0
vn 0.7071067811865476 -0.7071067811865475 0
usemtl m_417023fc-fb60-913a-5dfa-75ba19eb8773
f 588/2316/677 591/2315/677 589/2314/677 586/2313/677
f 587/2320/678 588/2319/678 586/2318/678 585/2317/678
f 592/2324/679 587/2323/679 585/2322/679 590/2321/679
f 591/2328/680 592/2327/680 590/2326/680 589/2325/680
f 590/2332/681 585/2331/681 586/2330/681 589/2329/681
f 591/2336/682 588/2335/682 587/2334/682 592/2333/682
o crystal_core_gem_back
v -0.004419417382415865 1.7597271824131504 -0.190625
v -0.004419417382415865 1.7597271824131504 -0.21375
v 0.09722718241315023 1.6580805826175842 -0.190625
v 0.09722718241315023 1.6580805826175842 -0.21375
v -0.09722718241315023 1.666919417382416 -0.21375
v -0.09722718241315023 1.666919417382416 -0.190625
v 0.004419417382415865 1.5652728175868498 -0.21375
v 0.004419417382415865 1.5652728175868498 -0.190625
vt 0 1
vt 1 1
vt 1 0
vt 0 0
vt 0 1
vt 1 1
vt 1 0
vt 0 0
vt 0 1
vt 1 1
vt 1 0
vt 0 0
vt 0 1
vt 1 1
vt 1 0
vt 0 0
vt 0 1
vt 1 1
vt 1 0
vt 0 0
vt 0 1
vt 1 1
vt 1 0
vt 0 0
vn 0 0 -1
vn 0.7071067811865475 0.7071067811865476 0
vn 0 0 1
vn -0.7071067811865475 -0.7071067811865476 0
vn -0.7071067811865476 0.7071067811865475 0
vn 0.7071067811865476 -0.7071067811865475 0
usemtl m_aef76ffc-605b-f0bc-a942-d1dea469ba4c
f 596/2340/683 599/2339/683 597/2338/683 594/2337/683
f 595/2344/684 596/2343/684 594/2342/684 593/2341/684
f 600/2348/685 595/2347/685 593/2346/685 598/2345/685
f 599/2352/686 600/2351/686 598/2350/686 597/2349/686
f 598/2356/687 593/2355/687 594/2354/687 597/2353/687
f 599/2360/688 596/2359/688 595/2358/688 600/2357/688
o tray_plate
v 0 2.11875 0
v 0 2.05625 0
v 0.484375 2.11875 0
v 0.484375 2.05625 0
v 0.4475041485601545 2.11875 0.18536228755184037
v 0.4475041485601545 2.05625 0.18536228755184037
v 0.342504847137234 2.11875 0.34250484713723395
v 0.342504847137234 2.05625 0.34250484713723395
v 0.1853622875518404 2.11875 0.4475041485601545
v 0.1853622875518404 2.05625 0.4475041485601545
v 2.965941466684996e-17 2.11875 0.484375
v 2.965941466684996e-17 2.05625 0.484375
v -0.18536228755184034 2.11875 0.4475041485601545
v -0.18536228755184034 2.05625 0.4475041485601545
v -0.34250484713723395 2.11875 0.342504847137234
v -0.34250484713723395 2.05625 0.342504847137234
v -0.4475041485601545 2.11875 0.18536228755184042
v -0.4475041485601545 2.05625 0.18536228755184042
v -0.484375 2.11875 5.931882933369992e-17
v -0.484375 2.05625 5.931882933369992e-17
v -0.4475041485601546 2.11875 -0.1853622875518403
v -0.4475041485601546 2.05625 -0.1853622875518403
v -0.34250484713723406 2.11875 -0.34250484713723395
v -0.34250484713723406 2.05625 -0.34250484713723395
v -0.18536228755184064 2.11875 -0.4475041485601544
v -0.18536228755184064 2.05625 -0.4475041485601544
v -8.897824400054988e-17 2.11875 -0.484375
v -8.897824400054988e-17 2.05625 -0.484375
v 0.18536228755184048 2.11875 -0.44750414856015447
v 0.18536228755184048 2.05625 -0.44750414856015447
v 0.3425048471372339 2.11875 -0.34250484713723406
v 0.3425048471372339 2.05625 -0.34250484713723406
v 0.4475041485601544 2.11875 -0.18536228755184067
v 0.4475041485601544 2.05625 -0.18536228755184067
vt 0.49999999999999994 0.96875
vt 0.55859375 0.96875
vt 0.55859375 0.03125
vt 0.49999999999999994 0.03125
vt 0.9375 0.5
vt 0.9041972954736879 0.3325759983402733
vt 0.5 0.5
vt 0.9041972954736879 0.3325759983402733
vt 0.9375 0.5
vt 0.5 0.5
vt 0.55859375 0.96875
vt 0.6171875 0.96875
vt 0.6171875 0.03125
vt 0.55859375 0.03125
vt 0.9041972954736879 0.3325759983402733
vt 0.8093592167691146 0.1906407832308855
vt 0.5 0.5
vt 0.8093592167691146 0.1906407832308855
vt 0.9041972954736879 0.3325759983402733
vt 0.5 0.5
vt 0.6171875 0.96875
vt 0.6757812499999999 0.96875
vt 0.6757812499999999 0.03125
vt 0.6171875 0.03125
vt 0.8093592167691146 0.1906407832308855
vt 0.6674240016597267 0.09580270452631212
vt 0.5 0.5
vt 0.6674240016597267 0.09580270452631212
vt 0.8093592167691146 0.1906407832308855
vt 0.5 0.5
vt 0.6757812499999999 0.96875
vt 0.734375 0.96875
vt 0.734375 0.03125
vt 0.6757812499999999 0.03125
vt 0.6674240016597267 0.09580270452631212
vt 0.5 0.0625
vt 0.5 0.5
vt 0.5 0.0625
vt 0.6674240016597267 0.09580270452631212
vt 0.5 0.5
vt 0.734375 0.96875
vt 0.7929687500000001 0.96875
vt 0.7929687500000001 0.03125
vt 0.734375 0.03125
vt 0.5 0.0625
vt 0.33257599834027324 0.09580270452631212
vt 0.5 0.5
vt 0.33257599834027324 0.09580270452631212
vt 0.5 0.0625
vt 0.5 0.5
vt 0.7929687500000001 0.96875
vt 0.8515625 0.96875
vt 0.8515625 0.03125
vt 0.7929687500000001 0.03125
vt 0.33257599834027324 0.09580270452631212
vt 0.19064078323088546 0.1906407832308854
vt 0.5 0.5
vt 0.19064078323088546 0.1906407832308854
vt 0.33257599834027324 0.09580270452631212
vt 0.5 0.5
vt 0.8515625 0.96875
vt 0.91015625 0.96875
vt 0.91015625 0.03125
vt 0.8515625 0.03125
vt 0.19064078323088546 0.1906407832308854
vt 0.09580270452631204 0.3325759983402733
vt 0.5 0.5
vt 0.09580270452631204 0.3325759983402733
vt 0.19064078323088546 0.1906407832308854
vt 0.5 0.5
vt 0.91015625 0.96875
vt 0.9687499999999999 0.96875
vt 0.9687499999999999 0.03125
vt 0.91015625 0.03125
vt 0.09580270452631204 0.3325759983402733
vt 0.0625 0.5
vt 0.5 0.5
vt 0.0625 0.5
vt 0.09580270452631204 0.3325759983402733
vt 0.5 0.5
vt 0.9687499999999999 0.96875
vt 0.08984374999999993 0.96875
vt 0.08984374999999993 0.03125
vt 0.9687499999999999 0.03125
vt 0.0625 0.5
vt 0.09580270452631198 0.6674240016597268
vt 0.5 0.5
vt 0.09580270452631198 0.6674240016597268
vt 0.0625 0.5
vt 0.5 0.5
vt 0.08984374999999993 0.96875
vt 0.1484375 0.96875
vt 0.1484375 0.03125
vt 0.08984374999999993 0.03125
vt 0.09580270452631198 0.6674240016597268
vt 0.19064078323088537 0.8093592167691146
vt 0.5 0.5
vt 0.19064078323088537 0.8093592167691146
vt 0.09580270452631198 0.6674240016597268
vt 0.5 0.5
vt 0.1484375 0.96875
vt 0.2070312499999999 0.96875
vt 0.2070312499999999 0.03125
vt 0.1484375 0.03125
vt 0.19064078323088537 0.8093592167691146
vt 0.33257599834027296 0.9041972954736879
vt 0.5 0.5
vt 0.33257599834027296 0.9041972954736879
vt 0.19064078323088537 0.8093592167691146
vt 0.5 0.5
vt 0.2070312499999999 0.96875
vt 0.26562499999999994 0.96875
vt 0.26562499999999994 0.03125
vt 0.2070312499999999 0.03125
vt 0.33257599834027296 0.9041972954736879
vt 0.4999999999999999 0.9375
vt 0.5 0.5
vt 0.4999999999999999 0.9375
vt 0.33257599834027296 0.9041972954736879
vt 0.5 0.5
vt 0.26562499999999994 0.96875
vt 0.32421875000000006 0.96875
vt 0.32421875000000006 0.03125
vt 0.26562499999999994 0.03125
vt 0.4999999999999999 0.9375
vt 0.6674240016597268 0.9041972954736879
vt 0.5 0.5
vt 0.6674240016597268 0.9041972954736879
vt 0.4999999999999999 0.9375
vt 0.5 0.5
vt 0.32421875000000006 0.96875
vt 0.3828125 0.96875
vt 0.3828125 0.03125
vt 0.32421875000000006 0.03125
vt 0.6674240016597268 0.9041972954736879
vt 0.8093592167691144 0.8093592167691146
vt 0.5 0.5
vt 0.8093592167691144 0.8093592167691146
vt 0.6674240016597268 0.9041972954736879
vt 0.5 0.5
vt 0.3828125 0.96875
vt 0.4414062499999999 0.96875
vt 0.4414062499999999 0.03125
vt 0.3828125 0.03125
vt 0.8093592167691144 0.8093592167691146
vt 0.9041972954736878 0.667424001659727
vt 0.5 0.5
vt 0.9041972954736878 0.667424001659727
vt 0.8093592167691144 0.8093592167691146
vt 0.5 0.5
vt 0.4414062499999999 0.96875
vt 0.49999999999999994 0.96875
vt 0.49999999999999994 0.03125
vt 0.4414062499999999 0.03125
vt 0.9041972954736878 0.667424001659727
vt 0.9375 0.5
vt 0.5 0.5
vt 0.9375 0.5
vt 0.9041972954736878 0.667424001659727
vt 0.5 0.5
vn -0.9807852804032304 0 -0.19509032201612825
vn 0 -1 0
vn 0 1 0
vn -0.8314696123025453 0 -0.5555702330196021
vn 0 -1 0
vn 0 1 0
vn -0.5555702330196023 0 -0.8314696123025452
vn 0 -1 0
vn 0 1 0
vn -0.19509032201612825 0 -0.9807852804032304
vn 0 -1 0
vn 0 1 0
vn 0.19509032201612825 0 -0.9807852804032304
vn 0 -1 0
vn 0 1 0
vn 0.5555702330196021 0 -0.8314696123025453
vn 0 -1 0
vn 0 1 0
vn 0.8314696123025452 0 -0.5555702330196023
vn 0 -1 0
vn 0 1 0
vn 0.9807852804032304 0 -0.19509032201612825
vn 0 -1 0
vn 0 1 0
vn 0.9807852804032305 0 0.19509032201612797
vn 0 -1 0
vn 0 1 0
vn 0.8314696123025456 0 0.5555702330196021
vn 0 -1 0
vn 0 1 0
vn 0.5555702330196024 0 0.8314696123025453
vn 0 -1 0
vn 0 1 0
vn 0.19509032201612864 0 0.9807852804032304
vn 0 -1 0
vn 0 1 0
vn -0.19509032201612836 0 0.9807852804032305
vn 0 -1 0
vn 0 1 0
vn -0.5555702330196022 0 0.8314696123025455
vn 0 -1 0
vn 0 1 0
vn -0.831469612302545 0 0.5555702330196026
vn 0 -1 0
vn 0 1 0
vn -0.9807852804032304 0 0.19509032201612853
vn 0 -1 0
vn 0 1 0
usemtl m_058deebc-0957-a4e2-81f6-9d192cb6ff74
f 604/2361/689 606/2362/689 605/2363/689 603/2364/689
f 603/2365/690 605/2366/690 601/2367/690
f 606/2368/691 604/2369/691 602/2370/691
f 606/2371/692 608/2372/692 607/2373/692 605/2374/692
f 605/2375/693 607/2376/693 601/2377/693
f 608/2378/694 606/2379/694 602/2380/694
f 608/2381/695 610/2382/695 609/2383/695 607/2384/695
f 607/2385/696 609/2386/696 601/2387/696
f 610/2388/697 608/2389/697 602/2390/697
f 610/2391/698 612/2392/698 611/2393/698 609/2394/698
f 609/2395/699 611/2396/699 601/2397/699
f 612/2398/700 610/2399/700 602/2400/700
f 612/2401/701 614/2402/701 613/2403/701 611/2404/701
f 611/2405/702 613/2406/702 601/2407/702
f 614/2408/703 612/2409/703 602/2410/703
f 614/2411/704 616/2412/704 615/2413/704 613/2414/704
f 613/2415/705 615/2416/705 601/2417/705
f 616/2418/706 614/2419/706 602/2420/706
f 616/2421/707 618/2422/707 617/2423/707 615/2424/707
f 615/2425/708 617/2426/708 601/2427/708
f 618/2428/709 616/2429/709 602/2430/709
f 618/2431/710 620/2432/710 619/2433/710 617/2434/710
f 617/2435/711 619/2436/711 601/2437/711
f 620/2438/712 618/2439/712 602/2440/712
f 620/2441/713 622/2442/713 621/2443/713 619/2444/713
f 619/2445/714 621/2446/714 601/2447/714
f 622/2448/715 620/2449/715 602/2450/715
f 622/2451/716 624/2452/716 623/2453/716 621/2454/716
f 621/2455/717 623/2456/717 601/2457/717
f 624/2458/718 622/2459/718 602/2460/718
f 624/2461/719 626/2462/719 625/2463/719 623/2464/719
f 623/2465/720 625/2466/720 601/2467/720
f 626/2468/721 624/2469/721 602/2470/721
f 626/2471/722 628/2472/722 627/2473/722 625/2474/722
f 625/2475/723 627/2476/723 601/2477/723
f 628/2478/724 626/2479/724 602/2480/724
f 628/2481/725 630/2482/725 629/2483/725 627/2484/725
f 627/2485/726 629/2486/726 601/2487/726
f 630/2488/727 628/2489/727 602/2490/727
f 630/2491/728 632/2492/728 631/2493/728 629/2494/728
f 629/2495/729 631/2496/729 601/2497/729
f 632/2498/730 630/2499/730 602/2500/730
f 632/2501/731 634/2502/731 633/2503/731 631/2504/731
f 631/2505/732 633/2506/732 601/2507/732
f 634/2508/733 632/2509/733 602/2510/733
f 634/2511/734 604/2512/734 603/2513/734 633/2514/734
f 633/2515/735 603/2516/735 601/2517/735
f 604/2518/736 634/2519/736 602/2520/736
o tray_center
v 0 2.178125 0
v 0 2.115625 0
v 0.15625 2.178125 0
v 0.15625 2.115625 0
v 0.13531646934131855 2.178125 0.07812499999999999
v 0.13531646934131855 2.115625 0.07812499999999999
v 0.07812500000000001 2.178125 0.13531646934131852
v 0.07812500000000001 2.115625 0.13531646934131852
v 9.567553118338697e-18 2.178125 0.15625
v 9.567553118338697e-18 2.115625 0.15625
v -0.07812499999999997 2.178125 0.13531646934131855
v -0.07812499999999997 2.115625 0.13531646934131855
v -0.13531646934131855 2.178125 0.07812499999999999
v -0.13531646934131855 2.115625 0.07812499999999999
v -0.15625 2.178125 1.9135106236677395e-17
v -0.15625 2.115625 1.9135106236677395e-17
v -0.13531646934131852 2.178125 -0.07812500000000001
v -0.13531646934131852 2.115625 -0.07812500000000001
v -0.07812500000000007 2.178125 -0.1353164693413185
v -0.07812500000000007 2.115625 -0.1353164693413185
v -2.870265935501609e-17 2.178125 -0.15625
v -2.870265935501609e-17 2.115625 -0.15625
v 0.07812500000000001 2.178125 -0.13531646934131852
v 0.07812500000000001 2.115625 -0.13531646934131852
v 0.1353164693413185 2.178125 -0.07812500000000007
v 0.1353164693413185 2.115625 -0.07812500000000007
vt 0.49999999999999994 0.96875
vt 0.578125 0.96875
vt 0.578125 0.03125
vt 0.49999999999999994 0.03125
vt 0.9375 0.5
vt 0.878886114155692 0.28125
vt 0.5 0.5
vt 0.878886114155692 0.28125
vt 0.9375 0.5
vt 0.5 0.5
vt 0.578125 0.96875
vt 0.6562499999999999 0.96875
vt 0.6562499999999999 0.03125
vt 0.578125 0.03125
vt 0.878886114155692 0.28125
vt 0.71875 0.12111388584430816
vt 0.5 0.5
vt 0.71875 0.12111388584430816
vt 0.878886114155692 0.28125
vt 0.5 0.5
vt 0.6562499999999999 0.96875
vt 0.734375 0.96875
vt 0.734375 0.03125
vt 0.6562499999999999 0.03125
vt 0.71875 0.12111388584430816
vt 0.5 0.0625
vt 0.5 0.5
vt 0.5 0.0625
vt 0.71875 0.12111388584430816
vt 0.5 0.5
vt 0.734375 0.96875
vt 0.8125 0.96875
vt 0.8125 0.03125
vt 0.734375 0.03125
vt 0.5 0.0625
vt 0.2812500000000001 0.12111388584430804
vt 0.5 0.5
vt 0.2812500000000001 0.12111388584430804
vt 0.5 0.0625
vt 0.5 0.5
vt 0.8125 0.96875
vt 0.890625 0.96875
vt 0.890625 0.03125
vt 0.8125 0.03125
vt 0.2812500000000001 0.12111388584430804
vt 0.12111388584430806 0.28125
vt 0.5 0.5
vt 0.12111388584430806 0.28125
vt 0.2812500000000001 0.12111388584430804
vt 0.5 0.5
vt 0.890625 0.96875
vt 0.9687499999999999 0.96875
vt 0.9687499999999999 0.03125
vt 0.890625 0.03125
vt 0.12111388584430806 0.28125
vt 0.0625 0.4999999999999999
vt 0.5 0.5
vt 0.0625 0.4999999999999999
vt 0.12111388584430806 0.28125
vt 0.5 0.5
vt 0.9687499999999999 0.96875
vt 0.10937500000000004 0.96875
vt 0.10937500000000004 0.03125
vt 0.9687499999999999 0.03125
vt 0.0625 0.4999999999999999
vt 0.12111388584430813 0.71875
vt 0.5 0.5
vt 0.12111388584430813 0.71875
vt 0.0625 0.4999999999999999
vt 0.5 0.5
vt 0.10937500000000004 0.96875
vt 0.1874999999999999 0.96875
vt 0.1874999999999999 0.03125
vt 0.10937500000000004 0.03125
vt 0.12111388584430813 0.71875
vt 0.28124999999999983 0.8788861141556918
vt 0.5 0.5
vt 0.28124999999999983 0.8788861141556918
vt 0.12111388584430813 0.71875
vt 0.5 0.5
vt 0.1874999999999999 0.96875
vt 0.26562499999999994 0.96875
vt 0.26562499999999994 0.03125
vt 0.1874999999999999 0.03125
vt 0.28124999999999983 0.8788861141556918
vt 0.4999999999999999 0.9375
vt 0.5 0.5
vt 0.4999999999999999 0.9375
vt 0.28124999999999983 0.8788861141556918
vt 0.5 0.5
vt 0.26562499999999994 0.96875
vt 0.34375000000000006 0.96875
vt 0.34375000000000006 0.03125
vt 0.26562499999999994 0.03125
vt 0.4999999999999999 0.9375
vt 0.71875 0.8788861141556918
vt 0.5 0.5
vt 0.71875 0.8788861141556918
vt 0.4999999999999999 0.9375
vt 0.5 0.5
vt 0.34375000000000006 0.96875
vt 0.42187499999999994 0.96875
vt 0.42187499999999994 0.03125
vt 0.34375000000000006 0.03125
vt 0.71875 0.8788861141556918
vt 0.8788861141556918 0.7187500000000002
vt 0.5 0.5
vt 0.8788861141556918 0.7187500000000002
vt 0.71875 0.8788861141556918
vt 0.5 0.5
vt 0.42187499999999994 0.96875
vt 0.49999999999999994 0.96875
vt 0.49999999999999994 0.03125
vt 0.42187499999999994 0.03125
vt 0.8788861141556918 0.7187500000000002
vt 0.9375 0.5
vt 0.5 0.5
vt 0.9375 0.5
vt 0.8788861141556918 0.7187500000000002
vt 0.5 0.5
vn -0.9659258262890683 0 -0.2588190451025207
vn 0 -1 0
vn 0 1 0
vn -0.7071067811865476 0 -0.7071067811865476
vn 0 -1 0
vn 0 1 0
vn -0.2588190451025209 0 -0.9659258262890682
vn 0 -1 0
vn 0 1 0
vn 0.2588190451025207 0 -0.9659258262890683
vn 0 -1 0
vn 0 1 0
vn 0.7071067811865475 0 -0.7071067811865476
vn 0 -1 0
vn 0 1 0
vn 0.9659258262890683 0 -0.25881904510252074
vn 0 -1 0
vn 0 1 0
vn 0.9659258262890684 0 0.2588190451025209
vn 0 -1 0
vn 0 1 0
vn 0.7071067811865477 0 0.7071067811865474
vn 0 -1 0
vn 0 1 0
vn 0.25881904510252113 0 0.9659258262890683
vn 0 -1 0
vn 0 1 0
vn -0.25881904510252085 0 0.9659258262890684
vn 0 -1 0
vn 0 1 0
vn -0.7071067811865474 0 0.7071067811865477
vn 0 -1 0
vn 0 1 0
vn -0.9659258262890682 0 0.258819045102521
vn 0 -1 0
vn 0 1 0
usemtl m_058deebc-0957-a4e2-81f6-9d192cb6ff74
f 638/2521/737 640/2522/737 639/2523/737 637/2524/737
f 637/2525/738 639/2526/738 635/2527/738
f 640/2528/739 638/2529/739 636/2530/739
f 640/2531/740 642/2532/740 641/2533/740 639/2534/740
f 639/2535/741 641/2536/741 635/2537/741
f 642/2538/742 640/2539/742 636/2540/742
f 642/2541/743 644/2542/743 643/2543/743 641/2544/743
f 641/2545/744 643/2546/744 635/2547/744
f 644/2548/745 642/2549/745 636/2550/745
f 644/2551/746 646/2552/746 645/2553/746 643/2554/746
f 643/2555/747 645/2556/747 635/2557/747
f 646/2558/748 644/2559/748 636/2560/748
f 646/2561/749 648/2562/749 647/2563/749 645/2564/749
f 645/2565/750 647/2566/750 635/2567/750
f 648/2568/751 646/2569/751 636/2570/751
f 648/2571/752 650/2572/752 649/2573/752 647/2574/752
f 647/2575/753 649/2576/753 635/2577/753
f 650/2578/754 648/2579/754 636/2580/754
f 650/2581/755 652/2582/755 651/2583/755 649/2584/755
f 649/2585/756 651/2586/756 635/2587/756
f 652/2588/757 650/2589/757 636/2590/757
f 652/2591/758 654/2592/758 653/2593/758 651/2594/758
f 651/2595/759 653/2596/759 635/2597/759
f 654/2598/760 652/2599/760 636/2600/760
f 654/2601/761 656/2602/761 655/2603/761 653/2604/761
f 653/2605/762 655/2606/762 635/2607/762
f 656/2608/763 654/2609/763 636/2610/763
f 656/2611/764 658/2612/764 657/2613/764 655/2614/764
f 655/2615/765 657/2616/765 635/2617/765
f 658/2618/766 656/2619/766 636/2620/766
f 658/2621/767 660/2622/767 659/2623/767 657/2624/767
f 657/2625/768 659/2626/768 635/2627/768
f 660/2628/769 658/2629/769 636/2630/769
f 660/2631/770 638/2632/770 637/2633/770 659/2634/770
f 659/2635/771 637/2636/771 635/2637/771
f 638/2638/772 660/2639/772 636/2640/772
o tray_gold_rim_01
v 0.5081249999999999 2.145 0.096875
v 0.5081249999999999 2.145 -0.096875
v 0.5081249999999999 2.11375 0.096875
v 0.5081249999999999 2.11375 -0.096875
v 0.473125 2.145 -0.096875
v 0.473125 2.145 0.096875
v 0.473125 2.11375 -0.096875
v 0.473125 2.11375 0.096875
vt 0 1
vt 1 1
vt 1 0
vt 0 0
vt 0 1
vt 1 1
vt 1 0
vt 0 0
vt 0 1
vt 1 1
vt 1 0
vt 0 0
vt 0 1
vt 1 1
vt 1 0
vt 0 0
vt 0 1
vt 1 1
vt 1 0
vt 0 0
vt 0 1
vt 1 1
vt 1 0
vt 0 0
vn 0 0 -1
vn 1 0 0
vn 0 0 1
vn -1 0 0
vn 0 1 0
vn 0 -1 0
usemtl m_417023fc-fb60-913a-5dfa-75ba19eb8773
f 664/2644/773 667/2643/773 665/2642/773 662/2641/773
f 663/2648/774 664/2647/774 662/2646/774 661/2645/774
f 668/2652/775 663/2651/775 661/2650/775 666/2649/775
f 667/2656/776 668/2655/776 666/2654/776 665/2653/776
f 666/2660/777 661/2659/777 662/2658/777 665/2657/777
f 667/2664/778 664/2663/778 663/2662/778 668/2661/778
o tray_gold_rim_02
v 0.4323738299469295 2.145 0.28395184878254215
v 0.5065187449676656 2.145 0.10495018935848036
v 0.4323738299469295 2.11375 0.28395184878254215
v 0.5065187449676656 2.11375 0.10495018935848036
v 0.47418296132977056 2.145 0.0915562692257022
v 0.40003804630903445 2.145 0.270557928649764
v 0.47418296132977056 2.11375 0.0915562692257022
v 0.40003804630903445 2.11375 0.270557928649764
vt 0 1
vt 1 1
vt 1 0
vt 0 0
vt 0 1
vt 1 1
vt 1 0
vt 0 0
vt 0 1
vt 1 1
vt 1 0
vt 0 0
vt 0 1
vt 1 1
vt 1 0
vt 0 0
vt 0 1
vt 1 1
vt 1 0
vt 0 0
vt 0 1
vt 1 1
vt 1 0
vt 0 0
vn 0.3826834323650897 0 -0.9238795325112867
vn 0.9238795325112867 0 0.3826834323650897
vn -0.3826834323650897 0 0.9238795325112867
vn -0.9238795325112867 0 -0.3826834323650897
vn 0 1 0
vn 0 -1 0
usemtl m_417023fc-fb60-913a-5dfa-75ba19eb8773
f 672/2668/779 675/2667/779 673/2666/779 670/2665/779
f 671/2672/780 672/2671/780 670/2670/780 669/2669/780
f 676/2676/781 671/2675/781 669/2674/781 674/2673/781
f 675/2680/782 676/2679/782 674/2678/782 673/2677/782
f 674/2684/783 669/2683/783 670/2682/783 673/2681/783
f 675/2688/784 672/2687/784 671/2686/784 676/2685/784
o tray_gold_rim_03
v 0.2907976637629677 2.145 0.4277996026178612
v 0.42779960261786126 2.145 0.2907976637629676
v 0.2907976637629677 2.11375 0.4277996026178612
v 0.42779960261786126 2.11375 0.2907976637629676
v 0.40305086527633205 2.145 0.2660489264214384
v 0.26604892642143846 2.145 0.403050865276332
v 0.40305086527633205 2.11375 0.2660489264214384
v 0.26604892642143846 2.11375 0.403050865276332
vt 0 1
vt 1 1
vt 1 0
vt 0 0
vt 0 1
vt 1 1
vt 1 0
vt 0 0
vt 0 1
vt 1 1
vt 1 0
vt 0 0
vt 0 1
vt 1 1
vt 1 0
vt 0 0
vt 0 1
vt 1 1
vt 1 0
vt 0 0
vt 0 1
vt 1 1
vt 1 0
vt 0 0
vn 0.7071067811865476 0 -0.7071067811865475
vn 0.7071067811865475 0 0.7071067811865476
vn -0.7071067811865476 0 0.7071067811865475
vn -0.7071067811865475 0 -0.7071067811865476
vn 0 1 0
vn 0 -1 0
usemtl m_417023fc-fb60-913a-5dfa-75ba19eb8773
f 680/2692/785 683/2691/785 681/2690/785 678/2689/785
f 679/2696/786 680/2695/786 678/2694/786 677/2693/786
f 684/2700/787 679/2699/787 677/2698/787 682/2697/787
f 683/2704/788 684/2703/788 682/2702/788 681/2701/788
f 682/2708/789 677/2707/789 678/2706/789 681/2705/789
f 683/2712/790 680/2711/790 679/2710/790 684/2709/790
o tray_gold_rim_04
v 0.10495018935848033 2.145 0.5065187449676657
v 0.2839518487825422 2.145 0.43237382994692947
v 0.10495018935848033 2.11375 0.5065187449676657
v 0.2839518487825422 2.11375 0.43237382994692947
v 0.2705579286497641 2.145 0.40003804630903445
v 0.0915562692257022 2.145 0.4741829613297706
v 0.2705579286497641 2.11375 0.40003804630903445
v 0.0915562692257022 2.11375 0.4741829613297706
vt 0 1
vt 1 1
vt 1 0
vt 0 0
vt 0 1
vt 1 1
vt 1 0
vt 0 0
vt 0 1
vt 1 1
vt 1 0
vt 0 0
vt 0 1
vt 1 1
vt 1 0
vt 0 0
vt 0 1
vt 1 1
vt 1 0
vt 0 0
vt 0 1
vt 1 1
vt 1 0
vt 0 0
vn 0.9238795325112866 0 -0.38268343236508984
vn 0.38268343236508984 0 0.9238795325112866
vn -0.9238795325112866 0 0.38268343236508984
vn -0.38268343236508984 0 -0.9238795325112866
vn 0 1 0
vn 0 -1 0
usemtl m_417023fc-fb60-913a-5dfa-75ba19eb8773
f 688/2716/791 691/2715/791 689/2714/791 686/2713/791
f 687/2720/792 688/2719/792 686/2718/792 685/2717/792
f 692/2724/793 687/2723/793 685/2722/793 690/2721/793
f 691/2728/794 692/2727/794 690/2726/794 689/2725/794
f 690/2732/795 685/2731/795 686/2730/795 689/2729/795
f 691/2736/796 688/2735/796 687/2734/796 692/2733/796
o tray_gold_rim_05
v -0.09687500000000002 2.145 0.508125
v 0.09687500000000007 2.145 0.5081249999999999
v -0.09687500000000002 2.11375 0.508125
v 0.09687500000000007 2.11375 0.5081249999999999
v 0.09687500000000007 2.145 0.47312499999999996
v -0.09687500000000002 2.145 0.473125
v 0.09687500000000007 2.11375 0.47312499999999996
v -0.09687500000000002 2.11375 0.473125
vt 0 1
vt 1 1
vt 1 0
vt 0 0
vt 0 1
vt 1 1
vt 1 0
vt 0 0
vt 0 1
vt 1 1
vt 1 0
vt 0 0
vt 0 1
vt 1 1
vt 1 0
vt 0 0
vt 0 1
vt 1 1
vt 1 0
vt 0 0
vt 0 1
vt 1 1
vt 1 0
vt 0 0
vn 1 0 -2.220446049250313e-16
vn 2.220446049250313e-16 0 1
vn -1 0 2.220446049250313e-16
vn -2.220446049250313e-16 0 -1
vn 0 1 0
vn 0 -1 0
usemtl m_417023fc-fb60-913a-5dfa-75ba19eb8773
f 696/2740/797 699/2739/797 697/2738/797 694/2737/797
f 695/2744/798 696/2743/798 694/2742/798 693/2741/798
f 700/2748/799 695/2747/799 693/2746/799 698/2745/799
f 699/2752/800 700/2751/800 698/2750/800 697/2749/800
f 698/2756/801 693/2755/801 694/2754/801 697/2753/801
f 699/2760/802 696/2759/802 695/2758/802 700/2757/802
o tray_gold_rim_06
v -0.28395184878254215 2.145 0.43237382994692947
v -0.10495018935848026 2.145 0.5065187449676657
v -0.28395184878254215 2.11375 0.43237382994692947
v -0.10495018935848026 2.11375 0.5065187449676657
v -0.09155626922570213 2.145 0.4741829613297706
v -0.270557928649764 2.145 0.40003804630903445
v -0.09155626922570213 2.11375 0.4741829613297706
v -0.270557928649764 2.11375 0.40003804630903445
vt 0 1
vt 1 1
vt 1 0
vt 0 0
vt 0 1
vt 1 1
vt 1 0
vt 0 0
vt 0 1
vt 1 1
vt 1 0
vt 0 0
vt 0 1
vt 1 1
vt 1 0
vt 0 0
vt 0 1
vt 1 1
vt 1 0
vt 0 0
vt 0 1
vt 1 1
vt 1 0
vt 0 0
vn 0.9238795325112868 0 0.38268343236508984
vn -0.38268343236508984 0 0.9238795325112868
vn -0.9238795325112868 0 -0.38268343236508984
vn 0.38268343236508984 0 -0.9238795325112868
vn 0 1 0
vn 0 -1 0
usemtl m_417023fc-fb60-913a-5dfa-75ba19eb8773
f 704/2764/803 707/2763/803 705/2762/803 702/2761/803
f 703/2768/804 704/2767/804 702/2766/804 701/2765/804
f 708/2772/805 703/2771/805 701/2770/805 706/2769/805
f 707/2776/806 708/2775/806 706/2774/806 705/2773/806
f 706/2780/807 701/2779/807 702/2778/807 705/2777/807
f 707/2784/808 704/2783/808 703/2782/808 708/2781/808
o tray_gold_rim_07
v -0.4277996026178612 2.145 0.2907976637629677
v -0.2907976637629676 2.145 0.4277996026178612
v -0.4277996026178612 2.11375 0.2907976637629677
v -0.2907976637629676 2.11375 0.4277996026178612
v -0.2660489264214384 2.145 0.40305086527633205
v -0.403050865276332 2.145 0.2660489264214385
v -0.2660489264214384 2.11375 0.40305086527633205
v -0.403050865276332 2.11375 0.2660489264214385
vt 0 1
vt 1 1
vt 1 0
vt 0 0
vt 0 1
vt 1 1
vt 1 0
vt 0 0
vt 0 1
vt 1 1
vt 1 0
vt 0 0
vt 0 1
vt 1 1
vt 1 0
vt 0 0
vt 0 1
vt 1 1
vt 1 0
vt 0 0
vt 0 1
vt 1 1
vt 1 0
vt 0 0
vn 0.7071067811865477 0 0.7071067811865475
vn -0.7071067811865475 0 0.7071067811865477
vn -0.7071067811865477 0 -0.7071067811865475
vn 0.7071067811865475 0 -0.7071067811865477
vn 0 1 0
vn 0 -1 0
usemtl m_417023fc-fb60-913a-5dfa-75ba19eb8773
f 712/2788/809 715/2787/809 713/2786/809 710/2785/809
f 711/2792/810 712/2791/810 710/2790/810 709/2789/810
f 716/2796/811 711/2795/811 709/2794/811 714/2793/811
f 715/2800/812 716/2799/812 714/2798/812 713/2797/812
f 714/2804/813 709/2803/813 710/2802/813 713/2801/813
f 715/2808/814 712/2807/814 711/2806/814 716/2805/814
o tray_gold_rim_08
v -0.5065187449676657 2.145 0.10495018935848041
v -0.4323738299469295 2.145 0.2839518487825422
v -0.5065187449676657 2.11375 0.10495018935848041
v -0.4323738299469295 2.11375 0.2839518487825422
v -0.40003804630903445 2.145 0.270557928649764
v -0.47418296132977056 2.145 0.09155626922570226
v -0.40003804630903445 2.11375 0.270557928649764
v -0.47418296132977056 2.11375 0.09155626922570226
vt 0 1
vt 1 1
vt 1 0
vt 0 0
vt 0 1
vt 1 1
vt 1 0
vt 0 0
vt 0 1
vt 1 1
vt 1 0
vt 0 0
vt 0 1
vt 1 1
vt 1 0
vt 0 0
vt 0 1
vt 1 1
vt 1 0
vt 0 0
vt 0 1
vt 1 1
vt 1 0
vt 0 0
vn 0.3826834323650899 0 0.9238795325112867
vn -0.9238795325112867 0 0.3826834323650899
vn -0.3826834323650899 0 -0.9238795325112867
vn 0.9238795325112867 0 -0.3826834323650899
vn 0 1 0
vn 0 -1 0
usemtl m_417023fc-fb60-913a-5dfa-75ba19eb8773
f 720/2812/815 723/2811/815 721/2810/815 718/2809/815
f 719/2816/816 720/2815/816 718/2814/816 717/2813/816
f 724/2820/817 719/2819/817 717/2818/817 722/2817/817
f 723/2824/818 724/2823/818 722/2822/818 721/2821/818
f 722/2828/819 717/2827/819 718/2826/819 721/2825/819
f 723/2832/820 720/2831/820 719/2830/820 724/2829/820
o tray_gold_rim_09
v -0.5081249999999999 2.145 -0.09687499999999995
v -0.5081249999999999 2.145 0.09687500000000006
v -0.5081249999999999 2.11375 -0.09687499999999995
v -0.5081249999999999 2.11375 0.09687500000000006
v -0.473125 2.145 0.09687500000000006
v -0.473125 2.145 -0.09687499999999995
v -0.473125 2.11375 0.09687500000000006
v -0.473125 2.11375 -0.09687499999999995
vt 0 1
vt 1 1
vt 1 0
vt 0 0
vt 0 1
vt 1 1
vt 1 0
vt 0 0
vt 0 1
vt 1 1
vt 1 0
vt 0 0
vt 0 1
vt 1 1
vt 1 0
vt 0 0
vt 0 1
vt 1 1
vt 1 0
vt 0 0
vt 0 1
vt 1 1
vt 1 0
vt 0 0
vn 1.2246467991473532e-16 0 1
vn -1 0 1.2246467991473532e-16
vn -1.2246467991473532e-16 0 -1
vn 1 0 -1.2246467991473532e-16
vn 0 1 0
vn 0 -1 0
usemtl m_417023fc-fb60-913a-5dfa-75ba19eb8773
f 728/2836/821 731/2835/821 729/2834/821 726/2833/821
f 727/2840/822 728/2839/822 726/2838/822 725/2837/822
f 732/2844/823 727/2843/823 725/2842/823 730/2841/823
f 731/2848/824 732/2847/824 730/2846/824 729/2845/824
f 730/2852/825 725/2851/825 726/2850/825 729/2849/825
f 731/2856/826 728/2855/826 727/2854/826 732/2853/826
o tray_gold_rim_10
v -0.43237382994692963 2.145 -0.28395184878254187
v -0.5065187449676657 2.145 -0.10495018935848008
v -0.43237382994692963 2.11375 -0.28395184878254187
v -0.5065187449676657 2.11375 -0.10495018935848008
v -0.47418296132977067 2.145 -0.09155626922570193
v -0.40003804630903456 2.145 -0.2705579286497637
v -0.47418296132977067 2.11375 -0.09155626922570193
v -0.40003804630903456 2.11375 -0.2705579286497637
vt 0 1
vt 1 1
vt 1 0
vt 0 0
vt 0 1
vt 1 1
vt 1 0
vt 0 0
vt 0 1
vt 1 1
vt 1 0
vt 0 0
vt 0 1
vt 1 1
vt 1 0
vt 0 0
vt 0 1
vt 1 1
vt 1 0
vt 0 0
vt 0 1
vt 1 1
vt 1 0
vt 0 0
vn -0.3826834323650896 0 0.9238795325112867
vn -0.9238795325112867 0 -0.3826834323650896
vn 0.3826834323650896 0 -0.9238795325112867
vn 0.9238795325112867 0 0.3826834323650896
vn 0 1 0
vn 0 -1 0
usemtl m_417023fc-fb60-913a-5dfa-75ba19eb8773
f 736/2860/827 739/2859/827 737/2858/827 734/2857/827
f 735/2864/828 736/2863/828 734/2862/828 733/2861/828
f 740/2868/829 735/2867/829 733/2866/829 738/2865/829
f 739/2872/830 740/2871/830 738/2870/830 737/2869/830
f 738/2876/831 733/2875/831 734/2874/831 737/2873/831
f 739/2880/832 736/2879/832 735/2878/832 740/2877/832
o tray_gold_rim_11
v -0.29079766376296773 2.145 -0.4277996026178612
v -0.4277996026178613 2.145 -0.2907976637629676
v -0.29079766376296773 2.11375 -0.4277996026178612
v -0.4277996026178613 2.11375 -0.2907976637629676
v -0.4030508652763321 2.145 -0.2660489264214384
v -0.2660489264214385 2.145 -0.403050865276332
v -0.4030508652763321 2.11375 -0.2660489264214384
v -0.2660489264214385 2.11375 -0.403050865276332
vt 0 1
vt 1 1
vt 1 0
vt 0 0
vt 0 1
vt 1 1
vt 1 0
vt 0 0
vt 0 1
vt 1 1
vt 1 0
vt 0 0
vt 0 1
vt 1 1
vt 1 0
vt 0 0
vt 0 1
vt 1 1
vt 1 0
vt 0 0
vt 0 1
vt 1 1
vt 1 0
vt 0 0
vn -0.7071067811865476 0 0.7071067811865476
vn -0.7071067811865476 0 -0.7071067811865476
vn 0.7071067811865476 0 -0.7071067811865476
vn 0.7071067811865476 0 0.7071067811865476
vn 0 1 0
vn 0 -1 0
usemtl m_417023fc-fb60-913a-5dfa-75ba19eb8773
f 744/2884/833 747/2883/833 745/2882/833 742/2881/833
f 743/2888/834 744/2887/834 742/2886/834 741/2885/834
f 748/2892/835 743/2891/835 741/2890/835 746/2889/835
f 747/2896/836 748/2895/836 746/2894/836 745/2893/836
f 746/2900/837 741/2899/837 742/2898/837 745/2897/837
f 747/2904/838 744/2903/838 743/2902/838 748/2901/838
o tray_gold_rim_12
v -0.10495018935848024 2.145 -0.5065187449676657
v -0.283951848782542 2.145 -0.43237382994692947
v -0.10495018935848024 2.11375 -0.5065187449676657
v -0.283951848782542 2.11375 -0.43237382994692947
v -0.2705579286497638 2.145 -0.40003804630903445
v -0.09155626922570209 2.145 -0.4741829613297707
v -0.2705579286497638 2.11375 -0.40003804630903445
v -0.09155626922570209 2.11375 -0.4741829613297707
vt 0 1
vt 1 1
vt 1 0
vt 0 0
vt 0 1
vt 1 1
vt 1 0
vt 0 0
vt 0 1
vt 1 1
vt 1 0
vt 0 0
vt 0 1
vt 1 1
vt 1 0
vt 0 0
vt 0 1
vt 1 1
vt 1 0
vt 0 0
vt 0 1
vt 1 1
vt 1 0
vt 0 0
vn -0.9238795325112865 0 0.3826834323650905
vn -0.3826834323650905 0 -0.9238795325112865
vn 0.9238795325112865 0 -0.3826834323650905
vn 0.3826834323650905 0 0.9238795325112865
vn 0 1 0
vn 0 -1 0
usemtl m_417023fc-fb60-913a-5dfa-75ba19eb8773
f 752/2908/839 755/2907/839 753/2906/839 750/2905/839
f 751/2912/840 752/2911/840 750/2910/840 749/2909/840
f 756/2916/841 751/2915/841 749/2914/841 754/2913/841
f 755/2920/842 756/2919/842 754/2918/842 753/2917/842
f 754/2924/843 749/2923/843 750/2922/843 753/2921/843
f 755/2928/844 752/2927/844 751/2926/844 756/2925/844
o tray_gold_rim_13
v 0.09687499999999996 2.145 -0.508125
v -0.09687500000000013 2.145 -0.5081249999999999
v 0.09687499999999996 2.11375 -0.508125
v -0.09687500000000013 2.11375 -0.5081249999999999
v -0.09687500000000013 2.145 -0.47312499999999996
v 0.09687499999999996 2.145 -0.473125
v -0.09687500000000013 2.11375 -0.47312499999999996
v 0.09687499999999996 2.11375 -0.473125
vt 0 1
vt 1 1
vt 1 0
vt 0 0
vt 0 1
vt 1 1
vt 1 0
vt 0 0
vt 0 1
vt 1 1
vt 1 0
vt 0 0
vt 0 1
vt 1 1
vt 1 0
vt 0 0
vt 0 1
vt 1 1
vt 1 0
vt 0 0
vt 0 1
vt 1 1
vt 1 0
vt 0 0
vn -1 0 2.220446049250313e-16
vn -2.220446049250313e-16 0 -1
vn 1 0 -2.220446049250313e-16
vn 2.220446049250313e-16 0 1
vn 0 1 0
vn 0 -1 0
usemtl m_417023fc-fb60-913a-5dfa-75ba19eb8773
f 760/2932/845 763/2931/845 761/2930/845 758/2929/845
f 759/2936/846 760/2935/846 758/2934/846 757/2933/846
f 764/2940/847 759/2939/847 757/2938/847 762/2937/847
f 763/2944/848 764/2943/848 762/2942/848 761/2941/848
f 762/2948/849 757/2947/849 758/2946/849 761/2945/849
f 763/2952/850 760/2951/850 759/2950/850 764/2949/850
o tray_gold_rim_14
v 0.28395184878254226 2.145 -0.4323738299469295
v 0.10495018935848044 2.145 -0.5065187449676656
v 0.28395184878254226 2.11375 -0.4323738299469295
v 0.10495018935848044 2.11375 -0.5065187449676656
v 0.09155626922570231 2.145 -0.47418296132977045
v 0.27055792864976413 2.145 -0.40003804630903445
v 0.09155626922570231 2.11375 -0.47418296132977045
v 0.27055792864976413 2.11375 -0.40003804630903445
vt 0 1
vt 1 1
vt 1 0
vt 0 0
vt 0 1
vt 1 1
vt 1 0
vt 0 0
vt 0 1
vt 1 1
vt 1 0
vt 0 0
vt 0 1
vt 1 1
vt 1 0
vt 0 0
vt 0 1
vt 1 1
vt 1 0
vt 0 0
vt 0 1
vt 1 1
vt 1 0
vt 0 0
vn -0.923879532511287 0 -0.38268343236508917
vn 0.38268343236508917 0 -0.923879532511287
vn 0.923879532511287 0 0.38268343236508917
vn -0.38268343236508917 0 0.923879532511287
vn 0 1 0
vn 0 -1 0
usemtl m_417023fc-fb60-913a-5dfa-75ba19eb8773
f 768/2956/851 771/2955/851 769/2954/851 766/2953/851
f 767/2960/852 768/2959/852 766/2958/852 765/2957/852
f 772/2964/853 767/2963/853 765/2962/853 770/2961/853
f 771/2968/854 772/2967/854 770/2966/854 769/2965/854
f 770/2972/855 765/2971/855 766/2970/855 769/2969/855
f 771/2976/856 768/2975/856 767/2974/856 772/2973/856
o tray_gold_rim_15
v 0.4277996026178612 2.145 -0.29079766376296773
v 0.2907976637629676 2.145 -0.42779960261786126
v 0.4277996026178612 2.11375 -0.29079766376296773
v 0.2907976637629676 2.11375 -0.42779960261786126
v 0.2660489264214384 2.145 -0.4030508652763321
v 0.403050865276332 2.145 -0.26604892642143857
v 0.2660489264214384 2.11375 -0.4030508652763321
v 0.403050865276332 2.11375 -0.26604892642143857
vt 0 1
vt 1 1
vt 1 0
vt 0 0
vt 0 1
vt 1 1
vt 1 0
vt 0 0
vt 0 1
vt 1 1
vt 1 0
vt 0 0
vt 0 1
vt 1 1
vt 1 0
vt 0 0
vt 0 1
vt 1 1
vt 1 0
vt 0 0
vt 0 1
vt 1 1
vt 1 0
vt 0 0
vn -0.7071067811865477 0 -0.7071067811865474
vn 0.7071067811865474 0 -0.7071067811865477
vn 0.7071067811865477 0 0.7071067811865474
vn -0.7071067811865474 0 0.7071067811865477
vn 0 1 0
vn 0 -1 0
usemtl m_417023fc-fb60-913a-5dfa-75ba19eb8773
f 776/2980/857 779/2979/857 777/2978/857 774/2977/857
f 775/2984/858 776/2983/858 774/2982/858 773/2981/858
f 780/2988/859 775/2987/859 773/2986/859 778/2985/859
f 779/2992/860 780/2991/860 778/2990/860 777/2989/860
f 778/2996/861 773/2995/861 774/2994/861 777/2993/861
f 779/3000/862 776/2999/862 775/2998/862 780/2997/862
o tray_gold_rim_16
v 0.5065187449676657 2.145 -0.10495018935848024
v 0.4323738299469296 2.145 -0.28395184878254204
v 0.5065187449676657 2.11375 -0.10495018935848024
v 0.4323738299469296 2.11375 -0.28395184878254204
v 0.4000380463090345 2.145 -0.2705579286497639
v 0.4741829613297706 2.145 -0.09155626922570209
v 0.4000380463090345 2.11375 -0.2705579286497639
v 0.4741829613297706 2.11375 -0.09155626922570209
vt 0 1
vt 1 1
vt 1 0
vt 0 0
vt 0 1
vt 1 1
vt 1 0
vt 0 0
vt 0 1
vt 1 1
vt 1 0
vt 0 0
vt 0 1
vt 1 1
vt 1 0
vt 0 0
vt 0 1
vt 1 1
vt 1 0
vt 0 0
vt 0 1
vt 1 1
vt 1 0
vt 0 0
vn -0.38268343236508956 0 -0.9238795325112868
vn 0.9238795325112868 0 -0.38268343236508956
vn 0.38268343236508956 0 0.9238795325112868
vn -0.9238795325112868 0 0.38268343236508956
vn 0 1 0
vn 0 -1 0
usemtl m_417023fc-fb60-913a-5dfa-75ba19eb8773
f 784/3004/863 787/3003/863 785/3002/863 782/3001/863
f 783/3008/864 784/3007/864 782/3006/864 781/3005/864
f 788/3012/865 783/3011/865 781/3010/865 786/3009/865
f 787/3016/866 788/3015/866 786/3014/866 785/3013/866
f 786/3020/867 781/3019/867 782/3018/867 785/3017/867
f 787/3024/868 784/3023/868 783/3022/868 788/3021/868
o tray_ornament_01
v 0.31375 2.12875 0.0625
v 0.31375 2.12875 -0.0625
v 0.31375 2.12 0.0625
v 0.31375 2.12 -0.0625
v 0.28625 2.12875 -0.0625
v 0.28625 2.12875 0.0625
v 0.28625 2.12 -0.0625
v 0.28625 2.12 0.0625
vt 0 1
vt 1 1
vt 1 0
vt 0 0
vt 0 1
vt 1 1
vt 1 0
vt 0 0
vt 0 1
vt 1 1
vt 1 0
vt 0 0
vt 0 1
vt 1 1
vt 1 0
vt 0 0
vt 0 1
vt 1 1
vt 1 0
vt 0 0
vt 0 1
vt 1 1
vt 1 0
vt 0 0
vn 0 0 -1
vn 1 0 0
vn 0 0 1
vn -1 0 0
vn 0 1 0
vn 0 -1 0
usemtl m_417023fc-fb60-913a-5dfa-75ba19eb8773
f 792/3028/869 795/3027/869 793/3026/869 790/3025/869
f 791/3032/870 792/3031/870 790/3030/870 789/3029/870
f 796/3036/871 791/3035/871 789/3034/871 794/3033/871
f 795/3040/872 796/3039/872 794/3038/872 793/3037/872
f 794/3044/873 789/3043/873 790/3042/873 793/3041/873
f 795/3048/874 792/3047/874 791/3046/874 796/3045/874
o tray_ornament_02
v 0.17766057877312008 2.12875 0.26604892642143846
v 0.2660489264214385 2.12875 0.17766057877312005
v 0.17766057877312008 2.12 0.26604892642143846
v 0.2660489264214385 2.12 0.17766057877312005
v 0.24660348993880843 2.12875 0.15821514229048997
v 0.15821514229049 2.12875 0.2466034899388084
v 0.24660348993880843 2.12 0.15821514229048997
v 0.15821514229049 2.12 0.2466034899388084
vt 0 1
vt 1 1
vt 1 0
vt 0 0
vt 0 1
vt 1 1
vt 1 0
vt 0 0
vt 0 1
vt 1 1
vt 1 0
vt 0 0
vt 0 1
vt 1 1
vt 1 0
vt 0 0
vt 0 1
vt 1 1
vt 1 0
vt 0 0
vt 0 1
vt 1 1
vt 1 0
vt 0 0
vn 0.7071067811865476 0 -0.7071067811865475
vn 0.7071067811865475 0 0.7071067811865476
vn -0.7071067811865476 0 0.7071067811865475
vn -0.7071067811865475 0 -0.7071067811865476
vn 0 1 0
vn 0 -1 0
usemtl m_417023fc-fb60-913a-5dfa-75ba19eb8773
f 800/3052/875 803/3051/875 801/3050/875 798/3049/875
f 799/3056/876 800/3055/876 798/3054/876 797/3053/876
f 804/3060/877 799/3059/877 797/3058/877 802/3057/877
f 803/3064/878 804/3063/878 802/3062/878 801/3061/878
f 802/3068/879 797/3067/879 798/3066/879 801/3065/879
f 803/3072/880 800/3071/880 799/3070/880 804/3069/880
o tray_ornament_03
v -0.06249999999999998 2.12875 0.31375000000000003
v 0.06250000000000001 2.12875 0.31375
v -0.06249999999999998 2.12 0.31375000000000003
v 0.06250000000000001 2.12 0.31375
v 0.06250000000000001 2.12875 0.28624999999999995
v -0.06249999999999998 2.12875 0.28625
v 0.06250000000000001 2.12 0.28624999999999995
v -0.06249999999999998 2.12 0.28625
vt 0 1
vt 1 1
vt 1 0
vt 0 0
vt 0 1
vt 1 1
vt 1 0
vt 0 0
vt 0 1
vt 1 1
vt 1 0
vt 0 0
vt 0 1
vt 1 1
vt 1 0
vt 0 0
vt 0 1
vt 1 1
vt 1 0
vt 0 0
vt 0 1
vt 1 1
vt 1 0
vt 0 0
vn 1 0 -2.220446049250313e-16
vn 2.220446049250313e-16 0 1
vn -1 0 2.220446049250313e-16
vn -2.220446049250313e-16 0 -1
vn 0 1 0
vn 0 -1 0
usemtl m_417023fc-fb60-913a-5dfa-75ba19eb8773
f 808/3076/881 811/3075/881 809/3074/881 806/3073/881
f 807/3080/882 808/3079/882 806/3078/882 805/3077/882
f 812/3084/883 807/3083/883 805/3082/883 810/3081/883
f 811/3088/884 812/3087/884 810/3086/884 809/3085/884
f 810/3092/885 805/3091/885 806/3090/885 809/3089/885
f 811/3096/886 808/3095/886 807/3094/886 812/3093/886
o tray_ornament_04
v -0.2660489264214385 2.12875 0.17766057877312005
v -0.17766057877312005 2.12875 0.2660489264214385
v -0.2660489264214385 2.12 0.17766057877312005
v -0.17766057877312005 2.12 0.2660489264214385
v -0.15821514229049 2.12875 0.24660348993880843
v -0.24660348993880843 2.12875 0.15821514229049
v -0.15821514229049 2.12 0.24660348993880843
v -0.24660348993880843 2.12 0.15821514229049
vt 0 1
vt 1 1
vt 1 0
vt 0 0
vt 0 1
vt 1 1
vt 1 0
vt 0 0
vt 0 1
vt 1 1
vt 1 0
vt 0 0
vt 0 1
vt 1 1
vt 1 0
vt 0 0
vt 0 1
vt 1 1
vt 1 0
vt 0 0
vt 0 1
vt 1 1
vt 1 0
vt 0 0
vn 0.7071067811865477 0 0.7071067811865475
vn -0.7071067811865475 0 0.7071067811865477
vn -0.7071067811865477 0 -0.7071067811865475
vn 0.7071067811865475 0 -0.7071067811865477
vn 0 1 0
vn 0 -1 0
usemtl m_417023fc-fb60-913a-5dfa-75ba19eb8773
f 816/3100/887 819/3099/887 817/3098/887 814/3097/887
f 815/3104/888 816/3103/888 814/3102/888 813/3101/888
f 820/3108/889 815/3107/889 813/3106/889 818/3105/889
f 819/3112/890 820/3111/890 818/3110/890 817/3109/890
f 818/3116/891 813/3115/891 814/3114/891 817/3113/891
f 819/3120/892 816/3119/892 815/3118/892 820/3117/892
o tray_ornament_05
v -0.31375 2.12875 -0.06249999999999996
v -0.31375 2.12875 0.06250000000000004
v -0.31375 2.12 -0.06249999999999996
v -0.31375 2.12 0.06250000000000004
v -0.28625 2.12875 0.06250000000000004
v -0.28625 2.12875 -0.06249999999999996
v -0.28625 2.12 0.06250000000000004
v -0.28625 2.12 -0.06249999999999996
vt 0 1
vt 1 1
vt 1 0
vt 0 0
vt 0 1
vt 1 1
vt 1 0
vt 0 0
vt 0 1
vt 1 1
vt 1 0
vt 0 0
vt 0 1
vt 1 1
vt 1 0
vt 0 0
vt 0 1
vt 1 1
vt 1 0
vt 0 0
vt 0 1
vt 1 1
vt 1 0
vt 0 0
vn 1.2246467991473532e-16 0 1
vn -1 0 1.2246467991473532e-16
vn -1.2246467991473532e-16 0 -1
vn 1 0 -1.2246467991473532e-16
vn 0 1 0
vn 0 -1 0
usemtl m_417023fc-fb60-913a-5dfa-75ba19eb8773
f 824/3124/893 827/3123/893 825/3122/893 822/3121/893
f 823/3128/894 824/3127/894 822/3126/894 821/3125/894
f 828/3132/895 823/3131/895 821/3130/895 826/3129/895
f 827/3136/896 828/3135/896 826/3134/896 825/3133/896
f 826/3140/897 821/3139/897 822/3138/897 825/3137/897
f 827/3144/898 824/3143/898 823/3142/898 828/3141/898
o tray_ornament_06
v -0.17766057877312014 2.12875 -0.26604892642143846
v -0.26604892642143857 2.12875 -0.17766057877312005
v -0.17766057877312014 2.12 -0.26604892642143846
v -0.26604892642143857 2.12 -0.17766057877312005
v -0.24660348993880848 2.12875 -0.15821514229048997
v -0.15821514229049005 2.12875 -0.2466034899388084
v -0.24660348993880848 2.12 -0.15821514229048997
v -0.15821514229049005 2.12 -0.2466034899388084
vt 0 1
vt 1 1
vt 1 0
vt 0 0
vt 0 1
vt 1 1
vt 1 0
vt 0 0
vt 0 1
vt 1 1
vt 1 0
vt 0 0
vt 0 1
vt 1 1
vt 1 0
vt 0 0
vt 0 1
vt 1 1
vt 1 0
vt 0 0
vt 0 1
vt 1 1
vt 1 0
vt 0 0
vn -0.7071067811865476 0 0.7071067811865476
vn -0.7071067811865476 0 -0.7071067811865476
vn 0.7071067811865476 0 -0.7071067811865476
vn 0.7071067811865476 0 0.7071067811865476
vn 0 1 0
vn 0 -1 0
usemtl m_417023fc-fb60-913a-5dfa-75ba19eb8773
f 832/3148/899 835/3147/899 833/3146/899 830/3145/899
f 831/3152/900 832/3151/900 830/3150/900 829/3149/900
f 836/3156/901 831/3155/901 829/3154/901 834/3153/901
f 835/3160/902 836/3159/902 834/3158/902 833/3157/902
f 834/3164/903 829/3163/903 830/3162/903 833/3161/903
f 835/3168/904 832/3167/904 831/3166/904 836/3165/904
o tray_ornament_07
v 0.062499999999999944 2.12875 -0.31375000000000003
v -0.06250000000000006 2.12875 -0.31375
v 0.062499999999999944 2.12 -0.31375000000000003
v -0.06250000000000006 2.12 -0.31375
v -0.06250000000000006 2.12875 -0.28624999999999995
v 0.062499999999999944 2.12875 -0.28625
v -0.06250000000000006 2.12 -0.28624999999999995
v 0.062499999999999944 2.12 -0.28625
vt 0 1
vt 1 1
vt 1 0
vt 0 0
vt 0 1
vt 1 1
vt 1 0
vt 0 0
vt 0 1
vt 1 1
vt 1 0
vt 0 0
vt 0 1
vt 1 1
vt 1 0
vt 0 0
vt 0 1
vt 1 1
vt 1 0
vt 0 0
vt 0 1
vt 1 1
vt 1 0
vt 0 0
vn -1 0 2.220446049250313e-16
vn -2.220446049250313e-16 0 -1
vn 1 0 -2.220446049250313e-16
vn 2.220446049250313e-16 0 1
vn 0 1 0
vn 0 -1 0
usemtl m_417023fc-fb60-913a-5dfa-75ba19eb8773
f 840/3172/905 843/3171/905 841/3170/905 838/3169/905
f 839/3176/906 840/3175/906 838/3174/906 837/3173/906
f 844/3180/907 839/3179/907 837/3178/907 842/3177/907
f 843/3184/908 844/3183/908 842/3182/908 841/3181/908
f 842/3188/909 837/3187/909 838/3186/909 841/3185/909
f 843/3192/910 840/3191/910 839/3190/910 844/3189/910
o tray_ornament_08
v 0.2660489264214385 2.12875 -0.17766057877312014
v 0.17766057877312003 2.12875 -0.2660489264214385
v 0.2660489264214385 2.12 -0.17766057877312014
v 0.17766057877312003 2.12 -0.2660489264214385
v 0.15821514229048994 2.12875 -0.24660348993880846
v 0.24660348993880843 2.12875 -0.15821514229049005
v 0.15821514229048994 2.12 -0.24660348993880846
v 0.24660348993880843 2.12 -0.15821514229049005
vt 0 1
vt 1 1
vt 1 0
vt 0 0
vt 0 1
vt 1 1
vt 1 0
vt 0 0
vt 0 1
vt 1 1
vt 1 0
vt 0 0
vt 0 1
vt 1 1
vt 1 0
vt 0 0
vt 0 1
vt 1 1
vt 1 0
vt 0 0
vt 0 1
vt 1 1
vt 1 0
vt 0 0
vn -0.7071067811865477 0 -0.7071067811865474
vn 0.7071067811865474 0 -0.7071067811865477
vn 0.7071067811865477 0 0.7071067811865474
vn -0.7071067811865474 0 0.7071067811865477
vn 0 1 0
vn 0 -1 0
usemtl m_417023fc-fb60-913a-5dfa-75ba19eb8773
f 848/3196/911 851/3195/911 849/3194/911 846/3193/911
f 847/3200/912 848/3199/912 846/3198/912 845/3197/912
f 852/3204/913 847/3203/913 845/3202/913 850/3201/913
f 851/3208/914 852/3207/914 850/3206/914 849/3205/914
f 850/3212/915 845/3211/915 846/3210/915 849/3209/915
f 851/3216/916 848/3215/916 847/3214/916 852/3213/916
o bowl_pedestal
v 0 2.20625 0
v 0 2.14375 0
v 0.13125 2.20625 0
v 0.13125 2.14375 0
v 0.09280776503073437 2.20625 0.09280776503073436
v 0.09280776503073437 2.14375 0.09280776503073436
v 8.036744619404506e-18 2.20625 0.13125
v 8.036744619404506e-18 2.14375 0.13125
v -0.09280776503073436 2.20625 0.09280776503073437
v -0.09280776503073436 2.14375 0.09280776503073437
v -0.13125 2.20625 1.6073489238809012e-17
v -0.13125 2.14375 1.6073489238809012e-17
v -0.09280776503073439 2.20625 -0.09280776503073436
v -0.09280776503073439 2.14375 -0.09280776503073436
v -2.4110233858213517e-17 2.20625 -0.13125
v -2.4110233858213517e-17 2.14375 -0.13125
v 0.09280776503073435 2.20625 -0.09280776503073439
v 0.09280776503073435 2.14375 -0.09280776503073439
vt 0.49999999999999994 0.96875
vt 0.6171875 0.96875
vt 0.6171875 0.03125
vt 0.49999999999999994 0.03125
vt 0.9375 0.5
vt 0.8093592167691145 0.1906407832308855
vt 0.5 0.5
vt 0.8093592167691145 0.1906407832308855
vt 0.9375 0.5
vt 0.5 0.5
vt 0.6171875 0.96875
vt 0.734375 0.96875
vt 0.734375 0.03125
vt 0.6171875 0.03125
vt 0.8093592167691145 0.1906407832308855
vt 0.5 0.0625
vt 0.5 0.5
vt 0.5 0.0625
vt 0.8093592167691145 0.1906407832308855
vt 0.5 0.5
vt 0.734375 0.96875
vt 0.8515625 0.96875
vt 0.8515625 0.03125
vt 0.734375 0.03125
vt 0.5 0.0625
vt 0.19064078323088549 0.1906407832308855
vt 0.5 0.5
vt 0.19064078323088549 0.1906407832308855
vt 0.5 0.0625
vt 0.5 0.5
vt 0.8515625 0.96875
vt 0.9687499999999999 0.96875
vt 0.9687499999999999 0.03125
vt 0.8515625 0.03125
vt 0.19064078323088549 0.1906407832308855
vt 0.0625 0.5
vt 0.5 0.5
vt 0.0625 0.5
vt 0.19064078323088549 0.1906407832308855
vt 0.5 0.5
vt 0.9687499999999999 0.96875
vt 0.1484375 0.96875
vt 0.1484375 0.03125
vt 0.9687499999999999 0.03125
vt 0.0625 0.5
vt 0.19064078323088537 0.8093592167691145
vt 0.5 0.5
vt 0.19064078323088537 0.8093592167691145
vt 0.0625 0.5
vt 0.5 0.5
vt 0.1484375 0.96875
vt 0.26562499999999994 0.96875
vt 0.26562499999999994 0.03125
vt 0.1484375 0.03125
vt 0.19064078323088537 0.8093592167691145
vt 0.4999999999999999 0.9375
vt 0.5 0.5
vt 0.4999999999999999 0.9375
vt 0.19064078323088537 0.8093592167691145
vt 0.5 0.5
vt 0.26562499999999994 0.96875
vt 0.3828125 0.96875
vt 0.3828125 0.03125
vt 0.26562499999999994 0.03125
vt 0.4999999999999999 0.9375
vt 0.8093592167691145 0.8093592167691146
vt 0.5 0.5
vt 0.8093592167691145 0.8093592167691146
vt 0.4999999999999999 0.9375
vt 0.5 0.5
vt 0.3828125 0.96875
vt 0.49999999999999994 0.96875
vt 0.49999999999999994 0.03125
vt 0.3828125 0.03125
vt 0.8093592167691145 0.8093592167691146
vt 0.9375 0.5
vt 0.5 0.5
vt 0.9375 0.5
vt 0.8093592167691145 0.8093592167691146
vt 0.5 0.5
vn -0.9238795325112867 0 -0.3826834323650897
vn 0 -1 0
vn 0 1 0
vn -0.38268343236508984 0 -0.9238795325112867
vn 0 -1 0
vn 0 1 0
vn 0.3826834323650898 0 -0.923879532511287
vn 0 -1 0
vn 0 1 0
vn 0.9238795325112867 0 -0.38268343236508984
vn 0 -1 0
vn 0 1 0
vn 0.9238795325112868 0 0.38268343236508956
vn 0 -1 0
vn 0 1 0
vn 0.38268343236508984 0 0.9238795325112867
vn 0 -1 0
vn 0 1 0
vn -0.38268343236508956 0 0.9238795325112868
vn 0 -1 0
vn 0 1 0
vn -0.9238795325112868 0 0.38268343236508995
vn 0 -1 0
vn 0 1 0
usemtl m_058deebc-0957-a4e2-81f6-9d192cb6ff74
f 856/3217/917 858/3218/917 857/3219/917 855/3220/917
f 855/3221/918 857/3222/918 853/3223/918
f 858/3224/919 856/3225/919 854/3226/919
f 858/3227/920 860/3228/920 859/3229/920 857/3230/920
f 857/3231/921 859/3232/921 853/3233/921
f 860/3234/922 858/3235/922 854/3236/922
f 860/3237/923 862/3238/923 861/3239/923 859/3240/923
f 859/3241/924 861/3242/924 853/3243/924
f 862/3244/925 860/3245/925 854/3246/925
f 862/3247/926 864/3248/926 863/3249/926 861/3250/926
f 861/3251/927 863/3252/927 853/3253/927
f 864/3254/928 862/3255/928 854/3256/928
f 864/3257/929 866/3258/929 865/3259/929 863/3260/929
f 863/3261/930 865/3262/930 853/3263/930
f 866/3264/931 864/3265/931 854/3266/931
f 866/3267/932 868/3268/932 867/3269/932 865/3270/932
f 865/3271/933 867/3272/933 853/3273/933
f 868/3274/934 866/3275/934 854/3276/934
f 868/3277/935 870/3278/935 869/3279/935 867/3280/935
f 867/3281/936 869/3282/936 853/3283/936
f 870/3284/937 868/3285/937 854/3286/937
f 870/3287/938 856/3288/938 855/3289/938 869/3290/938
f 869/3291/939 855/3292/939 853/3293/939
f 856/3294/940 870/3295/940 854/3296/940
o bowl_lower
v 0 2.2781249999999997 0
v 0 2.196875 0
v 0.18125 2.2781249999999997 0
v 0.18125 2.196875 0
v 0.12816310409006174 2.2781249999999997 0.12816310409006174
v 0.12816310409006174 2.196875 0.12816310409006174
v 1.1098361617272889e-17 2.2781249999999997 0.18125
v 1.1098361617272889e-17 2.196875 0.18125
v -0.12816310409006174 2.2781249999999997 0.12816310409006174
v -0.12816310409006174 2.196875 0.12816310409006174
v -0.18125 2.2781249999999997 2.2196723234545777e-17
v -0.18125 2.196875 2.2196723234545777e-17
v -0.12816310409006176 2.2781249999999997 -0.12816310409006174
v -0.12816310409006176 2.196875 -0.12816310409006174
v -3.3295084851818664e-17 2.2781249999999997 -0.18125
v -3.3295084851818664e-17 2.196875 -0.18125
v 0.1281631040900617 2.2781249999999997 -0.12816310409006176
v 0.1281631040900617 2.196875 -0.12816310409006176
vt 0.49999999999999994 0.96875
vt 0.6171875 0.96875
vt 0.6171875 0.03125
vt 0.49999999999999994 0.03125
vt 0.9375000000000001 0.5
vt 0.8093592167691146 0.1906407832308854
vt 0.5 0.5
vt 0.8093592167691146 0.1906407832308854
vt 0.9375000000000001 0.5
vt 0.5 0.5
vt 0.6171875 0.96875
vt 0.734375 0.96875
vt 0.734375 0.03125
vt 0.6171875 0.03125
vt 0.8093592167691146 0.1906407832308854
vt 0.5 0.06249999999999989
vt 0.5 0.5
vt 0.5 0.06249999999999989
vt 0.8093592167691146 0.1906407832308854
vt 0.5 0.5
vt 0.734375 0.96875
vt 0.8515625 0.96875
vt 0.8515625 0.03125
vt 0.734375 0.03125
vt 0.5 0.06249999999999989
vt 0.19064078323088546 0.1906407832308854
vt 0.5 0.5
vt 0.19064078323088546 0.1906407832308854
vt 0.5 0.06249999999999989
vt 0.5 0.5
vt 0.8515625 0.96875
vt 0.9687499999999999 0.96875
vt 0.9687499999999999 0.03125
vt 0.8515625 0.03125
vt 0.19064078323088546 0.1906407832308854
vt 0.0625 0.4999999999999999
vt 0.5 0.5
vt 0.0625 0.4999999999999999
vt 0.19064078323088546 0.1906407832308854
vt 0.5 0.5
vt 0.9687499999999999 0.96875
vt 0.1484375 0.96875
vt 0.1484375 0.03125
vt 0.9687499999999999 0.03125
vt 0.0625 0.4999999999999999
vt 0.1906407832308854 0.8093592167691146
vt 0.5 0.5
vt 0.1906407832308854 0.8093592167691146
vt 0.0625 0.4999999999999999
vt 0.5 0.5
vt 0.1484375 0.96875
vt 0.26562499999999994 0.96875
vt 0.26562499999999994 0.03125
vt 0.1484375 0.03125
vt 0.1906407832308854 0.8093592167691146
vt 0.49999999999999994 0.9375
vt 0.5 0.5
vt 0.49999999999999994 0.9375
vt 0.1906407832308854 0.8093592167691146
vt 0.5 0.5
vt 0.26562499999999994 0.96875
vt 0.3828125 0.96875
vt 0.3828125 0.03125
vt 0.26562499999999994 0.03125
vt 0.49999999999999994 0.9375
vt 0.8093592167691146 0.8093592167691146
vt 0.5 0.5
vt 0.8093592167691146 0.8093592167691146
vt 0.49999999999999994 0.9375
vt 0.5 0.5
vt 0.3828125 0.96875
vt 0.49999999999999994 0.96875
vt 0.49999999999999994 0.03125
vt 0.3828125 0.03125
vt 0.8093592167691146 0.8093592167691146
vt 0.9375000000000001 0.5
vt 0.5 0.5
vt 0.9375000000000001 0.5
vt 0.8093592167691146 0.8093592167691146
vt 0.5 0.5
vn -0.9238795325112867 0 -0.3826834323650898
vn 0 -1 0
vn 0 1 0
vn -0.3826834323650898 0 -0.9238795325112867
vn 0 -1 0
vn 0 1 0
vn 0.3826834323650898 0 -0.9238795325112867
vn 0 -1 0
vn 0 1 0
vn 0.9238795325112866 0 -0.38268343236508984
vn 0 -1 0
vn 0 1 0
vn 0.9238795325112868 0 0.3826834323650895
vn 0 -1 0
vn 0 1 0
vn 0.3826834323650898 0 0.9238795325112867
vn 0 -1 0
vn 0 1 0
vn -0.38268343236508956 0 0.9238795325112868
vn 0 -1 0
vn 0 1 0
vn -0.9238795325112867 0 0.38268343236508984
vn 0 -1 0
vn 0 1 0
usemtl m_a719c6db-a406-18c0-f50b-a48c244c40ef
f 874/3297/941 876/3298/941 875/3299/941 873/3300/941
f 873/3301/942 875/3302/942 871/3303/942
f 876/3304/943 874/3305/943 872/3306/943
f 876/3307/944 878/3308/944 877/3309/944 875/3310/944
f 875/3311/945 877/3312/945 871/3313/945
f 878/3314/946 876/3315/946 872/3316/946
f 878/3317/947 880/3318/947 879/3319/947 877/3320/947
f 877/3321/948 879/3322/948 871/3323/948
f 880/3324/949 878/3325/949 872/3326/949
f 880/3327/950 882/3328/950 881/3329/950 879/3330/950
f 879/3331/951 881/3332/951 871/3333/951
f 882/3334/952 880/3335/952 872/3336/952
f 882/3337/953 884/3338/953 883/3339/953 881/3340/953
f 881/3341/954 883/3342/954 871/3343/954
f 884/3344/955 882/3345/955 872/3346/955
f 884/3347/956 886/3348/956 885/3349/956 883/3350/956
f 883/3351/957 885/3352/957 871/3353/957
f 886/3354/958 884/3355/958 872/3356/958
f 886/3357/959 888/3358/959 887/3359/959 885/3360/959
f 885/3361/960 887/3362/960 871/3363/960
f 888/3364/961 886/3365/961 872/3366/961
f 888/3367/962 874/3368/962 873/3369/962 887/3370/962
f 887/3371/963 873/3372/963 871/3373/963
f 874/3374/964 888/3375/964 872/3376/964
o bowl_body
v 0 2.409375 0
v 0 2.278125 0
v 0.21875 2.409375 0
v 0.21875 2.278125 0
v 0.15467960838455727 2.409375 0.15467960838455724
v 0.15467960838455727 2.278125 0.15467960838455724
v 1.3394574365674175e-17 2.409375 0.21875
v 1.3394574365674175e-17 2.278125 0.21875
v -0.15467960838455724 2.409375 0.15467960838455727
v -0.15467960838455724 2.278125 0.15467960838455727
v -0.21875 2.409375 2.678914873134835e-17
v -0.21875 2.278125 2.678914873134835e-17
v -0.1546796083845573 2.409375 -0.15467960838455724
v -0.1546796083845573 2.278125 -0.15467960838455724
v -4.0183723097022526e-17 2.409375 -0.21875
v -4.0183723097022526e-17 2.278125 -0.21875
v 0.15467960838455724 2.409375 -0.1546796083845573
v 0.15467960838455724 2.278125 -0.1546796083845573
vt 0.49999999999999994 0.96875
vt 0.6171875 0.96875
vt 0.6171875 0.03125
vt 0.49999999999999994 0.03125
vt 0.9375 0.5
vt 0.8093592167691146 0.1906407832308855
vt 0.5 0.5
vt 0.8093592167691146 0.1906407832308855
vt 0.9375 0.5
vt 0.5 0.5
vt 0.6171875 0.96875
vt 0.734375 0.96875
vt 0.734375 0.03125
vt 0.6171875 0.03125
vt 0.8093592167691146 0.1906407832308855
vt 0.5 0.0625
vt 0.5 0.5
vt 0.5 0.0625
vt 0.8093592167691146 0.1906407832308855
vt 0.5 0.5
vt 0.734375 0.96875
vt 0.8515625 0.96875
vt 0.8515625 0.03125
vt 0.734375 0.03125
vt 0.5 0.0625
vt 0.1906407832308855 0.1906407832308854
vt 0.5 0.5
vt 0.1906407832308855 0.1906407832308854
vt 0.5 0.0625
vt 0.5 0.5
vt 0.8515625 0.96875
vt 0.9687499999999999 0.96875
vt 0.9687499999999999 0.03125
vt 0.8515625 0.03125
vt 0.1906407832308855 0.1906407832308854
vt 0.0625 0.5
vt 0.5 0.5
vt 0.0625 0.5
vt 0.1906407832308855 0.1906407832308854
vt 0.5 0.5
vt 0.9687499999999999 0.96875
vt 0.1484375 0.96875
vt 0.1484375 0.03125
vt 0.9687499999999999 0.03125
vt 0.0625 0.5
vt 0.1906407832308854 0.8093592167691145
vt 0.5 0.5
vt 0.1906407832308854 0.8093592167691145
vt 0.0625 0.5
vt 0.5 0.5
vt 0.1484375 0.96875
vt 0.26562499999999994 0.96875
vt 0.26562499999999994 0.03125
vt 0.1484375 0.03125
vt 0.1906407832308854 0.8093592167691145
vt 0.49999999999999994 0.9375
vt 0.5 0.5
vt 0.49999999999999994 0.9375
vt 0.1906407832308854 0.8093592167691145
vt 0.5 0.5
vt 0.26562499999999994 0.96875
vt 0.3828125 0.96875
vt 0.3828125 0.03125
vt 0.26562499999999994 0.03125
vt 0.49999999999999994 0.9375
vt 0.8093592167691145 0.8093592167691146
vt 0.5 0.5
vt 0.8093592167691145 0.8093592167691146
vt 0.49999999999999994 0.9375
vt 0.5 0.5
vt 0.3828125 0.96875
vt 0.49999999999999994 0.96875
vt 0.49999999999999994 0.03125
vt 0.3828125 0.03125
vt 0.8093592167691145 0.8093592167691146
vt 0.9375 0.5
vt 0.5 0.5
vt 0.9375 0.5
vt 0.8093592167691145 0.8093592167691146
vt 0.5 0.5
vn -0.9238795325112867 0 -0.38268343236508984
vn 0 -1 0
vn 0 1 0
vn -0.38268343236508995 0 -0.9238795325112867
vn 0 -1 0
vn 0 1 0
vn 0.38268343236508984 0 -0.9238795325112867
vn 0 -1 0
vn 0 1 0
vn 0.9238795325112867 0 -0.38268343236509
vn 0 -1 0
vn 0 1 0
vn 0.923879532511287 0 0.3826834323650897
vn 0 -1 0
vn 0 1 0
vn 0.38268343236508995 0 0.9238795325112867
vn 0 -1 0
vn 0 1 0
vn -0.3826834323650897 0 0.923879532511287
vn 0 -1 0
vn 0 1 0
vn -0.9238795325112867 0 0.3826834323650899
vn 0 -1 0
vn 0 1 0
usemtl m_a719c6db-a406-18c0-f50b-a48c244c40ef
f 892/3377/965 894/3378/965 893/3379/965 891/3380/965
f 891/3381/966 893/3382/966 889/3383/966
f 894/3384/967 892/3385/967 890/3386/967
f 894/3387/968 896/3388/968 895/3389/968 893/3390/968
f 893/3391/969 895/3392/969 889/3393/969
f 896/3394/970 894/3395/970 890/3396/970
f 896/3397/971 898/3398/971 897/3399/971 895/3400/971
f 895/3401/972 897/3402/972 889/3403/972
f 898/3404/973 896/3405/973 890/3406/973
f 898/3407/974 900/3408/974 899/3409/974 897/3410/974
f 897/3411/975 899/3412/975 889/3413/975
f 900/3414/976 898/3415/976 890/3416/976
f 900/3417/977 902/3418/977 901/3419/977 899/3420/977
f 899/3421/978 901/3422/978 889/3423/978
f 902/3424/979 900/3425/979 890/3426/979
f 902/3427/980 904/3428/980 903/3429/980 901/3430/980
f 901/3431/981 903/3432/981 889/3433/981
f 904/3434/982 902/3435/982 890/3436/982
f 904/3437/983 906/3438/983 905/3439/983 903/3440/983
f 903/3441/984 905/3442/984 889/3443/984
f 906/3444/985 904/3445/985 890/3446/985
f 906/3447/986 892/3448/986 891/3449/986 905/3450/986
f 905/3451/987 891/3452/987 889/3453/987
f 892/3454/988 906/3455/988 890/3456/988
o bowl_flare
v 0 2.46875 0
v 0 2.40625 0
v 0.25625 2.46875 0
v 0.25625 2.40625 0
v 0.1811961126790528 2.46875 0.18119611267905278
v 0.1811961126790528 2.40625 0.18119611267905278
v 1.569078711407546e-17 2.46875 0.25625
v 1.569078711407546e-17 2.40625 0.25625
v -0.18119611267905278 2.46875 0.1811961126790528
v -0.18119611267905278 2.40625 0.1811961126790528
v -0.25625 2.46875 3.138157422815092e-17
v -0.25625 2.40625 3.138157422815092e-17
v -0.18119611267905283 2.46875 -0.18119611267905278
v -0.18119611267905283 2.40625 -0.18119611267905278
v -4.707236134222638e-17 2.46875 -0.25625
v -4.707236134222638e-17 2.40625 -0.25625
v 0.18119611267905275 2.46875 -0.18119611267905283
v 0.18119611267905275 2.40625 -0.18119611267905283
vt 0.49999999999999994 0.96875
vt 0.6171875 0.96875
vt 0.6171875 0.03125
vt 0.49999999999999994 0.03125
vt 0.9375 0.5
vt 0.8093592167691145 0.1906407832308855
vt 0.5 0.5
vt 0.8093592167691145 0.1906407832308855
vt 0.9375 0.5
vt 0.5 0.5
vt 0.6171875 0.96875
vt 0.734375 0.96875
vt 0.734375 0.03125
vt 0.6171875 0.03125
vt 0.8093592167691145 0.1906407832308855
vt 0.5 0.0625
vt 0.5 0.5
vt 0.5 0.0625
vt 0.8093592167691145 0.1906407832308855
vt 0.5 0.5
vt 0.734375 0.96875
vt 0.8515625 0.96875
vt 0.8515625 0.03125
vt 0.734375 0.03125
vt 0.5 0.0625
vt 0.19064078323088549 0.1906407832308855
vt 0.5 0.5
vt 0.19064078323088549 0.1906407832308855
vt 0.5 0.0625
vt 0.5 0.5
vt 0.8515625 0.96875
vt 0.9687499999999999 0.96875
vt 0.9687499999999999 0.03125
vt 0.8515625 0.03125
vt 0.19064078323088549 0.1906407832308855
vt 0.0625 0.5
vt 0.5 0.5
vt 0.0625 0.5
vt 0.19064078323088549 0.1906407832308855
vt 0.5 0.5
vt 0.9687499999999999 0.96875
vt 0.1484375 0.96875
vt 0.1484375 0.03125
vt 0.9687499999999999 0.03125
vt 0.0625 0.5
vt 0.19064078323088537 0.8093592167691145
vt 0.5 0.5
vt 0.19064078323088537 0.8093592167691145
vt 0.0625 0.5
vt 0.5 0.5
vt 0.1484375 0.96875
vt 0.26562499999999994 0.96875
vt 0.26562499999999994 0.03125
vt 0.1484375 0.03125
vt 0.19064078323088537 0.8093592167691145
vt 0.49999999999999994 0.9375
vt 0.5 0.5
vt 0.49999999999999994 0.9375
vt 0.19064078323088537 0.8093592167691145
vt 0.5 0.5
vt 0.26562499999999994 0.96875
vt 0.3828125 0.96875
vt 0.3828125 0.03125
vt 0.26562499999999994 0.03125
vt 0.49999999999999994 0.9375
vt 0.8093592167691145 0.8093592167691146
vt 0.5 0.5
vt 0.8093592167691145 0.8093592167691146
vt 0.49999999999999994 0.9375
vt 0.5 0.5
vt 0.3828125 0.96875
vt 0.49999999999999994 0.96875
vt 0.49999999999999994 0.03125
vt 0.3828125 0.03125
vt 0.8093592167691145 0.8093592167691146
vt 0.9375 0.5
vt 0.5 0.5
vt 0.9375 0.5
vt 0.8093592167691145 0.8093592167691146
vt 0.5 0.5
vn -0.923879532511287 0 -0.3826834323650898
vn 0 -1 0
vn 0 1 0
vn -0.38268343236508984 0 -0.9238795325112867
vn 0 -1 0
vn 0 1 0
vn 0.3826834323650897 0 -0.923879532511287
vn 0 -1 0
vn 0 1 0
vn 0.9238795325112867 0 -0.38268343236508984
vn 0 -1 0
vn 0 1 0
vn 0.9238795325112868 0 0.38268343236508956
vn 0 -1 0
vn 0 1 0
vn 0.38268343236508984 0 0.9238795325112867
vn 0 -1 0
vn 0 1 0
vn -0.38268343236508956 0 0.9238795325112868
vn 0 -1 0
vn 0 1 0
vn -0.9238795325112867 0 0.38268343236508984
vn 0 -1 0
vn 0 1 0
usemtl m_a719c6db-a406-18c0-f50b-a48c244c40ef
f 910/3457/989 912/3458/989 911/3459/989 909/3460/989
f 909/3461/990 911/3462/990 907/3463/990
f 912/3464/991 910/3465/991 908/3466/991
f 912/3467/992 914/3468/992 913/3469/992 911/3470/992
f 911/3471/993 913/3472/993 907/3473/993
f 914/3474/994 912/3475/994 908/3476/994
f 914/3477/995 916/3478/995 915/3479/995 913/3480/995
f 913/3481/996 915/3482/996 907/3483/996
f 916/3484/997 914/3485/997 908/3486/997
f 916/3487/998 918/3488/998 917/3489/998 915/3490/998
f 915/3491/999 917/3492/999 907/3493/999
f 918/3494/1000 916/3495/1000 908/3496/1000
f 918/3497/1001 920/3498/1001 919/3499/1001 917/3500/1001
f 917/3501/1002 919/3502/1002 907/3503/1002
f 920/3504/1003 918/3505/1003 908/3506/1003
f 920/3507/1004 922/3508/1004 921/3509/1004 919/3510/1004
f 919/3511/1005 921/3512/1005 907/3513/1005
f 922/3514/1006 920/3515/1006 908/3516/1006
f 922/3517/1007 924/3518/1007 923/3519/1007 921/3520/1007
f 921/3521/1008 923/3522/1008 907/3523/1008
f 924/3524/1009 922/3525/1009 908/3526/1009
f 924/3527/1010 910/3528/1010 909/3529/1010 923/3530/1010
f 923/3531/1011 909/3532/1011 907/3533/1011
f 910/3534/1012 924/3535/1012 908/3536/1012
o bowl_rim
v 0 2.5125 0
v 0 2.45 0
v 0.275 2.5125 0
v 0.275 2.45 0
v 0.23815698604072066 2.5125 0.13749999999999998
v 0.23815698604072066 2.45 0.13749999999999998
v 0.13750000000000004 2.5125 0.23815698604072064
v 0.13750000000000004 2.45 0.23815698604072064
v 1.683889348827611e-17 2.5125 0.275
v 1.683889348827611e-17 2.45 0.275
v -0.13749999999999996 2.5125 0.23815698604072066
v -0.13749999999999996 2.45 0.23815698604072066
v -0.23815698604072066 2.5125 0.13749999999999998
v -0.23815698604072066 2.45 0.13749999999999998
v -0.275 2.5125 3.367778697655222e-17
v -0.275 2.45 3.367778697655222e-17
v -0.23815698604072064 2.5125 -0.13750000000000004
v -0.23815698604072064 2.45 -0.13750000000000004
v -0.13750000000000012 2.5125 -0.23815698604072058
v -0.13750000000000012 2.45 -0.23815698604072058
v -5.051668046482832e-17 2.5125 -0.275
v -5.051668046482832e-17 2.45 -0.275
v 0.13750000000000004 2.5125 -0.23815698604072064
v 0.13750000000000004 2.45 -0.23815698604072064
v 0.23815698604072058 2.5125 -0.13750000000000012
v 0.23815698604072058 2.45 -0.13750000000000012
vt 0.49999999999999994 0.96875
vt 0.578125 0.96875
vt 0.578125 0.03125
vt 0.49999999999999994 0.03125
vt 0.9375 0.5
vt 0.878886114155692 0.2812500000000001
vt 0.5 0.5
vt 0.878886114155692 0.2812500000000001
vt 0.9375 0.5
vt 0.5 0.5
vt 0.578125 0.96875
vt 0.6562499999999999 0.96875
vt 0.6562499999999999 0.03125
vt 0.578125 0.03125
vt 0.878886114155692 0.2812500000000001
vt 0.7187500000000001 0.12111388584430804
vt 0.5 0.5
vt 0.7187500000000001 0.12111388584430804
vt 0.878886114155692 0.2812500000000001
vt 0.5 0.5
vt 0.6562499999999999 0.96875
vt 0.734375 0.96875
vt 0.734375 0.03125
vt 0.6562499999999999 0.03125
vt 0.7187500000000001 0.12111388584430804
vt 0.5 0.0625
vt 0.5 0.5
vt 0.5 0.0625
vt 0.7187500000000001 0.12111388584430804
vt 0.5 0.5
vt 0.734375 0.96875
vt 0.8125 0.96875
vt 0.8125 0.03125
vt 0.734375 0.03125
vt 0.5 0.0625
vt 0.2812500000000001 0.12111388584430804
vt 0.5 0.5
vt 0.2812500000000001 0.12111388584430804
vt 0.5 0.0625
vt 0.5 0.5
vt 0.8125 0.96875
vt 0.890625 0.96875
vt 0.890625 0.03125
vt 0.8125 0.03125
vt 0.2812500000000001 0.12111388584430804
vt 0.12111388584430807 0.2812500000000001
vt 0.5 0.5
vt 0.12111388584430807 0.2812500000000001
vt 0.2812500000000001 0.12111388584430804
vt 0.5 0.5
vt 0.890625 0.96875
vt 0.9687499999999999 0.96875
vt 0.9687499999999999 0.03125
vt 0.890625 0.03125
vt 0.12111388584430807 0.2812500000000001
vt 0.0625 0.5
vt 0.5 0.5
vt 0.0625 0.5
vt 0.12111388584430807 0.2812500000000001
vt 0.5 0.5
vt 0.9687499999999999 0.96875
vt 0.10937500000000004 0.96875
vt 0.10937500000000004 0.03125
vt 0.9687499999999999 0.03125
vt 0.0625 0.5
vt 0.12111388584430811 0.71875
vt 0.5 0.5
vt 0.12111388584430811 0.71875
vt 0.0625 0.5
vt 0.5 0.5
vt 0.10937500000000004 0.96875
vt 0.1874999999999999 0.96875
vt 0.1874999999999999 0.03125
vt 0.10937500000000004 0.03125
vt 0.12111388584430811 0.71875
vt 0.2812499999999998 0.8788861141556918
vt 0.5 0.5
vt 0.2812499999999998 0.8788861141556918
vt 0.12111388584430811 0.71875
vt 0.5 0.5
vt 0.1874999999999999 0.96875
vt 0.26562499999999994 0.96875
vt 0.26562499999999994 0.03125
vt 0.1874999999999999 0.03125
vt 0.2812499999999998 0.8788861141556918
vt 0.49999999999999994 0.9375
vt 0.5 0.5
vt 0.49999999999999994 0.9375
vt 0.2812499999999998 0.8788861141556918
vt 0.5 0.5
vt 0.26562499999999994 0.96875
vt 0.34375000000000006 0.96875
vt 0.34375000000000006 0.03125
vt 0.26562499999999994 0.03125
vt 0.49999999999999994 0.9375
vt 0.7187500000000001 0.8788861141556918
vt 0.5 0.5
vt 0.7187500000000001 0.8788861141556918
vt 0.49999999999999994 0.9375
vt 0.5 0.5
vt 0.34375000000000006 0.96875
vt 0.42187499999999994 0.96875
vt 0.42187499999999994 0.03125
vt 0.34375000000000006 0.03125
vt 0.7187500000000001 0.8788861141556918
vt 0.8788861141556917 0.7187500000000002
vt 0.5 0.5
vt 0.8788861141556917 0.7187500000000002
vt 0.7187500000000001 0.8788861141556918
vt 0.5 0.5
vt 0.42187499999999994 0.96875
vt 0.49999999999999994 0.96875
vt 0.49999999999999994 0.03125
vt 0.42187499999999994 0.03125
vt 0.8788861141556917 0.7187500000000002
vt 0.9375 0.5
vt 0.5 0.5
vt 0.9375 0.5
vt 0.8788861141556917 0.7187500000000002
vt 0.5 0.5
vn -0.9659258262890684 0 -0.25881904510252074
vn 0 -1 0
vn 0 1 0
vn -0.7071067811865476 0 -0.7071067811865475
vn 0 -1 0
vn 0 1 0
vn -0.25881904510252085 0 -0.9659258262890683
vn 0 -1 0
vn 0 1 0
vn 0.25881904510252074 0 -0.9659258262890684
vn 0 -1 0
vn 0 1 0
vn 0.7071067811865475 0 -0.7071067811865476
vn 0 -1 0
vn 0 1 0
vn 0.9659258262890684 0 -0.2588190451025208
vn 0 -1 0
vn 0 1 0
vn 0.9659258262890683 0 0.25881904510252074
vn 0 -1 0
vn 0 1 0
vn 0.7071067811865477 0 0.7071067811865475
vn 0 -1 0
vn 0 1 0
vn 0.25881904510252113 0 0.9659258262890683
vn 0 -1 0
vn 0 1 0
vn -0.2588190451025207 0 0.9659258262890683
vn 0 -1 0
vn 0 1 0
vn -0.7071067811865475 0 0.7071067811865477
vn 0 -1 0
vn 0 1 0
vn -0.9659258262890683 0 0.258819045102521
vn 0 -1 0
vn 0 1 0
usemtl m_417023fc-fb60-913a-5dfa-75ba19eb8773
f 928/3537/1013 930/3538/1013 929/3539/1013 927/3540/1013
f 927/3541/1014 929/3542/1014 925/3543/1014
f 930/3544/1015 928/3545/1015 926/3546/1015
f 930/3547/1016 932/3548/1016 931/3549/1016 929/3550/1016
f 929/3551/1017 931/3552/1017 925/3553/1017
f 932/3554/1018 930/3555/1018 926/3556/1018
f 932/3557/1019 934/3558/1019 933/3559/1019 931/3560/1019
f 931/3561/1020 933/3562/1020 925/3563/1020
f 934/3564/1021 932/3565/1021 926/3566/1021
f 934/3567/1022 936/3568/1022 935/3569/1022 933/3570/1022
f 933/3571/1023 935/3572/1023 925/3573/1023
f 936/3574/1024 934/3575/1024 926/3576/1024
f 936/3577/1025 938/3578/1025 937/3579/1025 935/3580/1025
f 935/3581/1026 937/3582/1026 925/3583/1026
f 938/3584/1027 936/3585/1027 926/3586/1027
f 938/3587/1028 940/3588/1028 939/3589/1028 937/3590/1028
f 937/3591/1029 939/3592/1029 925/3593/1029
f 940/3594/1030 938/3595/1030 926/3596/1030
f 940/3597/1031 942/3598/1031 941/3599/1031 939/3600/1031
f 939/3601/1032 941/3602/1032 925/3603/1032
f 942/3604/1033 940/3605/1033 926/3606/1033
f 942/3607/1034 944/3608/1034 943/3609/1034 941/3610/1034
f 941/3611/1035 943/3612/1035 925/3613/1035
f 944/3614/1036 942/3615/1036 926/3616/1036
f 944/3617/1037 946/3618/1037 945/3619/1037 943/3620/1037
f 943/3621/1038 945/3622/1038 925/3623/1038
f 946/3624/1039 944/3625/1039 926/3626/1039
f 946/3627/1040 948/3628/1040 947/3629/1040 945/3630/1040
f 945/3631/1041 947/3632/1041 925/3633/1041
f 948/3634/1042 946/3635/1042 926/3636/1042
f 948/3637/1043 950/3638/1043 949/3639/1043 947/3640/1043
f 947/3641/1044 949/3642/1044 925/3643/1044
f 950/3644/1045 948/3645/1045 926/3646/1045
f 950/3647/1046 928/3648/1046 927/3649/1046 949/3650/1046
f 949/3651/1047 927/3652/1047 925/3653/1047
f 928/3654/1048 950/3655/1048 926/3656/1048
o coal_front_left
v -0.046003158176150194 2.625 -0.006370630415692316
v -0.018870630415692327 2.625 -0.1602468418238498
v -0.046003158176150194 2.4875 -0.006370630415692316
v -0.018870630415692327 2.4875 -0.1602468418238498
v -0.1727468418238498 2.625 -0.18737936958430768
v -0.1998793695843077 2.625 -0.03350315817615017
v -0.1727468418238498 2.4875 -0.18737936958430768
v -0.1998793695843077 2.4875 -0.03350315817615017
vt 0 1
vt 1 1
vt 1 0
vt 0 0
vt 0 1
vt 1 1
vt 1 0
vt 0 0
vt 0 1
vt 1 1
vt 1 0
vt 0 0
vt 0 1
vt 1 1
vt 1 0
vt 0 0
vt 0 1
vt 1 1
vt 1 0
vt 0 0
vt 0 1
vt 1 1
vt 1 0
vt 0 0
vn 0.17364817766693033 0 -0.984807753012208
vn 0.984807753012208 0 0.17364817766693033
vn -0.17364817766693033 0 0.984807753012208
vn -0.984807753012208 0 -0.17364817766693033
vn 0 1 0
vn 0 -1 0
usemtl m_91be25ca-9168-e0cd-71b8-5141a8759f73
f 954/3660/1049 957/3659/1049 955/3658/1049 952/3657/1049
f 953/3664/1050 954/3663/1050 952/3662/1050 951/3661/1050
f 958/3668/1051 953/3667/1051 951/3666/1051 956/3665/1051
f 957/3672/1052 958/3671/1052 956/3670/1052 955/3669/1052
f 956/3676/1053 951/3675/1053 952/3674/1053 955/3673/1053
f 957/3680/1054 954/3679/1054 953/3678/1054 958/3677/1054
o coal_front_right
v 0.2047426817773977 2.63125 -0.022069626257548297
v 0.1654303737424517 2.63125 -0.17974268177739772
v 0.2047426817773977 2.49375 -0.022069626257548297
v 0.1654303737424517 2.49375 -0.17974268177739772
v 0.007757318222602297 2.63125 -0.1404303737424517
v 0.047069626257548305 2.63125 0.017242681777397698
v 0.007757318222602297 2.49375 -0.1404303737424517
v 0.047069626257548305 2.49375 0.017242681777397698
vt 0 1
vt 1 1
vt 1 0
vt 0 0
vt 0 1
vt 1 1
vt 1 0
vt 0 0
vt 0 1
vt 1 1
vt 1 0
vt 0 0
vt 0 1
vt 1 1
vt 1 0
vt 0 0
vt 0 1
vt 1 1
vt 1 0
vt 0 0
vt 0 1
vt 1 1
vt 1 0
vt 0 0
vn -0.24192189559966767 0 -0.9702957262759965
vn 0.9702957262759965 0 -0.24192189559966767
vn 0.24192189559966767 0 0.9702957262759965
vn -0.9702957262759965 0 0.24192189559966767
vn 0 1 0
vn 0 -1 0
usemtl m_91be25ca-9168-e0cd-71b8-5141a8759f73
f 962/3684/1055 965/3683/1055 963/3682/1055 960/3681/1055
f 961/3688/1056 962/3687/1056 960/3686/1056 959/3685/1056
f 966/3692/1057 961/3691/1057 959/3690/1057 964/3689/1057
f 965/3696/1058 966/3695/1058 964/3694/1058 963/3693/1058
f 964/3700/1059 959/3699/1059 960/3698/1059 963/3697/1059
f 965/3704/1060 962/3703/1060 961/3702/1060 966/3701/1060
o coal_back_left
v 0.002035882152466001 2.625 0.16329968046219112
v -0.030450319537808884 2.625 0.010464117847533982
v 0.002035882152466001 2.4937500000000004 0.16329968046219112
v -0.030450319537808884 2.4937500000000004 0.010464117847533982
v -0.18328588215246602 2.625 0.04295031953780887
v -0.15079968046219114 2.625 0.195785882152466
v -0.18328588215246602 2.4937500000000004 0.04295031953780887
v -0.15079968046219114 2.4937500000000004 0.195785882152466
vt 0 1
vt 1 1
vt 1 0
vt 0 0
vt 0 1
vt 1 1
vt 1 0
vt 0 0
vt 0 1
vt 1 1
vt 1 0
vt 0 0
vt 0 1
vt 1 1
vt 1 0
vt 0 0
vt 0 1
vt 1 1
vt 1 0
vt 0 0
vt 0 1
vt 1 1
vt 1 0
vt 0 0
vn -0.2079116908177593 0 -0.9781476007338057
vn 0.9781476007338057 0 -0.2079116908177593
vn 0.2079116908177593 0 0.9781476007338057
vn -0.9781476007338057 0 0.2079116908177593
vn 0 1 0
vn 0 -1 0
usemtl m_91be25ca-9168-e0cd-71b8-5141a8759f73
f 970/3708/1061 973/3707/1061 971/3706/1061 968/3705/1061
f 969/3712/1062 970/3711/1062 968/3710/1062 967/3709/1062
f 974/3716/1063 969/3715/1063 967/3714/1063 972/3713/1063
f 973/3720/1064 974/3719/1064 972/3718/1064 971/3717/1064
f 972/3724/1065 967/3723/1065 968/3722/1065 971/3721/1065
f 973/3728/1066 970/3727/1066 969/3726/1066 974/3725/1066
o coal_back_right
v 0.17008212258361288 2.6187499999999995 0.19095808772762268
v 0.19095808772762268 2.6187499999999995 0.042417877416387126
v 0.17008212258361288 2.4875 0.19095808772762268
v 0.19095808772762268 2.4875 0.042417877416387126
v 0.042417877416387126 2.6187499999999995 0.021541912272377325
v 0.021541912272377325 2.6187499999999995 0.17008212258361288
v 0.042417877416387126 2.4875 0.021541912272377325
v 0.021541912272377325 2.4875 0.17008212258361288
vt 0 1
vt 1 1
vt 1 0
vt 0 0
vt 0 1
vt 1 1
vt 1 0
vt 0 0
vt 0 1
vt 1 1
vt 1 0
vt 0 0
vt 0 1
vt 1 1
vt 1 0
vt 0 0
vt 0 1
vt 1 1
vt 1 0
vt 0 0
vt 0 1
vt 1 1
vt 1 0
vt 0 0
vn 0.13917310096006544 0 -0.9902680687415704
vn 0.9902680687415704 0 0.13917310096006544
vn -0.13917310096006544 0 0.9902680687415704
vn -0.9902680687415704 0 -0.13917310096006544
vn 0 1 0
vn 0 -1 0
usemtl m_91be25ca-9168-e0cd-71b8-5141a8759f73
f 978/3732/1067 981/3731/1067 979/3730/1067 976/3729/1067
f 977/3736/1068 978/3735/1068 976/3734/1068 975/3733/1068
f 982/3740/1069 977/3739/1069 975/3738/1069 980/3737/1069
f 981/3744/1070 982/3743/1070 980/3742/1070 979/3741/1070
f 980/3748/1071 975/3747/1071 976/3746/1071 979/3745/1071
f 981/3752/1072 978/3751/1072 977/3750/1072 982/3749/1072
o coal_glow_top_front_left
v -0.06374727388682813 2.6312499999999996 -0.03171185389929847
v -0.04421185389929848 2.6312499999999996 -0.14250272611317188
v -0.06374727388682813 2.62125 -0.03171185389929847
v -0.04421185389929848 2.62125 -0.14250272611317188
v -0.15500272611317187 2.6312499999999996 -0.16203814610070155
v -0.1745381461007015 2.6312499999999996 -0.05124727388682812
v -0.15500272611317187 2.62125 -0.16203814610070155
v -0.1745381461007015 2.62125 -0.05124727388682812
vt 0 1
vt 1 1
vt 1 0
vt 0 0
vt 0 1
vt 1 1
vt 1 0
vt 0 0
vt 0 1
vt 1 1
vt 1 0
vt 0 0
vt 0 1
vt 1 1
vt 1 0
vt 0 0
vt 0 1
vt 1 1
vt 1 0
vt 0 0
vt 0 1
vt 1 1
vt 1 0
vt 0 0
vn 0.17364817766693033 0 -0.984807753012208
vn 0.984807753012208 0 0.17364817766693033
vn -0.17364817766693033 0 0.984807753012208
vn -0.984807753012208 0 -0.17364817766693033
vn 0 1 0
vn 0 -1 0
usemtl m_7e28de4f-ce4a-3259-8418-ad1635c98627
f 986/3756/1073 989/3755/1073 987/3754/1073 984/3753/1073
f 985/3760/1074 986/3759/1074 984/3758/1074 983/3757/1074
f 990/3764/1075 985/3763/1075 983/3762/1075 988/3761/1075
f 989/3768/1076 990/3767/1076 988/3766/1076 987/3765/1076
f 988/3772/1077 983/3771/1077 984/3770/1077 987/3769/1077
f 989/3776/1078 986/3775/1078 985/3774/1078 990/3773/1078
o coal_glow_top_front_right
v 0.17822542129886754 2.6375 -0.038002803803592985
v 0.149497196196407 2.6375 -0.15322542129886757
v 0.17822542129886754 2.6275000000000004 -0.038002803803592985
v 0.149497196196407 2.6275000000000004 -0.15322542129886757
v 0.034274578701132444 2.6375 -0.12449719619640702
v 0.06300280380359298 2.6375 -0.00927457870113245
v 0.034274578701132444 2.6275000000000004 -0.12449719619640702
v 0.06300280380359298 2.6275000000000004 -0.00927457870113245
vt 0 1
vt 1 1
vt 1 0
vt 0 0
vt 0 1
vt 1 1
vt 1 0
vt 0 0
vt 0 1
vt 1 1
vt 1 0
vt 0 0
vt 0 1
vt 1 1
vt 1 0
vt 0 0
vt 0 1
vt 1 1
vt 1 0
vt 0 0
vt 0 1
vt 1 1
vt 1 0
vt 0 0
vn -0.24192189559966767 0 -0.9702957262759965
vn 0.9702957262759965 0 -0.24192189559966767
vn 0.24192189559966767 0 0.9702957262759965
vn -0.9702957262759965 0 0.24192189559966767
vn 0 1 0
vn 0 -1 0
usemtl m_7e28de4f-ce4a-3259-8418-ad1635c98627
f 994/3780/1079 997/3779/1079 995/3778/1079 992/3777/1079
f 993/3784/1080 994/3783/1080 992/3782/1080 991/3781/1080
f 998/3788/1081 993/3787/1081 991/3786/1081 996/3785/1081
f 997/3792/1082 998/3791/1082 996/3790/1082 995/3789/1082
f 996/3796/1083 991/3795/1083 992/3794/1083 995/3793/1083
f 997/3800/1084 994/3799/1084 993/3798/1084 998/3797/1084
o coal_glow_top_back_left
v -0.023909164850224485 2.6312499999999996 0.1464507699327776
v -0.0472992300672224 2.6312499999999996 0.03640916485022447
v -0.023909164850224485 2.62125 0.1464507699327776
v -0.0472992300672224 2.62125 0.03640916485022447
v -0.15734083514977554 2.6312499999999996 0.05979923006722239
v -0.1339507699327776 2.6312499999999996 0.16984083514977552
v -0.15734083514977554 2.62125 0.05979923006722239
v -0.1339507699327776 2.62125 0.16984083514977552
vt 0 1
vt 1 1
vt 1 0
vt 0 0
vt 0 1
vt 1 1
vt 1 0
vt 0 0
vt 0 1
vt 1 1
vt 1 0
vt 0 0
vt 0 1
vt 1 1
vt 1 0
vt 0 0
vt 0 1
vt 1 1
vt 1 0
vt 0 0
vt 0 1
vt 1 1
vt 1 0
vt 0 0
vn -0.2079116908177593 0 -0.9781476007338057
vn 0.9781476007338057 0 -0.2079116908177593
vn 0.2079116908177593 0 0.9781476007338057
vn -0.9781476007338057 0 0.2079116908177593
vn 0 1 0
vn 0 -1 0
usemtl m_7e28de4f-ce4a-3259-8418-ad1635c98627
f 1002/3804/1085 1005/3803/1085 1003/3802/1085 1000/3801/1085
f 1001/3808/1086 1002/3807/1086 1000/3806/1086 999/3805/1086
f 1006/3812/1087 1001/3811/1087 999/3810/1087 1004/3809/1087
f 1005/3816/1088 1006/3815/1088 1004/3814/1088 1003/3813/1088
f 1004/3820/1089 999/3819/1089 1000/3818/1089 1003/3817/1089
f 1005/3824/1090 1002/3823/1090 1001/3822/1090 1006/3821/1090
o coal_glow_top_back_right
v 0.15146442016339245 2.625 0.16625156214039938
v 0.16625156214039938 2.625 0.06103557983660754
v 0.15146442016339245 2.615 0.16625156214039938
v 0.16625156214039938 2.615 0.06103557983660754
v 0.06103557983660754 2.625 0.04624843785960059
v 0.04624843785960059 2.625 0.15146442016339245
v 0.06103557983660754 2.615 0.04624843785960059
v 0.04624843785960059 2.615 0.15146442016339245
vt 0 1
vt 1 1
vt 1 0
vt 0 0
vt 0 1
vt 1 1
vt 1 0
vt 0 0
vt 0 1
vt 1 1
vt 1 0
vt 0 0
vt 0 1
vt 1 1
vt 1 0
vt 0 0
vt 0 1
vt 1 1
vt 1 0
vt 0 0
vt 0 1
vt 1 1
vt 1 0
vt 0 0
vn 0.13917310096006544 0 -0.9902680687415704
vn 0.9902680687415704 0 0.13917310096006544
vn -0.13917310096006544 0 0.9902680687415704
vn -0.9902680687415704 0 -0.13917310096006544
vn 0 1 0
vn 0 -1 0
usemtl m_7e28de4f-ce4a-3259-8418-ad1635c98627
f 1010/3828/1091 1013/3827/1091 1011/3826/1091 1008/3825/1091
f 1009/3832/1092 1010/3831/1092 1008/3830/1092 1007/3829/1092
f 1014/3836/1093 1009/3835/1093 1007/3834/1093 1012/3833/1093
f 1013/3840/1094 1014/3839/1094 1012/3838/1094 1011/3837/1094
f 1012/3844/1095 1007/3843/1095 1008/3842/1095 1011/3841/1095
f 1013/3848/1096 1010/3847/1096 1009/3846/1096 1014/3845/1096
o coal_crack_front_left
v -0.10029212890402818 2.6026677458977994 -0.17
v -0.10029212890402818 2.6026677458977994 -0.17875
v -0.11913412588438765 2.514023119581298 -0.17
v -0.11913412588438765 2.514023119581298 -0.17875
v -0.12474581892237332 2.6078655381682436 -0.17875
v -0.12474581892237332 2.6078655381682436 -0.17
v -0.14358781590273278 2.519220911851742 -0.17875
v -0.14358781590273278 2.519220911851742 -0.17
vt 0 1
vt 1 1
vt 1 0
vt 0 0
vt 0 1
vt 1 1
vt 1 0
vt 0 0
vt 0 1
vt 1 1
vt 1 0
vt 0 0
vt 0 1
vt 1 1
vt 1 0
vt 0 0
vt 0 1
vt 1 1
vt 1 0
vt 0 0
vt 0 1
vt 1 1
vt 1 0
vt 0 0
vn 0 0 -1
vn 0.9781476007338057 -0.2079116908177593 0
vn 0 0 1
vn -0.9781476007338057 0.2079116908177593 0
vn 0.2079116908177593 0.9781476007338057 0
vn -0.2079116908177593 -0.9781476007338057 0
usemtl m_7e28de4f-ce4a-3259-8418-ad1635c98627
f 1018/3852/1097 1021/3851/1097 1019/3850/1097 1016/3849/1097
f 1017/3856/1098 1018/3855/1098 1016/3854/1098 1015/3853/1098
f 1022/3860/1099 1017/3859/1099 1015/3858/1099 1020/3857/1099
f 1021/3864/1100 1022/3863/1100 1020/3862/1100 1019/3861/1100
f 1020/3868/1101 1015/3867/1101 1016/3866/1101 1019/3865/1101
f 1021/3872/1102 1018/3871/1102 1017/3870/1102 1022/3869/1102
o coal_crack_front_right
v 0.10729533858451525 2.617083465643284 -0.15749999999999997
v 0.10729533858451525 2.617083465643284 -0.16625
v 0.12357485524078997 2.5247577387983893 -0.15749999999999997
v 0.12357485524078997 2.5247577387983893 -0.16625
v 0.08267514475921002 2.612742261201611 -0.16625
v 0.08267514475921002 2.612742261201611 -0.15749999999999997
v 0.09895466141548474 2.520416534356716 -0.16625
v 0.09895466141548474 2.520416534356716 -0.15749999999999997
vt 0 1
vt 1 1
vt 1 0
vt 0 0
vt 0 1
vt 1 1
vt 1 0
vt 0 0
vt 0 1
vt 1 1
vt 1 0
vt 0 0
vt 0 1
vt 1 1
vt 1 0
vt 0 0
vt 0 1
vt 1 1
vt 1 0
vt 0 0
vt 0 1
vt 1 1
vt 1 0
vt 0 0
vn 0 0 -1
vn 0.984807753012208 0.17364817766693033 0
vn 0 0 1
vn -0.984807753012208 -0.17364817766693033 0
vn -0.17364817766693033 0.984807753012208 0
vn 0.17364817766693033 -0.984807753012208 0
usemtl m_7e28de4f-ce4a-3259-8418-ad1635c98627
f 1026/3876/1103 1029/3875/1103 1027/3874/1103 1024/3873/1103
f 1025/3880/1104 1026/3879/1104 1024/3878/1104 1023/3877/1104
f 1030/3884/1105 1025/3883/1105 1023/3882/1105 1028/3881/1105
f 1029/3888/1106 1030/3887/1106 1028/3886/1106 1027/3885/1106
f 1028/3892/1107 1023/3891/1107 1024/3890/1107 1027/3889/1107
f 1029/3896/1108 1026/3895/1108 1025/3894/1108 1030/3893/1108
o coal_crack_side_left
v -0.16375 2.602736034645506 0.10530814706216628
v -0.16375 2.6079338269159504 0.08085445704382112
v -0.16375 2.520204830833592 0.08776559814941791
v -0.16375 2.5254026231040356 0.06331190813107275
v -0.1725 2.6079338269159504 0.08085445704382112
v -0.1725 2.602736034645506 0.10530814706216628
v -0.1725 2.5254026231040356 0.06331190813107275
v -0.1725 2.520204830833592 0.08776559814941791
vt 0 1
vt 1 1
vt 1 0
vt 0 0
vt 0 1
vt 1 1
vt 1 0
vt 0 0
vt 0 1
vt 1 1
vt 1 0
vt 0 0
vt 0 1
vt 1 1
vt 1 0
vt 0 0
vt 0 1
vt 1 1
vt 1 0
vt 0 0
vt 0 1
vt 1 1
vt 1 0
vt 0 0
vn 0 0.2079116908177593 -0.9781476007338057
vn 1 0 0
vn 0 -0.2079116908177593 0.9781476007338057
vn -1 0 0
vn 0 0.9781476007338057 0.2079116908177593
vn 0 -0.9781476007338057 -0.2079116908177593
usemtl m_7e28de4f-ce4a-3259-8418-ad1635c98627
f 1034/3900/1109 1037/3899/1109 1035/3898/1109 1032/3897/1109
f 1033/3904/1110 1034/3903/1110 1032/3902/1110 1031/3901/1110
f 1038/3908/1111 1033/3907/1111 1031/3906/1111 1036/3905/1111
f 1037/3912/1112 1038/3911/1112 1036/3910/1112 1035/3909/1112
f 1036/3916/1113 1031/3915/1113 1032/3914/1113 1035/3913/1113
f 1037/3920/1114 1034/3919/1114 1033/3918/1114 1038/3917/1114
o coal_crack_side_right
v 0.185 2.5984284171869576 0.08963063969493358
v 0.185 2.594087212745284 0.06501044586962837
v 0.185 2.5184127872547157 0.10373955413037164
v 0.185 2.514071582813042 0.07911936030506643
v 0.17624999999999996 2.594087212745284 0.06501044586962837
v 0.17624999999999996 2.5984284171869576 0.08963063969493358
v 0.17624999999999996 2.514071582813042 0.07911936030506643
v 0.17624999999999996 2.5184127872547157 0.10373955413037164
vt 0 1
vt 1 1
vt 1 0
vt 0 0
vt 0 1
vt 1 1
vt 1 0
vt 0 0
vt 0 1
vt 1 1
vt 1 0
vt 0 0
vt 0 1
vt 1 1
vt 1 0
vt 0 0
vt 0 1
vt 1 1
vt 1 0
vt 0 0
vt 0 1
vt 1 1
vt 1 0
vt 0 0
vn 0 -0.17364817766693033 -0.984807753012208
vn 1 0 0
vn 0 0.17364817766693033 0.984807753012208
vn -1 0 0
vn 0 0.984807753012208 -0.17364817766693033
vn 0 -0.984807753012208 0.17364817766693033
usemtl m_7e28de4f-ce4a-3259-8418-ad1635c98627
f 1042/3924/1115 1045/3923/1115 1043/3922/1115 1040/3921/1115
f 1041/3928/1116 1042/3927/1116 1040/3926/1116 1039/3925/1116
f 1046/3932/1117 1041/3931/1117 1039/3930/1117 1044/3929/1117
f 1045/3936/1118 1046/3935/1118 1044/3934/1118 1043/3933/1118
f 1044/3940/1119 1039/3939/1119 1040/3938/1119 1043/3937/1119
f 1045/3944/1120 1042/3943/1120 1041/3942/1120 1046/3941/1120
o hose_connector
v -0.36875 1.253125 0
v -0.18125000000000002 1.253125 0
v -0.36875 1.3125 0
v -0.18125000000000002 1.3125 0
v -0.36875 1.2951094651329513 0.04198446513295125
v -0.18125000000000002 1.2951094651329513 0.04198446513295125
v -0.36875 1.253125 0.059375
v -0.18125000000000002 1.253125 0.059375
v -0.36875 1.2111405348670488 0.04198446513295126
v -0.18125000000000002 1.2111405348670488 0.04198446513295126
v -0.36875 1.19375 7.271340369937409e-18
v -0.18125000000000002 1.19375 7.271340369937409e-18
v -0.36875 1.2111405348670488 -0.04198446513295125
v -0.18125000000000002 1.2111405348670488 -0.04198446513295125
v -0.36875 1.253125 -0.059375
v -0.18125000000000002 1.253125 -0.059375
v -0.36875 1.2951094651329513 -0.04198446513295127
v -0.18125000000000002 1.2951094651329513 -0.04198446513295127
vt 0.49999999999999994 0.96875
vt 0.6171875 0.96875
vt 0.6171875 0.03125
vt 0.49999999999999994 0.03125
vt 0.9375 0.5
vt 0.8093592167691146 0.1906407832308855
vt 0.5 0.5
vt 0.8093592167691146 0.1906407832308855
vt 0.9375 0.5
vt 0.5 0.5
vt 0.6171875 0.96875
vt 0.734375 0.96875
vt 0.734375 0.03125
vt 0.6171875 0.03125
vt 0.8093592167691146 0.1906407832308855
vt 0.5 0.0625
vt 0.5 0.5
vt 0.5 0.0625
vt 0.8093592167691146 0.1906407832308855
vt 0.5 0.5
vt 0.734375 0.96875
vt 0.8515625 0.96875
vt 0.8515625 0.03125
vt 0.734375 0.03125
vt 0.5 0.0625
vt 0.19064078323088549 0.1906407832308854
vt 0.5 0.5
vt 0.19064078323088549 0.1906407832308854
vt 0.5 0.0625
vt 0.5 0.5
vt 0.8515625 0.96875
vt 0.9687499999999999 0.96875
vt 0.9687499999999999 0.03125
vt 0.8515625 0.03125
vt 0.19064078323088549 0.1906407832308854
vt 0.0625 0.5
vt 0.5 0.5
vt 0.0625 0.5
vt 0.19064078323088549 0.1906407832308854
vt 0.5 0.5
vt 0.9687499999999999 0.96875
vt 0.1484375 0.96875
vt 0.1484375 0.03125
vt 0.9687499999999999 0.03125
vt 0.0625 0.5
vt 0.1906407832308854 0.8093592167691145
vt 0.5 0.5
vt 0.1906407832308854 0.8093592167691145
vt 0.0625 0.5
vt 0.5 0.5
vt 0.1484375 0.96875
vt 0.26562499999999994 0.96875
vt 0.26562499999999994 0.03125
vt 0.1484375 0.03125
vt 0.1906407832308854 0.8093592167691145
vt 0.49999999999999994 0.9375
vt 0.5 0.5
vt 0.49999999999999994 0.9375
vt 0.1906407832308854 0.8093592167691145
vt 0.5 0.5
vt 0.26562499999999994 0.96875
vt 0.3828125 0.96875
vt 0.3828125 0.03125
vt 0.26562499999999994 0.03125
vt 0.49999999999999994 0.9375
vt 0.8093592167691145 0.8093592167691146
vt 0.5 0.5
vt 0.8093592167691145 0.8093592167691146
vt 0.49999999999999994 0.9375
vt 0.5 0.5
vt 0.3828125 0.96875
vt 0.49999999999999994 0.96875
vt 0.49999999999999994 0.03125
vt 0.3828125 0.03125
vt 0.8093592167691145 0.8093592167691146
vt 0.9375 0.5
vt 0.5 0.5
vt 0.9375 0.5
vt 0.8093592167691145 0.8093592167691146
vt 0.5 0.5
vn -2.0514246579479128e-16 -0.9238795325112867 -0.3826834323650898
vn 1 -2.220446049250313e-16 0
vn -1 2.220446049250313e-16 0
vn -8.497279155086134e-17 -0.38268343236508995 -0.9238795325112867
vn 1 -2.220446049250313e-16 0
vn -1 2.220446049250313e-16 0
vn 8.497279155086129e-17 0.3826834323650897 -0.9238795325112867
vn 1 -2.220446049250313e-16 0
vn -1 2.220446049250313e-16 0
vn 2.0514246579479128e-16 0.9238795325112867 -0.38268343236508995
vn 1 -2.220446049250313e-16 0
vn -1 2.220446049250313e-16 0
vn 2.0514246579479133e-16 0.923879532511287 0.38268343236508967
vn 1 -2.220446049250313e-16 0
vn -1 2.220446049250313e-16 0
vn 8.497279155086134e-17 0.38268343236508995 0.9238795325112867
vn 1 -2.220446049250313e-16 0
vn -1 2.220446049250313e-16 0
vn -8.497279155086128e-17 -0.38268343236508967 0.923879532511287
vn 1 -2.220446049250313e-16 0
vn -1 2.220446049250313e-16 0
vn -2.0514246579479128e-16 -0.9238795325112867 0.38268343236508995
vn 1 -2.220446049250313e-16 0
vn -1 2.220446049250313e-16 0
usemtl m_417023fc-fb60-913a-5dfa-75ba19eb8773
f 1050/3945/1121 1052/3946/1121 1051/3947/1121 1049/3948/1121
f 1049/3949/1122 1051/3950/1122 1047/3951/1122
f 1052/3952/1123 1050/3953/1123 1048/3954/1123
f 1052/3955/1124 1054/3956/1124 1053/3957/1124 1051/3958/1124
f 1051/3959/1125 1053/3960/1125 1047/3961/1125
f 1054/3962/1126 1052/3963/1126 1048/3964/1126
f 1054/3965/1127 1056/3966/1127 1055/3967/1127 1053/3968/1127
f 1053/3969/1128 1055/3970/1128 1047/3971/1128
f 1056/3972/1129 1054/3973/1129 1048/3974/1129
f 1056/3975/1130 1058/3976/1130 1057/3977/1130 1055/3978/1130
f 1055/3979/1131 1057/3980/1131 1047/3981/1131
f 1058/3982/1132 1056/3983/1132 1048/3984/1132
f 1058/3985/1133 1060/3986/1133 1059/3987/1133 1057/3988/1133
f 1057/3989/1134 1059/3990/1134 1047/3991/1134
f 1060/3992/1135 1058/3993/1135 1048/3994/1135
f 1060/3995/1136 1062/3996/1136 1061/3997/1136 1059/3998/1136
f 1059/3999/1137 1061/4000/1137 1047/4001/1137
f 1062/4002/1138 1060/4003/1138 1048/4004/1138
f 1062/4005/1139 1064/4006/1139 1063/4007/1139 1061/4008/1139
f 1061/4009/1140 1063/4010/1140 1047/4011/1140
f 1064/4012/1141 1062/4013/1141 1048/4014/1141
f 1064/4015/1142 1050/4016/1142 1049/4017/1142 1063/4018/1142
f 1063/4019/1143 1049/4020/1143 1047/4021/1143
f 1050/4022/1144 1064/4023/1144 1048/4024/1144
o hose_segment_01
v -0.3274587392637611 1.253791260736239 0
v -0.46004126073623886 1.121208739263761 0
v -0.2998373806236616 1.2261699020961394 0
v -0.43241990209613934 1.0935873806236616 0
v -0.3079274892637611 1.234260010736239 0.02762135864009951
v -0.44051001073623886 1.101677489263761 0.02762135864009951
v -0.3274587392637611 1.253791260736239 0.0390625
v -0.46004126073623886 1.121208739263761 0.0390625
v -0.3469899892637611 1.273322510736239 0.027621358640099514
v -0.47957251073623886 1.140739989263761 0.027621358640099514
v -0.35508009790386064 1.2814126193763384 4.783776559169349e-18
v -0.48766261937633837 1.1488300979038606 4.783776559169349e-18
v -0.3469899892637611 1.273322510736239 -0.02762135864009951
v -0.47957251073623886 1.140739989263761 -0.02762135864009951
v -0.3274587392637611 1.253791260736239 -0.0390625
v -0.46004126073623886 1.121208739263761 -0.0390625
v -0.3079274892637611 1.234260010736239 -0.02762135864009952
v -0.44051001073623886 1.101677489263761 -0.02762135864009952
vt 0.49999999999999994 0.96875
vt 0.6171875 0.96875
vt 0.6171875 0.03125
vt 0.49999999999999994 0.03125
vt 0.9375 0.5
vt 0.8093592167691146 0.1906407832308854
vt 0.5 0.5
vt 0.8093592167691146 0.1906407832308854
vt 0.9375 0.5
vt 0.5 0.5
vt 0.6171875 0.96875
vt 0.734375 0.96875
vt 0.734375 0.03125
vt 0.6171875 0.03125
vt 0.8093592167691146 0.1906407832308854
vt 0.5 0.0625
vt 0.5 0.5
vt 0.5 0.0625
vt 0.8093592167691146 0.1906407832308854
vt 0.5 0.5
vt 0.734375 0.96875
vt 0.8515625 0.96875
vt 0.8515625 0.03125
vt 0.734375 0.03125
vt 0.5 0.0625
vt 0.19064078323088549 0.1906407832308854
vt 0.5 0.5
vt 0.19064078323088549 0.1906407832308854
vt 0.5 0.0625
vt 0.5 0.5
vt 0.8515625 0.96875
vt 0.9687499999999999 0.96875
vt 0.9687499999999999 0.03125
vt 0.8515625 0.03125
vt 0.19064078323088549 0.1906407832308854
vt 0.0625 0.4999999999999999
vt 0.5 0.5
vt 0.0625 0.4999999999999999
vt 0.19064078323088549 0.1906407832308854
vt 0.5 0.5
vt 0.9687499999999999 0.96875
vt 0.1484375 0.96875
vt 0.1484375 0.03125
vt 0.9687499999999999 0.03125
vt 0.0625 0.4999999999999999
vt 0.19064078323088535 0.8093592167691145
vt 0.5 0.5
vt 0.19064078323088535 0.8093592167691145
vt 0.0625 0.4999999999999999
vt 0.5 0.5
vt 0.1484375 0.96875
vt 0.26562499999999994 0.96875
vt 0.26562499999999994 0.03125
vt 0.1484375 0.03125
vt 0.19064078323088535 0.8093592167691145
vt 0.4999999999999999 0.9375
vt 0.5 0.5
vt 0.4999999999999999 0.9375
vt 0.19064078323088535 0.8093592167691145
vt 0.5 0.5
vt 0.26562499999999994 0.96875
vt 0.3828125 0.96875
vt 0.3828125 0.03125
vt 0.26562499999999994 0.03125
vt 0.4999999999999999 0.9375
vt 0.8093592167691146 0.8093592167691146
vt 0.5 0.5
vt 0.8093592167691146 0.8093592167691146
vt 0.4999999999999999 0.9375
vt 0.5 0.5
vt 0.3828125 0.96875
vt 0.49999999999999994 0.96875
vt 0.49999999999999994 0.03125
vt 0.3828125 0.03125
vt 0.8093592167691146 0.8093592167691146
vt 0.9375 0.5
vt 0.5 0.5
vt 0.9375 0.5
vt 0.8093592167691146 0.8093592167691146
vt 0.5 0.5
vn -0.6532814824381882 0.6532814824381883 -0.3826834323650898
vn -0.7071067811865476 -0.7071067811865475 0
vn 0.7071067811865476 0.7071067811865475 0
vn -0.2705980500730986 0.2705980500730986 -0.9238795325112867
vn -0.7071067811865476 -0.7071067811865475 0
vn 0.7071067811865476 0.7071067811865475 0
vn 0.27059805007309845 -0.2705980500730985 -0.9238795325112867
vn -0.7071067811865476 -0.7071067811865475 0
vn 0.7071067811865476 0.7071067811865475 0
vn 0.6532814824381882 -0.6532814824381883 -0.38268343236508995
vn -0.7071067811865476 -0.7071067811865475 0
vn 0.7071067811865476 0.7071067811865475 0
vn 0.6532814824381883 -0.6532814824381884 0.38268343236508956
vn -0.7071067811865476 -0.7071067811865475 0
vn 0.7071067811865476 0.7071067811865475 0
vn 0.27059805007309856 -0.2705980500730986 0.9238795325112867
vn -0.7071067811865476 -0.7071067811865475 0
vn 0.7071067811865476 0.7071067811865475 0
vn -0.27059805007309834 0.27059805007309834 0.9238795325112868
vn -0.7071067811865476 -0.7071067811865475 0
vn 0.7071067811865476 0.7071067811865475 0
vn -0.6532814824381882 0.6532814824381883 0.38268343236508984
vn -0.7071067811865476 -0.7071067811865475 0
vn 0.7071067811865476 0.7071067811865475 0
usemtl m_1a854464-2084-110c-497e-4e863804e724
f 1068/4025/1145 1070/4026/1145 1069/4027/1145 1067/4028/1145
f 1067/4029/1146 1069/4030/1146 1065/4031/1146
f 1070/4032/1147 1068/4033/1147 1066/4034/1147
f 1070/4035/1148 1072/4036/1148 1071/4037/1148 1069/4038/1148
f 1069/4039/1149 1071/4040/1149 1065/4041/1149
f 1072/4042/1150 1070/4043/1150 1066/4044/1150
f 1072/4045/1151 1074/4046/1151 1073/4047/1151 1071/4048/1151
f 1071/4049/1152 1073/4050/1152 1065/4051/1152
f 1074/4052/1153 1072/4053/1153 1066/4054/1153
f 1074/4055/1154 1076/4056/1154 1075/4057/1154 1073/4058/1154
f 1073/4059/1155 1075/4060/1155 1065/4061/1155
f 1076/4062/1156 1074/4063/1156 1066/4064/1156
f 1076/4065/1157 1078/4066/1157 1077/4067/1157 1075/4068/1157
f 1075/4069/1158 1077/4070/1158 1065/4071/1158
f 1078/4072/1159 1076/4073/1159 1066/4074/1159
f 1078/4075/1160 1080/4076/1160 1079/4077/1160 1077/4078/1160
f 1077/4079/1161 1079/4080/1161 1065/4081/1161
f 1080/4082/1162 1078/4083/1162 1066/4084/1162
f 1080/4085/1163 1082/4086/1163 1081/4087/1163 1079/4088/1163
f 1079/4089/1164 1081/4090/1164 1065/4091/1164
f 1082/4092/1165 1080/4093/1165 1066/4094/1165
f 1082/4095/1166 1068/4096/1166 1067/4097/1166 1081/4098/1166
f 1081/4099/1167 1067/4100/1167 1065/4101/1167
f 1068/4102/1168 1082/4103/1168 1066/4104/1168
o hose_segment_02
v -0.4665933205361949 1.1271074693266767 0
v -0.5959066794638052 0.9353925306733233 0
v -0.4342090403582636 1.1052639965348505 0
v -0.5635223992858738 0.9135490578814973 0
v -0.4436941764185346 1.1116618015909125 0.02762135864009951
v -0.5730075353461448 0.9199468629375592 0.02762135864009951
v -0.4665933205361949 1.1271074693266767 0.0390625
v -0.5959066794638052 0.9353925306733233 0.0390625
v -0.4894924646538552 1.1425531370624407 0.027621358640099514
v -0.6188058235814654 0.9508381984090873 0.027621358640099514
v -0.4989776007141262 1.1489509421185027 4.783776559169349e-18
v -0.6282909596417364 0.9572360034651494 4.783776559169349e-18
v -0.4894924646538552 1.1425531370624407 -0.02762135864009951
v -0.6188058235814654 0.9508381984090873 -0.02762135864009951
v -0.4665933205361949 1.1271074693266767 -0.0390625
v -0.5959066794638052 0.9353925306733233 -0.0390625
v -0.4436941764185346 1.1116618015909125 -0.02762135864009952
v -0.5730075353461448 0.9199468629375592 -0.02762135864009952
vt 0.49999999999999994 0.96875
vt 0.6171875 0.96875
vt 0.6171875 0.03125
vt 0.49999999999999994 0.03125
vt 0.9375 0.5
vt 0.8093592167691146 0.1906407832308854
vt 0.5 0.5
vt 0.8093592167691146 0.1906407832308854
vt 0.9375 0.5
vt 0.5 0.5
vt 0.6171875 0.96875
vt 0.734375 0.96875
vt 0.734375 0.03125
vt 0.6171875 0.03125
vt 0.8093592167691146 0.1906407832308854
vt 0.5 0.0625
vt 0.5 0.5
vt 0.5 0.0625
vt 0.8093592167691146 0.1906407832308854
vt 0.5 0.5
vt 0.734375 0.96875
vt 0.8515625 0.96875
vt 0.8515625 0.03125
vt 0.734375 0.03125
vt 0.5 0.0625
vt 0.19064078323088549 0.1906407832308854
vt 0.5 0.5
vt 0.19064078323088549 0.1906407832308854
vt 0.5 0.0625
vt 0.5 0.5
vt 0.8515625 0.96875
vt 0.9687499999999999 0.96875
vt 0.9687499999999999 0.03125
vt 0.8515625 0.03125
vt 0.19064078323088549 0.1906407832308854
vt 0.0625 0.4999999999999999
vt 0.5 0.5
vt 0.0625 0.4999999999999999
vt 0.19064078323088549 0.1906407832308854
vt 0.5 0.5
vt 0.9687499999999999 0.96875
vt 0.1484375 0.96875
vt 0.1484375 0.03125
vt 0.9687499999999999 0.03125
vt 0.0625 0.4999999999999999
vt 0.19064078323088535 0.8093592167691145
vt 0.5 0.5
vt 0.19064078323088535 0.8093592167691145
vt 0.0625 0.4999999999999999
vt 0.5 0.5
vt 0.1484375 0.96875
vt 0.26562499999999994 0.96875
vt 0.26562499999999994 0.03125
vt 0.1484375 0.03125
vt 0.19064078323088535 0.8093592167691145
vt 0.4999999999999999 0.9375
vt 0.5 0.5
vt 0.4999999999999999 0.9375
vt 0.19064078323088535 0.8093592167691145
vt 0.5 0.5
vt 0.26562499999999994 0.96875
vt 0.3828125 0.96875
vt 0.3828125 0.03125
vt 0.26562499999999994 0.03125
vt 0.4999999999999999 0.9375
vt 0.8093592167691146 0.8093592167691146
vt 0.5 0.5
vt 0.8093592167691146 0.8093592167691146
vt 0.4999999999999999 0.9375
vt 0.5 0.5
vt 0.3828125 0.96875
vt 0.49999999999999994 0.96875
vt 0.49999999999999994 0.03125
vt 0.3828125 0.03125
vt 0.8093592167691146 0.8093592167691146
vt 0.9375 0.5
vt 0.5 0.5
vt 0.9375 0.5
vt 0.8093592167691146 0.8093592167691146
vt 0.5 0.5
vn -0.7659308449664439 0.5166268782421828 -0.38268343236508984
vn -0.5591929034707469 -0.8290375725550416 0
vn 0.5591929034707469 0.8290375725550416 0
vn -0.3172589438249856 0.2139938596543858 -0.9238795325112867
vn -0.5591929034707469 -0.8290375725550416 0
vn 0.5591929034707469 0.8290375725550416 0
vn 0.31725894382498543 -0.21399385965438572 -0.9238795325112867
vn -0.5591929034707469 -0.8290375725550416 0
vn 0.5591929034707469 0.8290375725550416 0
vn 0.7659308449664438 -0.5166268782421828 -0.3826834323650899
vn -0.5591929034707469 -0.8290375725550416 0
vn 0.5591929034707469 0.8290375725550416 0
vn 0.7659308449664439 -0.5166268782421828 0.38268343236508956
vn -0.5591929034707469 -0.8290375725550416 0
vn 0.5591929034707469 0.8290375725550416 0
vn 0.3172589438249856 -0.2139938596543858 0.9238795325112867
vn -0.5591929034707469 -0.8290375725550416 0
vn 0.5591929034707469 0.8290375725550416 0
vn -0.3172589438249853 0.21399385965438564 0.9238795325112868
vn -0.5591929034707469 -0.8290375725550416 0
vn 0.5591929034707469 0.8290375725550416 0
vn -0.7659308449664438 0.5166268782421828 0.38268343236508984
vn -0.5591929034707469 -0.8290375725550416 0
vn 0.5591929034707469 0.8290375725550416 0
usemtl m_1a854464-2084-110c-497e-4e863804e724
f 1086/4105/1169 1088/4106/1169 1087/4107/1169 1085/4108/1169
f 1085/4109/1170 1087/4110/1170 1083/4111/1170
f 1088/4112/1171 1086/4113/1171 1084/4114/1171
f 1088/4115/1172 1090/4116/1172 1089/4117/1172 1087/4118/1172
f 1087/4119/1173 1089/4120/1173 1083/4121/1173
f 1090/4122/1174 1088/4123/1174 1084/4124/1174
f 1090/4125/1175 1092/4126/1175 1091/4127/1175 1089/4128/1175
f 1089/4129/1176 1091/4130/1176 1083/4131/1176
f 1092/4132/1177 1090/4133/1177 1084/4134/1177
f 1092/4135/1178 1094/4136/1178 1093/4137/1178 1091/4138/1178
f 1091/4139/1179 1093/4140/1179 1083/4141/1179
f 1094/4142/1180 1092/4143/1180 1084/4144/1180
f 1094/4145/1181 1096/4146/1181 1095/4147/1181 1093/4148/1181
f 1093/4149/1182 1095/4150/1182 1083/4151/1182
f 1096/4152/1183 1094/4153/1183 1084/4154/1183
f 1096/4155/1184 1098/4156/1184 1097/4157/1184 1095/4158/1184
f 1095/4159/1185 1097/4160/1185 1083/4161/1185
f 1098/4162/1186 1096/4163/1186 1084/4164/1186
f 1098/4165/1187 1100/4166/1187 1099/4167/1187 1097/4168/1187
f 1097/4169/1188 1099/4170/1188 1083/4171/1188
f 1100/4172/1189 1098/4173/1189 1084/4174/1189
f 1100/4175/1190 1086/4176/1190 1085/4177/1190 1099/4178/1190
f 1099/4179/1191 1085/4180/1191 1083/4181/1191
f 1086/4182/1192 1100/4183/1192 1084/4184/1192
o hose_segment_03
v -0.5924693067798503 0.9379498698105615 0
v -0.6887806932201497 0.6870501301894385 0
v -0.5560013213698033 0.9239511217814482 0
v -0.6523127078101028 0.6730513821603252 0
v -0.5666825470001939 0.9280512601510537 0.02762135864009951
v -0.6629939334404935 0.6771515205299307 0.02762135864009951
v -0.5924693067798503 0.9379498698105615 0.0390625
v -0.6887806932201497 0.6870501301894385 0.0390625
v -0.6182560665595065 0.9478484794700692 0.027621358640099514
v -0.7145674529998061 0.6969487398489463 0.027621358640099514
v -0.6289372921898972 0.9519486178396748 4.783776559169349e-18
v -0.7252486786301967 0.7010488782185518 4.783776559169349e-18
v -0.6182560665595066 0.9478484794700693 -0.02762135864009951
v -0.7145674529998061 0.6969487398489463 -0.02762135864009951
v -0.5924693067798503 0.9379498698105615 -0.0390625
v -0.6887806932201498 0.6870501301894385 -0.0390625
v -0.566682547000194 0.9280512601510537 -0.02762135864009952
v -0.6629939334404935 0.6771515205299308 -0.02762135864009952
vt 0.49999999999999994 0.96875
vt 0.6171875 0.96875
vt 0.6171875 0.03125
vt 0.49999999999999994 0.03125
vt 0.9375 0.5
vt 0.8093592167691146 0.1906407832308854
vt 0.5 0.5
vt 0.8093592167691146 0.1906407832308854
vt 0.9375 0.5
vt 0.5 0.5
vt 0.6171875 0.96875
vt 0.734375 0.96875
vt 0.734375 0.03125
vt 0.6171875 0.03125
vt 0.8093592167691146 0.1906407832308854
vt 0.5 0.0625
vt 0.5 0.5
vt 0.5 0.0625
vt 0.8093592167691146 0.1906407832308854
vt 0.5 0.5
vt 0.734375 0.96875
vt 0.8515625 0.96875
vt 0.8515625 0.03125
vt 0.734375 0.03125
vt 0.5 0.0625
vt 0.19064078323088549 0.1906407832308854
vt 0.5 0.5
vt 0.19064078323088549 0.1906407832308854
vt 0.5 0.0625
vt 0.5 0.5
vt 0.8515625 0.96875
vt 0.9687499999999999 0.96875
vt 0.9687499999999999 0.03125
vt 0.8515625 0.03125
vt 0.19064078323088549 0.1906407832308854
vt 0.0625 0.4999999999999999
vt 0.5 0.5
vt 0.0625 0.4999999999999999
vt 0.19064078323088549 0.1906407832308854
vt 0.5 0.5
vt 0.9687499999999999 0.96875
vt 0.1484375 0.96875
vt 0.1484375 0.03125
vt 0.9687499999999999 0.03125
vt 0.0625 0.4999999999999999
vt 0.19064078323088535 0.8093592167691145
vt 0.5 0.5
vt 0.19064078323088535 0.8093592167691145
vt 0.0625 0.4999999999999999
vt 0.5 0.5
vt 0.1484375 0.96875
vt 0.26562499999999994 0.96875
vt 0.26562499999999994 0.03125
vt 0.1484375 0.03125
vt 0.19064078323088535 0.8093592167691145
vt 0.4999999999999999 0.9375
vt 0.5 0.5
vt 0.4999999999999999 0.9375
vt 0.19064078323088535 0.8093592167691145
vt 0.5 0.5
vt 0.26562499999999994 0.96875
vt 0.3828125 0.96875
vt 0.3828125 0.03125
vt 0.26562499999999994 0.03125
vt 0.4999999999999999 0.9375
vt 0.8093592167691146 0.8093592167691146
vt 0.5 0.5
vt 0.8093592167691146 0.8093592167691146
vt 0.4999999999999999 0.9375
vt 0.5 0.5
vt 0.3828125 0.96875
vt 0.49999999999999994 0.96875
vt 0.49999999999999994 0.03125
vt 0.3828125 0.03125
vt 0.8093592167691146 0.8093592167691146
vt 0.9375 0.5
vt 0.5 0.5
vt 0.9375 0.5
vt 0.8093592167691146 0.8093592167691146
vt 0.5 0.5
vn -0.8625158479939224 0.33108881369294046 -0.3826834323650897
vn -0.3583679495453003 -0.9335804264972017 0
vn 0.3583679495453003 0.9335804264972017 0
vn -0.3572657620008136 0.13714147698163487 -0.9238795325112867
vn -0.3583679495453003 -0.9335804264972017 0
vn 0.3583679495453003 0.9335804264972017 0
vn 0.3572657620008135 -0.1371414769816348 -0.9238795325112868
vn -0.3583679495453003 -0.9335804264972017 0
vn 0.3583679495453003 0.9335804264972017 0
vn 0.8625158479939224 -0.33108881369294046 -0.38268343236508984
vn -0.3583679495453003 -0.9335804264972017 0
vn 0.3583679495453003 0.9335804264972017 0
vn 0.8625158479939226 -0.3310888136929405 0.3826834323650895
vn -0.3583679495453003 -0.9335804264972017 0
vn 0.3583679495453003 0.9335804264972017 0
vn 0.3572657620008136 -0.13714147698163487 0.9238795325112868
vn -0.3583679495453003 -0.9335804264972017 0
vn 0.3583679495453003 0.9335804264972017 0
vn -0.35726576200081334 0.13714147698163476 0.9238795325112868
vn -0.3583679495453003 -0.9335804264972017 0
vn 0.3583679495453003 0.9335804264972017 0
vn -0.8625158479939226 0.33108881369294046 0.38268343236508995
vn -0.3583679495453003 -0.9335804264972017 0
vn 0.3583679495453003 0.9335804264972017 0
usemtl m_1a854464-2084-110c-497e-4e863804e724
f 1104/4185/1193 1106/4186/1193 1105/4187/1193 1103/4188/1193
f 1103/4189/1194 1105/4190/1194 1101/4191/1194
f 1106/4192/1195 1104/4193/1195 1102/4194/1195
f 1106/4195/1196 1108/4196/1196 1107/4197/1196 1105/4198/1196
f 1105/4199/1197 1107/4200/1197 1101/4201/1197
f 1108/4202/1198 1106/4203/1198 1102/4204/1198
f 1108/4205/1199 1110/4206/1199 1109/4207/1199 1107/4208/1199
f 1107/4209/1200 1109/4210/1200 1101/4211/1200
f 1110/4212/1201 1108/4213/1201 1102/4214/1201
f 1110/4215/1202 1112/4216/1202 1111/4217/1202 1109/4218/1202
f 1109/4219/1203 1111/4220/1203 1101/4221/1203
f 1112/4222/1204 1110/4223/1204 1102/4224/1204
f 1112/4225/1205 1114/4226/1205 1113/4227/1205 1111/4228/1205
f 1111/4229/1206 1113/4230/1206 1101/4231/1206
f 1114/4232/1207 1112/4233/1207 1102/4234/1207
f 1114/4235/1208 1116/4236/1208 1115/4237/1208 1113/4238/1208
f 1113/4239/1209 1115/4240/1209 1101/4241/1209
f 1116/4242/1210 1114/4243/1210 1102/4244/1210
f 1116/4245/1211 1118/4246/1211 1117/4247/1211 1115/4248/1211
f 1115/4249/1212 1117/4250/1212 1101/4251/1212
f 1118/4252/1213 1116/4253/1213 1102/4254/1213
f 1118/4255/1214 1104/4256/1214 1103/4257/1214 1117/4258/1214
f 1117/4259/1215 1103/4260/1215 1101/4261/1215
f 1104/4262/1216 1118/4263/1216 1102/4264/1216
o hose_segment_04
v -0.6737438667369906 0.6736010348816007 0
v -0.7137561332630094 0.3888989651183993 0
v -0.635061520301773 0.6681645856253482 0
v -0.6750737868277918 0.38346251586214675 0
v -0.646391317260441 0.669756884746928 0.02762135864009951
v -0.6864035837864597 0.3850548149837265 0.02762135864009951
v -0.6737438667369906 0.6736010348816007 0.0390625
v -0.7137561332630094 0.3888989651183993 0.0390625
v -0.7010964162135402 0.6774451850162735 0.027621358640099514
v -0.741108682739559 0.39274311525307204 0.027621358640099514
v -0.7124262131722081 0.6790374841378533 4.783776559169349e-18
v -0.752438479698227 0.3943354143746518 4.783776559169349e-18
v -0.7010964162135402 0.6774451850162735 -0.02762135864009951
v -0.741108682739559 0.39274311525307204 -0.02762135864009951
v -0.6737438667369906 0.6736010348816007 -0.0390625
v -0.7137561332630094 0.3888989651183993 -0.0390625
v -0.646391317260441 0.669756884746928 -0.02762135864009952
v -0.6864035837864597 0.3850548149837265 -0.02762135864009952
vt 0.49999999999999994 0.96875
vt 0.6171875 0.96875
vt 0.6171875 0.03124999999999989
vt 0.49999999999999994 0.03124999999999989
vt 0.9375 0.5
vt 0.8093592167691146 0.1906407832308854
vt 0.5 0.5
vt 0.8093592167691146 0.1906407832308854
vt 0.9375 0.5
vt 0.5 0.5
vt 0.6171875 0.96875
vt 0.734375 0.96875
vt 0.734375 0.03124999999999989
vt 0.6171875 0.03124999999999989
vt 0.8093592167691146 0.1906407832308854
vt 0.5 0.0625
vt 0.5 0.5
vt 0.5 0.0625
vt 0.8093592167691146 0.1906407832308854
vt 0.5 0.5
vt 0.734375 0.96875
vt 0.8515625 0.96875
vt 0.8515625 0.03124999999999989
vt 0.734375 0.03124999999999989
vt 0.5 0.0625
vt 0.19064078323088549 0.1906407832308854
vt 0.5 0.5
vt 0.19064078323088549 0.1906407832308854
vt 0.5 0.0625
vt 0.5 0.5
vt 0.8515625 0.96875
vt 0.9687499999999999 0.96875
vt 0.9687499999999999 0.03124999999999989
vt 0.8515625 0.03124999999999989
vt 0.19064078323088549 0.1906407832308854
vt 0.0625 0.4999999999999999
vt 0.5 0.5
vt 0.0625 0.4999999999999999
vt 0.19064078323088549 0.1906407832308854
vt 0.5 0.5
vt 0.9687499999999999 0.96875
vt 0.1484375 0.96875
vt 0.1484375 0.03124999999999989
vt 0.9687499999999999 0.03124999999999989
vt 0.0625 0.4999999999999999
vt 0.19064078323088535 0.8093592167691145
vt 0.5 0.5
vt 0.19064078323088535 0.8093592167691145
vt 0.0625 0.4999999999999999
vt 0.5 0.5
vt 0.1484375 0.96875
vt 0.26562499999999994 0.96875
vt 0.26562499999999994 0.03124999999999989
vt 0.1484375 0.03124999999999989
vt 0.19064078323088535 0.8093592167691145
vt 0.4999999999999999 0.9375
vt 0.5 0.5
vt 0.4999999999999999 0.9375
vt 0.19064078323088535 0.8093592167691145
vt 0.5 0.5
vt 0.26562499999999994 0.96875
vt 0.3828125 0.96875
vt 0.3828125 0.03124999999999989
vt 0.26562499999999994 0.03124999999999989
vt 0.4999999999999999 0.9375
vt 0.8093592167691146 0.8093592167691146
vt 0.5 0.5
vt 0.8093592167691146 0.8093592167691146
vt 0.4999999999999999 0.9375
vt 0.5 0.5
vt 0.3828125 0.96875
vt 0.49999999999999994 0.96875
vt 0.49999999999999994 0.03124999999999989
vt 0.3828125 0.03124999999999989
vt 0.8093592167691146 0.8093592167691146
vt 0.9375 0.5
vt 0.5 0.5
vt 0.9375 0.5
vt 0.8093592167691146 0.8093592167691146
vt 0.5 0.5
vn -0.9148884004098168 0.12857917945313138 -0.3826834323650899
vn -0.13917310096006544 -0.9902680687415704 0
vn 0.13917310096006544 0.9902680687415704 0
vn -0.37895918350757285 0.05325923996829102 -0.9238795325112867
vn -0.13917310096006544 -0.9902680687415704 0
vn 0.13917310096006544 0.9902680687415704 0
vn 0.3789591835075728 -0.05325923996829101 -0.923879532511287
vn -0.13917310096006544 -0.9902680687415704 0
vn 0.13917310096006544 0.9902680687415704 0
vn 0.9148884004098168 -0.12857917945313138 -0.38268343236509
vn -0.13917310096006544 -0.9902680687415704 0
vn 0.13917310096006544 0.9902680687415704 0
vn 0.914888400409817 -0.1285791794531314 0.38268343236508967
vn -0.13917310096006544 -0.9902680687415704 0
vn 0.13917310096006544 0.9902680687415704 0
vn 0.3789591835075728 -0.05325923996829101 0.9238795325112867
vn -0.13917310096006544 -0.9902680687415704 0
vn 0.13917310096006544 0.9902680687415704 0
vn -0.3789591835075725 0.053259239968290975 0.923879532511287
vn -0.13917310096006544 -0.9902680687415704 0
vn 0.13917310096006544 0.9902680687415704 0
vn -0.9148884004098168 0.12857917945313138 0.38268343236508995
vn -0.13917310096006544 -0.9902680687415704 0
vn 0.13917310096006544 0.9902680687415704 0
usemtl m_1a854464-2084-110c-497e-4e863804e724
f 1122/4265/1217 1124/4266/1217 1123/4267/1217 1121/4268/1217
f 1121/4269/1218 1123/4270/1218 1119/4271/1218
f 1124/4272/1219 1122/4273/1219 1120/4274/1219
f 1124/4275/1220 1126/4276/1220 1125/4277/1220 1123/4278/1220
f 1123/4279/1221 1125/4280/1221 1119/4281/1221
f 1126/4282/1222 1124/4283/1222 1120/4284/1222
f 1126/4285/1223 1128/4286/1223 1127/4287/1223 1125/4288/1223
f 1125/4289/1224 1127/4290/1224 1119/4291/1224
f 1128/4292/1225 1126/4293/1225 1120/4294/1225
f 1128/4295/1226 1130/4296/1226 1129/4297/1226 1127/4298/1226
f 1127/4299/1227 1129/4300/1227 1119/4301/1227
f 1130/4302/1228 1128/4303/1228 1120/4304/1228
f 1130/4305/1229 1132/4306/1229 1131/4307/1229 1129/4308/1229
f 1129/4309/1230 1131/4310/1230 1119/4311/1230
f 1132/4312/1231 1130/4313/1231 1120/4314/1231
f 1132/4315/1232 1134/4316/1232 1133/4317/1232 1131/4318/1232
f 1131/4319/1233 1133/4320/1233 1119/4321/1233
f 1134/4322/1234 1132/4323/1234 1120/4324/1234
f 1134/4325/1235 1136/4326/1235 1135/4327/1235 1133/4328/1235
f 1133/4329/1236 1135/4330/1236 1119/4331/1236
f 1136/4332/1237 1134/4333/1237 1120/4334/1237
f 1136/4335/1238 1122/4336/1238 1121/4337/1238 1135/4338/1238
f 1135/4339/1239 1121/4340/1239 1119/4341/1239
f 1122/4342/1240 1136/4343/1240 1120/4344/1240
o hose_segment_05
v -0.69375 0.409375 0
v -0.69375 0.128125 0
v -0.6546875 0.409375 0
v -0.6546875 0.128125 0
v -0.6661286413599005 0.409375 0.02762135864009951
v -0.6661286413599005 0.128125 0.02762135864009951
v -0.69375 0.409375 0.0390625
v -0.69375 0.128125 0.0390625
v -0.7213713586400995 0.409375 0.027621358640099514
v -0.7213713586400995 0.128125 0.027621358640099514
v -0.7328125 0.409375 4.783776559169349e-18
v -0.7328125 0.128125 4.783776559169349e-18
v -0.7213713586400995 0.409375 -0.02762135864009951
v -0.7213713586400995 0.128125 -0.02762135864009951
v -0.69375 0.409375 -0.0390625
v -0.69375 0.128125 -0.0390625
v -0.6661286413599005 0.409375 -0.02762135864009952
v -0.6661286413599005 0.128125 -0.02762135864009952
vt 0.49999999999999994 0.96875
vt 0.6171875 0.96875
vt 0.6171875 0.03125
vt 0.49999999999999994 0.03125
vt 0.9375 0.5
vt 0.8093592167691146 0.1906407832308854
vt 0.5 0.5
vt 0.8093592167691146 0.1906407832308854
vt 0.9375 0.5
vt 0.5 0.5
vt 0.6171875 0.96875
vt 0.734375 0.96875
vt 0.734375 0.03125
vt 0.6171875 0.03125
vt 0.8093592167691146 0.1906407832308854
vt 0.5 0.0625
vt 0.5 0.5
vt 0.5 0.0625
vt 0.8093592167691146 0.1906407832308854
vt 0.5 0.5
vt 0.734375 0.96875
vt 0.8515625 0.96875
vt 0.8515625 0.03125
vt 0.734375 0.03125
vt 0.5 0.0625
vt 0.19064078323088549 0.1906407832308854
vt 0.5 0.5
vt 0.19064078323088549 0.1906407832308854
vt 0.5 0.0625
vt 0.5 0.5
vt 0.8515625 0.96875
vt 0.9687499999999999 0.96875
vt 0.9687499999999999 0.03125
vt 0.8515625 0.03125
vt 0.19064078323088549 0.1906407832308854
vt 0.0625 0.4999999999999999
vt 0.5 0.5
vt 0.0625 0.4999999999999999
vt 0.19064078323088549 0.1906407832308854
vt 0.5 0.5
vt 0.9687499999999999 0.96875
vt 0.1484375 0.96875
vt 0.1484375 0.03125
vt 0.9687499999999999 0.03125
vt 0.0625 0.4999999999999999
vt 0.19064078323088535 0.8093592167691145
vt 0.5 0.5
vt 0.19064078323088535 0.8093592167691145
vt 0.0625 0.4999999999999999
vt 0.5 0.5
vt 0.1484375 0.96875
vt 0.26562499999999994 0.96875
vt 0.26562499999999994 0.03125
vt 0.1484375 0.03125
vt 0.19064078323088535 0.8093592167691145
vt 0.4999999999999999 0.9375
vt 0.5 0.5
vt 0.4999999999999999 0.9375
vt 0.19064078323088535 0.8093592167691145
vt 0.5 0.5
vt 0.26562499999999994 0.96875
vt 0.3828125 0.96875
vt 0.3828125 0.03125
vt 0.26562499999999994 0.03125
vt 0.4999999999999999 0.9375
vt 0.8093592167691146 0.8093592167691146
vt 0.5 0.5
vt 0.8093592167691146 0.8093592167691146
vt 0.4999999999999999 0.9375
vt 0.5 0.5
vt 0.3828125 0.96875
vt 0.49999999999999994 0.96875
vt 0.49999999999999994 0.03125
vt 0.3828125 0.03125
vt 0.8093592167691146 0.8093592167691146
vt 0.9375 0.5
vt 0.5 0.5
vt 0.9375 0.5
vt 0.8093592167691146 0.8093592167691146
vt 0.5 0.5
vn -0.9238795325112867 0 -0.3826834323650898
vn 0 -1 0
vn 0 1 0
vn -0.3826834323650899 0 -0.9238795325112867
vn 0 -1 0
vn 0 1 0
vn 0.3826834323650898 0 -0.923879532511287
vn 0 -1 0
vn 0 1 0
vn 0.9238795325112867 0 -0.3826834323650899
vn 0 -1 0
vn 0 1 0
vn 0.9238795325112868 0 0.38268343236508956
vn 0 -1 0
vn 0 1 0
vn 0.3826834323650898 0 0.9238795325112867
vn 0 -1 0
vn 0 1 0
vn -0.38268343236508956 0 0.9238795325112868
vn 0 -1 0
vn 0 1 0
vn -0.9238795325112867 0 0.38268343236508984
vn 0 -1 0
vn 0 1 0
usemtl m_1a854464-2084-110c-497e-4e863804e724
f 1140/4345/1241 1142/4346/1241 1141/4347/1241 1139/4348/1241
f 1139/4349/1242 1141/4350/1242 1137/4351/1242
f 1142/4352/1243 1140/4353/1243 1138/4354/1243
f 1142/4355/1244 1144/4356/1244 1143/4357/1244 1141/4358/1244
f 1141/4359/1245 1143/4360/1245 1137/4361/1245
f 1144/4362/1246 1142/4363/1246 1138/4364/1246
f 1144/4365/1247 1146/4366/1247 1145/4367/1247 1143/4368/1247
f 1143/4369/1248 1145/4370/1248 1137/4371/1248
f 1146/4372/1249 1144/4373/1249 1138/4374/1249
f 1146/4375/1250 1148/4376/1250 1147/4377/1250 1145/4378/1250
f 1145/4379/1251 1147/4380/1251 1137/4381/1251
f 1148/4382/1252 1146/4383/1252 1138/4384/1252
f 1148/4385/1253 1150/4386/1253 1149/4387/1253 1147/4388/1253
f 1147/4389/1254 1149/4390/1254 1137/4391/1254
f 1150/4392/1255 1148/4393/1255 1138/4394/1255
f 1150/4395/1256 1152/4396/1256 1151/4397/1256 1149/4398/1256
f 1149/4399/1257 1151/4400/1257 1137/4401/1257
f 1152/4402/1258 1150/4403/1258 1138/4404/1258
f 1152/4405/1259 1154/4406/1259 1153/4407/1259 1151/4408/1259
f 1151/4409/1260 1153/4410/1260 1137/4411/1260
f 1154/4412/1261 1152/4413/1261 1138/4414/1261
f 1154/4415/1262 1140/4416/1262 1139/4417/1262 1153/4418/1262
f 1153/4419/1263 1139/4420/1263 1137/4421/1263
f 1140/4422/1264 1154/4423/1264 1138/4424/1264
o hose_segment_06
v -0.69375 0.10000000000000006 0.525
v -0.69375 0.09999999999999995 0
v -0.6546875 0.10000000000000006 0.525
v -0.6546875 0.09999999999999995 0
v -0.6661286413599005 0.07237864135990055 0.525
v -0.6661286413599005 0.07237864135990044 0
v -0.69375 0.06093750000000006 0.525
v -0.69375 0.06093749999999995 0
v -0.7213713586400995 0.07237864135990055 0.525
v -0.7213713586400995 0.07237864135990044 0
v -0.7328125 0.10000000000000006 0.525
v -0.7328125 0.09999999999999994 0
v -0.7213713586400995 0.12762135864009957 0.525
v -0.7213713586400995 0.12762135864009946 0
v -0.69375 0.13906250000000006 0.525
v -0.69375 0.13906249999999995 0
v -0.6661286413599005 0.12762135864009957 0.525
v -0.6661286413599005 0.12762135864009946 0
vt 0.49999999999999994 0.96875
vt 0.6171875 0.96875
vt 0.6171875 0.03125
vt 0.49999999999999994 0.03125
vt 0.9375 0.5
vt 0.8093592167691146 0.1906407832308854
vt 0.5 0.5
vt 0.8093592167691146 0.1906407832308854
vt 0.9375 0.5
vt 0.5 0.5
vt 0.6171875 0.96875
vt 0.734375 0.96875
vt 0.734375 0.03125
vt 0.6171875 0.03125
vt 0.8093592167691146 0.1906407832308854
vt 0.5 0.0625
vt 0.5 0.5
vt 0.5 0.0625
vt 0.8093592167691146 0.1906407832308854
vt 0.5 0.5
vt 0.734375 0.96875
vt 0.8515625 0.96875
vt 0.8515625 0.03125
vt 0.734375 0.03125
vt 0.5 0.0625
vt 0.19064078323088549 0.1906407832308854
vt 0.5 0.5
vt 0.19064078323088549 0.1906407832308854
vt 0.5 0.0625
vt 0.5 0.5
vt 0.8515625 0.96875
vt 0.9687499999999999 0.96875
vt 0.9687499999999999 0.03125
vt 0.8515625 0.03125
vt 0.19064078323088549 0.1906407832308854
vt 0.0625 0.4999999999999999
vt 0.5 0.5
vt 0.0625 0.4999999999999999
vt 0.19064078323088549 0.1906407832308854
vt 0.5 0.5
vt 0.9687499999999999 0.96875
vt 0.1484375 0.96875
vt 0.1484375 0.03125
vt 0.9687499999999999 0.03125
vt 0.0625 0.4999999999999999
vt 0.19064078323088535 0.8093592167691145
vt 0.5 0.5
vt 0.19064078323088535 0.8093592167691145
vt 0.0625 0.4999999999999999
vt 0.5 0.5
vt 0.1484375 0.96875
vt 0.26562499999999994 0.96875
vt 0.26562499999999994 0.03125
vt 0.1484375 0.03125
vt 0.19064078323088535 0.8093592167691145
vt 0.4999999999999999 0.9375
vt 0.5 0.5
vt 0.4999999999999999 0.9375
vt 0.19064078323088535 0.8093592167691145
vt 0.5 0.5
vt 0.26562499999999994 0.96875
vt 0.3828125 0.96875
vt 0.3828125 0.03125
vt 0.26562499999999994 0.03125
vt 0.4999999999999999 0.9375
vt 0.8093592167691146 0.8093592167691146
vt 0.5 0.5
vt 0.8093592167691146 0.8093592167691146
vt 0.4999999999999999 0.9375
vt 0.5 0.5
vt 0.3828125 0.96875
vt 0.49999999999999994 0.96875
vt 0.49999999999999994 0.03125
vt 0.3828125 0.03125
vt 0.8093592167691146 0.8093592167691146
vt 0.9375 0.5
vt 0.5 0.5
vt 0.9375 0.5
vt 0.8093592167691146 0.8093592167691146
vt 0.5 0.5
vn -0.9238795325112868 0.3826834323650899 -8.497279155086132e-17
vn 0 -2.220446049250313e-16 -1
vn 0 2.220446049250313e-16 1
vn -0.38268343236509 0.9238795325112868 -2.051424657947913e-16
vn 0 -2.220446049250313e-16 -1
vn 0 2.220446049250313e-16 1
vn 0.3826834323650898 0.9238795325112867 -2.0514246579479128e-16
vn 0 -2.220446049250313e-16 -1
vn 0 2.220446049250313e-16 1
vn 0.9238795325112868 0.38268343236509 -8.497279155086135e-17
vn 0 -2.220446049250313e-16 -1
vn 0 2.220446049250313e-16 1
vn 0.923879532511287 -0.3826834323650896 8.497279155086126e-17
vn 0 -2.220446049250313e-16 -1
vn 0 2.220446049250313e-16 1
vn 0.3826834323650899 -0.9238795325112868 2.051424657947913e-16
vn 0 -2.220446049250313e-16 -1
vn 0 2.220446049250313e-16 1
vn -0.3826834323650896 -0.923879532511287 2.0514246579479133e-16
vn 0 -2.220446049250313e-16 -1
vn 0 2.220446049250313e-16 1
vn -0.9238795325112868 -0.38268343236508995 8.497279155086134e-17
vn 0 -2.220446049250313e-16 -1
vn 0 2.220446049250313e-16 1
usemtl m_1a854464-2084-110c-497e-4e863804e724
f 1158/4425/1265 1160/4426/1265 1159/4427/1265 1157/4428/1265
f 1157/4429/1266 1159/4430/1266 1155/4431/1266
f 1160/4432/1267 1158/4433/1267 1156/4434/1267
f 1160/4435/1268 1162/4436/1268 1161/4437/1268 1159/4438/1268
f 1159/4439/1269 1161/4440/1269 1155/4441/1269
f 1162/4442/1270 1160/4443/1270 1156/4444/1270
f 1162/4445/1271 1164/4446/1271 1163/4447/1271 1161/4448/1271
f 1161/4449/1272 1163/4450/1272 1155/4451/1272
f 1164/4452/1273 1162/4453/1273 1156/4454/1273
f 1164/4455/1274 1166/4456/1274 1165/4457/1274 1163/4458/1274
f 1163/4459/1275 1165/4460/1275 1155/4461/1275
f 1166/4462/1276 1164/4463/1276 1156/4464/1276
f 1166/4465/1277 1168/4466/1277 1167/4467/1277 1165/4468/1277
f 1165/4469/1278 1167/4470/1278 1155/4471/1278
f 1168/4472/1279 1166/4473/1279 1156/4474/1279
f 1168/4475/1280 1170/4476/1280 1169/4477/1280 1167/4478/1280
f 1167/4479/1281 1169/4480/1281 1155/4481/1281
f 1170/4482/1282 1168/4483/1282 1156/4484/1282
f 1170/4485/1283 1172/4486/1283 1171/4487/1283 1169/4488/1283
f 1169/4489/1284 1171/4490/1284 1155/4491/1284
f 1172/4492/1285 1170/4493/1285 1156/4494/1285
f 1172/4495/1286 1158/4496/1286 1157/4497/1286 1171/4498/1286
f 1171/4499/1287 1157/4500/1287 1155/4501/1287
f 1158/4502/1288 1172/4503/1288 1156/4504/1288
o hose_segment_07
v -0.69375 0.10000000000000006 0.525
v -0.19374999999999998 0.09999999999999995 0.525
v -0.69375 0.13906250000000006 0.525
v -0.19374999999999998 0.13906249999999995 0.525
v -0.69375 0.12762135864009957 0.5526213586400995
v -0.19374999999999998 0.12762135864009946 0.5526213586400995
v -0.69375 0.10000000000000006 0.5640625
v -0.19374999999999998 0.09999999999999995 0.5640625
v -0.69375 0.07237864135990055 0.5526213586400995
v -0.19374999999999998 0.07237864135990044 0.5526213586400995
v -0.69375 0.06093750000000006 0.525
v -0.19374999999999998 0.06093749999999995 0.525
v -0.69375 0.07237864135990055 0.4973786413599005
v -0.19374999999999998 0.07237864135990044 0.4973786413599005
v -0.69375 0.10000000000000005 0.4859375
v -0.19374999999999998 0.09999999999999994 0.4859375
v -0.69375 0.12762135864009957 0.4973786413599005
v -0.19374999999999998 0.12762135864009946 0.4973786413599005
vt 0.49999999999999994 0.96875
vt 0.6171875 0.96875
vt 0.6171875 0.03125
vt 0.49999999999999994 0.03125
vt 0.9375 0.5
vt 0.8093592167691146 0.1906407832308854
vt 0.5 0.5
vt 0.8093592167691146 0.1906407832308854
vt 0.9375 0.5
vt 0.5 0.5
vt 0.6171875 0.96875
vt 0.734375 0.96875
vt 0.734375 0.03125
vt 0.6171875 0.03125
vt 0.8093592167691146 0.1906407832308854
vt 0.5 0.0625
vt 0.5 0.5
vt 0.5 0.0625
vt 0.8093592167691146 0.1906407832308854
vt 0.5 0.5
vt 0.734375 0.96875
vt 0.8515625 0.96875
vt 0.8515625 0.03125
vt 0.734375 0.03125
vt 0.5 0.0625
vt 0.19064078323088549 0.1906407832308854
vt 0.5 0.5
vt 0.19064078323088549 0.1906407832308854
vt 0.5 0.0625
vt 0.5 0.5
vt 0.8515625 0.96875
vt 0.9687499999999999 0.96875
vt 0.9687499999999999 0.03125
vt 0.8515625 0.03125
vt 0.19064078323088549 0.1906407832308854
vt 0.0625 0.4999999999999999
vt 0.5 0.5
vt 0.0625 0.4999999999999999
vt 0.19064078323088549 0.1906407832308854
vt 0.5 0.5
vt 0.9687499999999999 0.96875
vt 0.1484375 0.96875
vt 0.1484375 0.03125
vt 0.9687499999999999 0.03125
vt 0.0625 0.4999999999999999
vt 0.19064078323088535 0.8093592167691145
vt 0.5 0.5
vt 0.19064078323088535 0.8093592167691145
vt 0.0625 0.4999999999999999
vt 0.5 0.5
vt 0.1484375 0.96875
vt 0.26562499999999994 0.96875
vt 0.26562499999999994 0.03125
vt 0.1484375 0.03125
vt 0.19064078323088535 0.8093592167691145
vt 0.4999999999999999 0.9375
vt 0.5 0.5
vt 0.4999999999999999 0.9375
vt 0.19064078323088535 0.8093592167691145
vt 0.5 0.5
vt 0.26562499999999994 0.96875
vt 0.3828125 0.96875
vt 0.3828125 0.03125
vt 0.26562499999999994 0.03125
vt 0.4999999999999999 0.9375
vt 0.8093592167691146 0.8093592167691146
vt 0.5 0.5
vt 0.8093592167691146 0.8093592167691146
vt 0.4999999999999999 0.9375
vt 0.5 0.5
vt 0.3828125 0.96875
vt 0.49999999999999994 0.96875
vt 0.49999999999999994 0.03125
vt 0.3828125 0.03125
vt 0.8093592167691146 0.8093592167691146
vt 0.9375 0.5
vt 0.5 0.5
vt 0.9375 0.5
vt 0.8093592167691146 0.8093592167691146
vt 0.5 0.5
vn -2.0514246579479128e-16 -0.9238795325112867 -0.3826834323650898
vn 1 -2.220446049250313e-16 0
vn -1 2.220446049250313e-16 0
vn -8.497279155086132e-17 -0.3826834323650899 -0.9238795325112867
vn 1 -2.220446049250313e-16 0
vn -1 2.220446049250313e-16 0
vn 8.497279155086129e-17 0.3826834323650897 -0.9238795325112867
vn 1 -2.220446049250313e-16 0
vn -1 2.220446049250313e-16 0
vn 2.0514246579479128e-16 0.9238795325112867 -0.3826834323650899
vn 1 -2.220446049250313e-16 0
vn -1 2.220446049250313e-16 0
vn 2.051424657947913e-16 0.9238795325112868 0.3826834323650895
vn 1 -2.220446049250313e-16 0
vn -1 2.220446049250313e-16 0
vn 8.497279155086131e-17 0.38268343236508984 0.9238795325112867
vn 1 -2.220446049250313e-16 0
vn -1 2.220446049250313e-16 0
vn -8.497279155086124e-17 -0.3826834323650895 0.9238795325112868
vn 1 -2.220446049250313e-16 0
vn -1 2.220446049250313e-16 0
vn -2.0514246579479128e-16 -0.9238795325112867 0.38268343236508984
vn 1 -2.220446049250313e-16 0
vn -1 2.220446049250313e-16 0
usemtl m_1a854464-2084-110c-497e-4e863804e724
f 1176/4505/1289 1178/4506/1289 1177/4507/1289 1175/4508/1289
f 1175/4509/1290 1177/4510/1290 1173/4511/1290
f 1178/4512/1291 1176/4513/1291 1174/4514/1291
f 1178/4515/1292 1180/4516/1292 1179/4517/1292 1177/4518/1292
f 1177/4519/1293 1179/4520/1293 1173/4521/1293
f 1180/4522/1294 1178/4523/1294 1174/4524/1294
f 1180/4525/1295 1182/4526/1295 1181/4527/1295 1179/4528/1295
f 1179/4529/1296 1181/4530/1296 1173/4531/1296
f 1182/4532/1297 1180/4533/1297 1174/4534/1297
f 1182/4535/1298 1184/4536/1298 1183/4537/1298 1181/4538/1298
f 1181/4539/1299 1183/4540/1299 1173/4541/1299
f 1184/4542/1300 1182/4543/1300 1174/4544/1300
f 1184/4545/1301 1186/4546/1301 1185/4547/1301 1183/4548/1301
f 1183/4549/1302 1185/4550/1302 1173/4551/1302
f 1186/4552/1303 1184/4553/1303 1174/4554/1303
f 1186/4555/1304 1188/4556/1304 1187/4557/1304 1185/4558/1304
f 1185/4559/1305 1187/4560/1305 1173/4561/1305
f 1188/4562/1306 1186/4563/1306 1174/4564/1306
f 1188/4565/1307 1190/4566/1307 1189/4567/1307 1187/4568/1307
f 1187/4569/1308 1189/4570/1308 1173/4571/1308
f 1190/4572/1309 1188/4573/1309 1174/4574/1309
f 1190/4575/1310 1176/4576/1310 1175/4577/1310 1189/4578/1310
f 1189/4579/1311 1175/4580/1311 1173/4581/1311
f 1176/4582/1312 1190/4583/1312 1174/4584/1312
o hose_segment_08
v -0.19374999999999998 0.10000000000000007 0.525
v 0.38125 0.09999999999999994 0.525
v -0.19374999999999998 0.13906250000000006 0.525
v 0.38125 0.13906249999999995 0.525
v -0.19374999999999998 0.12762135864009957 0.5526213586400995
v 0.38125 0.12762135864009946 0.5526213586400995
v -0.19374999999999998 0.10000000000000007 0.5640625
v 0.38125 0.09999999999999995 0.5640625
v -0.19374999999999998 0.07237864135990056 0.5526213586400995
v 0.38125 0.07237864135990044 0.5526213586400995
v -0.19374999999999998 0.06093750000000007 0.525
v 0.38125 0.06093749999999994 0.525
v -0.19374999999999998 0.07237864135990055 0.4973786413599005
v 0.38125 0.07237864135990042 0.4973786413599005
v -0.19374999999999998 0.10000000000000006 0.4859375
v 0.38125 0.09999999999999994 0.4859375
v -0.19374999999999998 0.12762135864009957 0.4973786413599005
v 0.38125 0.12762135864009944 0.4973786413599005
vt 0.49999999999999994 0.96875
vt 0.6171875 0.96875
vt 0.6171875 0.03124999999999989
vt 0.49999999999999994 0.03124999999999989
vt 0.9375 0.5
vt 0.8093592167691146 0.1906407832308854
vt 0.5 0.5
vt 0.8093592167691146 0.1906407832308854
vt 0.9375 0.5
vt 0.5 0.5
vt 0.6171875 0.96875
vt 0.734375 0.96875
vt 0.734375 0.03124999999999989
vt 0.6171875 0.03124999999999989
vt 0.8093592167691146 0.1906407832308854
vt 0.5 0.0625
vt 0.5 0.5
vt 0.5 0.0625
vt 0.8093592167691146 0.1906407832308854
vt 0.5 0.5
vt 0.734375 0.96875
vt 0.8515625 0.96875
vt 0.8515625 0.03124999999999989
vt 0.734375 0.03124999999999989
vt 0.5 0.0625
vt 0.19064078323088549 0.1906407832308854
vt 0.5 0.5
vt 0.19064078323088549 0.1906407832308854
vt 0.5 0.0625
vt 0.5 0.5
vt 0.8515625 0.96875
vt 0.9687499999999999 0.96875
vt 0.9687499999999999 0.03124999999999989
vt 0.8515625 0.03124999999999989
vt 0.19064078323088549 0.1906407832308854
vt 0.0625 0.4999999999999999
vt 0.5 0.5
vt 0.0625 0.4999999999999999
vt 0.19064078323088549 0.1906407832308854
vt 0.5 0.5
vt 0.9687499999999999 0.96875
vt 0.1484375 0.96875
vt 0.1484375 0.03124999999999989
vt 0.9687499999999999 0.03124999999999989
vt 0.0625 0.4999999999999999
vt 0.19064078323088535 0.8093592167691145
vt 0.5 0.5
vt 0.19064078323088535 0.8093592167691145
vt 0.0625 0.4999999999999999
vt 0.5 0.5
vt 0.1484375 0.96875
vt 0.26562499999999994 0.96875
vt 0.26562499999999994 0.03124999999999989
vt 0.1484375 0.03124999999999989
vt 0.19064078323088535 0.8093592167691145
vt 0.4999999999999999 0.9375
vt 0.5 0.5
vt 0.4999999999999999 0.9375
vt 0.19064078323088535 0.8093592167691145
vt 0.5 0.5
vt 0.26562499999999994 0.96875
vt 0.3828125 0.96875
vt 0.3828125 0.03124999999999989
vt 0.26562499999999994 0.03124999999999989
vt 0.4999999999999999 0.9375
vt 0.8093592167691146 0.8093592167691146
vt 0.5 0.5
vt 0.8093592167691146 0.8093592167691146
vt 0.4999999999999999 0.9375
vt 0.5 0.5
vt 0.3828125 0.96875
vt 0.49999999999999994 0.96875
vt 0.49999999999999994 0.03124999999999989
vt 0.3828125 0.03124999999999989
vt 0.8093592167691146 0.8093592167691146
vt 0.9375 0.5
vt 0.5 0.5
vt 0.9375 0.5
vt 0.8093592167691146 0.8093592167691146
vt 0.5 0.5
vn -2.0514246579479128e-16 -0.9238795325112867 -0.3826834323650898
vn 1 -2.220446049250313e-16 0
vn -1 2.220446049250313e-16 0
vn -8.497279155086132e-17 -0.3826834323650899 -0.9238795325112867
vn 1 -2.220446049250313e-16 0
vn -1 2.220446049250313e-16 0
vn 8.497279155086129e-17 0.3826834323650897 -0.9238795325112867
vn 1 -2.220446049250313e-16 0
vn -1 2.220446049250313e-16 0
vn 2.0514246579479128e-16 0.9238795325112867 -0.3826834323650899
vn 1 -2.220446049250313e-16 0
vn -1 2.220446049250313e-16 0
vn 2.0514246579479133e-16 0.923879532511287 0.38268343236508956
vn 1 -2.220446049250313e-16 0
vn -1 2.220446049250313e-16 0
vn 8.497279155086131e-17 0.38268343236508984 0.9238795325112867
vn 1 -2.220446049250313e-16 0
vn -1 2.220446049250313e-16 0
vn -8.497279155086125e-17 -0.38268343236508956 0.923879532511287
vn 1 -2.220446049250313e-16 0
vn -1 2.220446049250313e-16 0
vn -2.0514246579479128e-16 -0.9238795325112867 0.38268343236508984
vn 1 -2.220446049250313e-16 0
vn -1 2.220446049250313e-16 0
usemtl m_1a854464-2084-110c-497e-4e863804e724
f 1194/4585/1313 1196/4586/1313 1195/4587/1313 1193/4588/1313
f 1193/4589/1314 1195/4590/1314 1191/4591/1314
f 1196/4592/1315 1194/4593/1315 1192/4594/1315
f 1196/4595/1316 1198/4596/1316 1197/4597/1316 1195/4598/1316
f 1195/4599/1317 1197/4600/1317 1191/4601/1317
f 1198/4602/1318 1196/4603/1318 1192/4604/1318
f 1198/4605/1319 1200/4606/1319 1199/4607/1319 1197/4608/1319
f 1197/4609/1320 1199/4610/1320 1191/4611/1320
f 1200/4612/1321 1198/4613/1321 1192/4614/1321
f 1200/4615/1322 1202/4616/1322 1201/4617/1322 1199/4618/1322
f 1199/4619/1323 1201/4620/1323 1191/4621/1323
f 1202/4622/1324 1200/4623/1324 1192/4624/1324
f 1202/4625/1325 1204/4626/1325 1203/4627/1325 1201/4628/1325
f 1201/4629/1326 1203/4630/1326 1191/4631/1326
f 1204/4632/1327 1202/4633/1327 1192/4634/1327
f 1204/4635/1328 1206/4636/1328 1205/4637/1328 1203/4638/1328
f 1203/4639/1329 1205/4640/1329 1191/4641/1329
f 1206/4642/1330 1204/4643/1330 1192/4644/1330
f 1206/4645/1331 1208/4646/1331 1207/4647/1331 1205/4648/1331
f 1205/4649/1332 1207/4650/1332 1191/4651/1332
f 1208/4652/1333 1206/4653/1333 1192/4654/1333
f 1208/4655/1334 1194/4656/1334 1193/4657/1334 1207/4658/1334
f 1207/4659/1335 1193/4660/1335 1191/4661/1335
f 1194/4662/1336 1208/4663/1336 1192/4664/1336
o hose_elbow_upper
v -0.684375 0.353125 0
v -0.684375 0.446875 0
v -0.6716907164028235 0.4331456303681194 0.030622569489290073
v -0.6664367141078864 0.4 0.04330685308646656
v -0.6716907164028234 0.3668543696318806 0.03062256948929008
v -0.6537524305107099 0.4331456303681194 0.012684283597176493
v -0.6410681469135334 0.4 0.017938285892113586
v -0.6537524305107099 0.3668543696318806 0.012684283597176495
v -0.6537524305107099 0.4331456303681194 -0.01268428359717649
v -0.6410681469135334 0.4 -0.017938285892113583
v -0.6537524305107099 0.3668543696318806 -0.012684283597176492
v -0.6716907164028234 0.4331456303681194 -0.030622569489290073
v -0.6664367141078864 0.4 -0.04330685308646656
v -0.6716907164028234 0.3668543696318806 -0.03062256948929008
v -0.6970592835971764 0.4331456303681194 -0.030622569489290076
v -0.7023132858921135 0.4 -0.04330685308646657
v -0.6970592835971764 0.3668543696318806 -0.030622569489290083
v -0.71499756948929 0.4331456303681194 -0.012684283597176509
v -0.7276818530864665 0.4 -0.01793828589211361
v -0.71499756948929 0.3668543696318806 -0.012684283597176512
v -0.71499756948929 0.4331456303681194 0.012684283597176499
v -0.7276818530864665 0.4 0.017938285892113593
v -0.71499756948929 0.3668543696318806 0.0126842835971765
v -0.6970592835971765 0.4331456303681194 0.030622569489290066
v -0.7023132858921136 0.4 0.043306853086466555
v -0.6970592835971765 0.3668543696318806 0.03062256948929007
vt 0.6757812499999999 0.16854369631880584
vt 0.55859375 0.16854369631880584
vt 0.734375 0.03125
vt 0.6757812499999999 0.16854369631880584
vt 0.6757812499999999 0.5
vt 0.55859375 0.5
vt 0.55859375 0.16854369631880584
vt 0.6757812499999999 0.5
vt 0.6757812499999999 0.8314563036811942
vt 0.55859375 0.8314563036811942
vt 0.55859375 0.5
vt 0.55859375 0.8314563036811942
vt 0.6757812499999999 0.8314563036811942
vt 0.734375 0.96875
vt 0.55859375 0.16854369631880584
vt 0.44140625 0.16854369631880584
vt 0.734375 0.03125
vt 0.55859375 0.16854369631880584
vt 0.55859375 0.5
vt 0.44140625 0.5
vt 0.44140625 0.16854369631880584
vt 0.55859375 0.5
vt 0.55859375 0.8314563036811942
vt 0.44140625 0.8314563036811942
vt 0.44140625 0.5
vt 0.44140625 0.8314563036811942
vt 0.55859375 0.8314563036811942
vt 0.734375 0.96875
vt 0.44140625 0.16854369631880584
vt 0.32421875 0.16854369631880584
vt 0.734375 0.03125
vt 0.44140625 0.16854369631880584
vt 0.44140625 0.5
vt 0.32421875 0.5
vt 0.32421875 0.16854369631880584
vt 0.44140625 0.5
vt 0.44140625 0.8314563036811942
vt 0.32421875 0.8314563036811942
vt 0.32421875 0.5
vt 0.32421875 0.8314563036811942
vt 0.44140625 0.8314563036811942
vt 0.734375 0.96875
vt 0.32421875 0.16854369631880584
vt 0.20703124999999997 0.16854369631880584
vt 0.734375 0.03125
vt 0.32421875 0.16854369631880584
vt 0.32421875 0.5
vt 0.20703124999999997 0.5
vt 0.20703124999999997 0.16854369631880584
vt 0.32421875 0.5
vt 0.32421875 0.8314563036811942
vt 0.20703125 0.8314563036811942
vt 0.20703124999999997 0.5
vt 0.20703125 0.8314563036811942
vt 0.32421875 0.8314563036811942
vt 0.734375 0.96875
vt 0.20703124999999997 0.16854369631880584
vt 0.08984375000000007 0.16854369631880584
vt 0.734375 0.03125
vt 0.20703124999999997 0.16854369631880584
vt 0.20703124999999997 0.5
vt 0.08984375000000007 0.5
vt 0.08984375000000007 0.16854369631880584
vt 0.20703124999999997 0.5
vt 0.20703125 0.8314563036811942
vt 0.08984375000000007 0.8314563036811942
vt 0.08984375000000007 0.5
vt 0.08984375000000007 0.8314563036811942
vt 0.20703125 0.8314563036811942
vt 0.734375 0.96875
vt 0.08984375000000007 0.16854369631880584
vt 0.91015625 0.16854369631880584
vt 0.734375 0.03125
vt 0.08984375000000007 0.16854369631880584
vt 0.08984375000000007 0.5
vt 0.91015625 0.5
vt 0.91015625 0.16854369631880584
vt 0.08984375000000007 0.5
vt 0.08984375000000007 0.8314563036811942
vt 0.91015625 0.8314563036811942
vt 0.91015625 0.5
vt 0.91015625 0.8314563036811942
vt 0.08984375000000007 0.8314563036811942
vt 0.734375 0.96875
vt 0.91015625 0.16854369631880584
vt 0.7929687500000001 0.16854369631880584
vt 0.734375 0.03125
vt 0.91015625 0.16854369631880584
vt 0.91015625 0.5
vt 0.7929687500000001 0.5
vt 0.7929687500000001 0.16854369631880584
vt 0.91015625 0.5
vt 0.91015625 0.8314563036811942
vt 0.7929687500000001 0.8314563036811942
vt 0.7929687500000001 0.5
vt 0.7929687500000001 0.8314563036811942
vt 0.91015625 0.8314563036811942
vt 0.734375 0.96875
vt 0.7929687500000001 0.16854369631880584
vt 0.6757812499999999 0.16854369631880584
vt 0.734375 0.03125
vt 0.7929687500000001 0.16854369631880584
vt 0.7929687500000001 0.5
vt 0.6757812499999999 0.5
vt 0.6757812499999999 0.16854369631880584
vt 0.7929687500000001 0.5
vt 0.7929687500000001 0.8314563036811942
vt 0.6757812499999999 0.8314563036811942
vt 0.6757812499999999 0.5
vt 0.6757812499999999 0.8314563036811942
vt 0.7929687500000001 0.8314563036811942
vt 0.734375 0.96875
vn 0.2892814836864667 0.9124869568340761 0.2892814836864668
vn 0.6604015517481456 0.35740674433659325 0.6604015517481456
vn 0.6604015517481456 -0.3574067443365931 0.6604015517481456
vn 0.2892814836864669 -0.9124869568340762 0.2892814836864669
vn 0.4091057975728127 0.9124869568340762 0
vn 0.9339488310944648 0.35740674433659325 0
vn 0.9339488310944648 -0.35740674433659314 0
vn 0.4091057975728126 -0.912486956834076 0
vn 0.28928148368646683 0.9124869568340762 -0.2892814836864667
vn 0.6604015517481457 0.3574067443365932 -0.6604015517481454
vn 0.6604015517481456 -0.35740674433659314 -0.6604015517481456
vn 0.2892814836864669 -0.9124869568340762 -0.28928148368646683
vn 5.594998139002102e-17 0.9124869568340762 -0.4091057975728127
vn 1.703045032327836e-16 0.35740674433659325 -0.9339488310944648
vn 1.204234691025076e-16 -0.3574067443365931 -0.933948831094465
vn 5.594998139002102e-17 -0.9124869568340762 -0.4091057975728127
vn -0.2892814836864667 0.9124869568340761 -0.2892814836864668
vn -0.6604015517481453 0.35740674433659336 -0.6604015517481459
vn -0.6604015517481453 -0.3574067443365932 -0.6604015517481457
vn -0.2892814836864667 -0.912486956834076 -0.2892814836864669
vn -0.4091057975728127 0.9124869568340762 -5.594998139002097e-17
vn -0.9339488310944648 0.3574067443365932 -1.7030450323278338e-16
vn -0.9339488310944648 -0.35740674433659314 -2.408469382050149e-16
vn -0.4091057975728128 -0.9124869568340761 -1.1189996278004193e-16
vn -0.28928148368646683 0.9124869568340761 0.28928148368646667
vn -0.6604015517481456 0.3574067443365933 0.6604015517481454
vn -0.6604015517481456 -0.3574067443365933 0.6604015517481454
vn -0.2892814836864669 -0.9124869568340762 0.2892814836864668
vn -1.1189996278004193e-16 0.9124869568340761 0.4091057975728125
vn -1.703045032327835e-16 0.35740674433659325 0.9339488310944649
vn -3.612704073075225e-16 -0.35740674433659325 0.9339488310944648
vn -1.678499441700629e-16 -0.912486956834076 0.4091057975728126
usemtl m_1a854464-2084-110c-497e-4e863804e724
f 1211/4665/1337 1214/4666/1337 1210/4667/1337
f 1211/4668/1338 1212/4669/1338 1215/4670/1338 1214/4671/1338
f 1212/4672/1339 1213/4673/1339 1216/4674/1339 1215/4675/1339
f 1216/4676/1340 1213/4677/1340 1209/4678/1340
f 1214/4679/1341 1217/4680/1341 1210/4681/1341
f 1214/4682/1342 1215/4683/1342 1218/4684/1342 1217/4685/1342
f 1215/4686/1343 1216/4687/1343 1219/4688/1343 1218/4689/1343
f 1219/4690/1344 1216/4691/1344 1209/4692/1344
f 1217/4693/1345 1220/4694/1345 1210/4695/1345
f 1217/4696/1346 1218/4697/1346 1221/4698/1346 1220/4699/1346
f 1218/4700/1347 1219/4701/1347 1222/4702/1347 1221/4703/1347
f 1222/4704/1348 1219/4705/1348 1209/4706/1348
f 1220/4707/1349 1223/4708/1349 1210/4709/1349
f 1220/4710/1350 1221/4711/1350 1224/4712/1350 1223/4713/1350
f 1221/4714/1351 1222/4715/1351 1225/4716/1351 1224/4717/1351
f 1225/4718/1352 1222/4719/1352 1209/4720/1352
f 1223/4721/1353 1226/4722/1353 1210/4723/1353
f 1223/4724/1354 1224/4725/1354 1227/4726/1354 1226/4727/1354
f 1224/4728/1355 1225/4729/1355 1228/4730/1355 1227/4731/1355
f 1228/4732/1356 1225/4733/1356 1209/4734/1356
f 1226/4735/1357 1229/4736/1357 1210/4737/1357
f 1226/4738/1358 1227/4739/1358 1230/4740/1358 1229/4741/1358
f 1227/4742/1359 1228/4743/1359 1231/4744/1359 1230/4745/1359
f 1231/4746/1360 1228/4747/1360 1209/4748/1360
f 1229/4749/1361 1232/4750/1361 1210/4751/1361
f 1229/4752/1362 1230/4753/1362 1233/4754/1362 1232/4755/1362
f 1230/4756/1363 1231/4757/1363 1234/4758/1363 1233/4759/1363
f 1234/4760/1364 1231/4761/1364 1209/4762/1364
f 1232/4763/1365 1211/4764/1365 1210/4765/1365
f 1232/4766/1366 1233/4767/1366 1212/4768/1366 1211/4769/1366
f 1233/4770/1367 1234/4771/1367 1213/4772/1367 1212/4773/1367
f 1213/4774/1368 1234/4775/1368 1209/4776/1368
o hose_elbow_lower
v -0.69375 0.051562500000000004 0
v -0.69375 0.1484375 0
v -0.6806429069495843 0.13425048471372342 0.03164332180559974
v -0.675213771244816 0.1 0.044750414856015455
v -0.6806429069495843 0.06574951528627662 0.03164332180559974
v -0.6621066781944003 0.13425048471372342 0.013107093050415708
v -0.6489995851439845 0.1 0.01853622875518404
v -0.6621066781944003 0.06574951528627662 0.013107093050415712
v -0.6621066781944003 0.13425048471372342 -0.013107093050415705
v -0.6489995851439845 0.1 -0.018536228755184035
v -0.6621066781944003 0.06574951528627662 -0.013107093050415707
v -0.6806429069495843 0.13425048471372342 -0.03164332180559974
v -0.675213771244816 0.1 -0.044750414856015455
v -0.6806429069495843 0.06574951528627662 -0.03164332180559974
v -0.7068570930504157 0.13425048471372342 -0.03164332180559974
v -0.712286228755184 0.1 -0.044750414856015455
v -0.7068570930504157 0.06574951528627662 -0.03164332180559975
v -0.7253933218055997 0.13425048471372342 -0.013107093050415726
v -0.7385004148560155 0.1 -0.018536228755184063
v -0.7253933218055997 0.06574951528627662 -0.013107093050415729
v -0.7253933218055997 0.13425048471372342 0.013107093050415713
v -0.7385004148560155 0.1 0.01853622875518405
v -0.7253933218055997 0.06574951528627662 0.013107093050415717
v -0.7068570930504157 0.13425048471372342 0.03164332180559973
v -0.712286228755184 0.1 0.04475041485601544
v -0.7068570930504157 0.06574951528627662 0.031643321805599735
vt 0.6757812500000001 0.16854369631880572
vt 0.55859375 0.16854369631880572
vt 0.9687499999999999 0.03125
vt 0.6757812500000001 0.16854369631880572
vt 0.6757812500000001 0.5
vt 0.55859375 0.5
vt 0.55859375 0.16854369631880572
vt 0.6757812500000001 0.5
vt 0.6757812499999999 0.831456303681194
vt 0.55859375 0.831456303681194
vt 0.55859375 0.5
vt 0.55859375 0.831456303681194
vt 0.6757812499999999 0.831456303681194
vt 0.9687499999999999 0.96875
vt 0.55859375 0.16854369631880572
vt 0.44140625 0.16854369631880572
vt 0.9687499999999999 0.03125
vt 0.55859375 0.16854369631880572
vt 0.55859375 0.5
vt 0.44140625 0.5
vt 0.44140625 0.16854369631880572
vt 0.55859375 0.5
vt 0.55859375 0.831456303681194
vt 0.44140625 0.831456303681194
vt 0.44140625 0.5
vt 0.44140625 0.831456303681194
vt 0.55859375 0.831456303681194
vt 0.9687499999999999 0.96875
vt 0.44140625 0.16854369631880572
vt 0.32421875 0.16854369631880572
vt 0.9687499999999999 0.03125
vt 0.44140625 0.16854369631880572
vt 0.44140625 0.5
vt 0.32421875 0.5
vt 0.32421875 0.16854369631880572
vt 0.44140625 0.5
vt 0.44140625 0.831456303681194
vt 0.32421875 0.831456303681194
vt 0.32421875 0.5
vt 0.32421875 0.831456303681194
vt 0.44140625 0.831456303681194
vt 0.9687499999999999 0.96875
vt 0.32421875 0.16854369631880572
vt 0.20703124999999997 0.16854369631880572
vt 0.9687499999999999 0.03125
vt 0.32421875 0.16854369631880572
vt 0.32421875 0.5
vt 0.20703124999999997 0.5
vt 0.20703124999999997 0.16854369631880572
vt 0.32421875 0.5
vt 0.32421875 0.831456303681194
vt 0.20703124999999997 0.831456303681194
vt 0.20703124999999997 0.5
vt 0.20703124999999997 0.831456303681194
vt 0.32421875 0.831456303681194
vt 0.9687499999999999 0.96875
vt 0.20703124999999997 0.16854369631880572
vt 0.08984375000000007 0.16854369631880572
vt 0.9687499999999999 0.03125
vt 0.20703124999999997 0.16854369631880572
vt 0.20703124999999997 0.5
vt 0.08984375000000007 0.5
vt 0.08984375000000007 0.16854369631880572
vt 0.20703124999999997 0.5
vt 0.20703124999999997 0.831456303681194
vt 0.08984375000000007 0.831456303681194
vt 0.08984375000000007 0.5
vt 0.08984375000000007 0.831456303681194
vt 0.20703124999999997 0.831456303681194
vt 0.9687499999999999 0.96875
vt 0.08984375000000007 0.16854369631880572
vt 0.91015625 0.16854369631880572
vt 0.9687499999999999 0.03125
vt 0.08984375000000007 0.16854369631880572
vt 0.08984375000000007 0.5
vt 0.91015625 0.5
vt 0.91015625 0.16854369631880572
vt 0.08984375000000007 0.5
vt 0.08984375000000007 0.831456303681194
vt 0.91015625 0.831456303681194
vt 0.91015625 0.5
vt 0.91015625 0.831456303681194
vt 0.08984375000000007 0.831456303681194
vt 0.9687499999999999 0.96875
vt 0.91015625 0.16854369631880572
vt 0.7929687500000002 0.16854369631880572
vt 0.9687499999999999 0.03125
vt 0.91015625 0.16854369631880572
vt 0.91015625 0.5
vt 0.7929687500000001 0.5
vt 0.7929687500000002 0.16854369631880572
vt 0.91015625 0.5
vt 0.91015625 0.831456303681194
vt 0.7929687500000002 0.831456303681194
vt 0.7929687500000001 0.5
vt 0.7929687500000002 0.831456303681194
vt 0.91015625 0.831456303681194
vt 0.9687499999999999 0.96875
vt 0.7929687500000002 0.16854369631880572
vt 0.6757812500000001 0.16854369631880572
vt 0.9687499999999999 0.03125
vt 0.7929687500000002 0.16854369631880572
vt 0.7929687500000001 0.5
vt 0.6757812500000001 0.5
vt 0.6757812500000001 0.16854369631880572
vt 0.7929687500000001 0.5
vt 0.7929687500000002 0.831456303681194
vt 0.6757812499999999 0.831456303681194
vt 0.6757812500000001 0.5
vt 0.6757812499999999 0.831456303681194
vt 0.7929687500000002 0.831456303681194
vt 0.9687499999999999 0.96875
vn 0.2892814836864669 0.9124869568340762 0.2892814836864669
vn 0.6604015517481455 0.3574067443365933 0.6604015517481455
vn 0.6604015517481454 -0.3574067443365934 0.6604015517481456
vn 0.2892814836864669 -0.9124869568340759 0.28928148368646694
vn 0.4091057975728127 0.912486956834076 0
vn 0.9339488310944647 0.3574067443365934 0
vn 0.9339488310944647 -0.3574067443365934 0
vn 0.40910579757281273 -0.9124869568340759 0
vn 0.2892814836864669 0.9124869568340762 -0.28928148368646683
vn 0.6604015517481456 0.3574067443365934 -0.6604015517481454
vn 0.6604015517481456 -0.3574067443365935 -0.6604015517481453
vn 0.289281483686467 -0.9124869568340759 -0.2892814836864669
vn 0 0.912486956834076 -0.4091057975728127
vn 0 0.3574067443365934 -0.9339488310944649
vn 2.819488090329262e-16 -0.3574067443365935 -0.9339488310944647
vn 1.0829028656133101e-16 -0.9124869568340759 -0.40910579757281273
vn -0.2892814836864668 0.9124869568340762 -0.2892814836864669
vn -0.6604015517481453 0.3574067443365934 -0.6604015517481457
vn -0.6604015517481454 -0.3574067443365933 -0.6604015517481456
vn -0.28928148368646683 -0.9124869568340761 -0.28928148368646694
vn -0.40910579757281273 0.912486956834076 -1.0829028656133092e-16
vn -0.9339488310944648 0.3574067443365934 -1.594943318517222e-16
vn -0.9339488310944648 -0.3574067443365933 -2.255590472263407e-16
vn -0.40910579757281285 -0.9124869568340759 -1.0829028656133092e-16
vn -0.2892814836864669 0.912486956834076 0.2892814836864668
vn -0.6604015517481456 0.3574067443365935 0.6604015517481454
vn -0.6604015517481456 -0.35740674433659336 0.6604015517481454
vn -0.28928148368646694 -0.912486956834076 0.28928148368646683
vn -2.165805731226619e-16 0.912486956834076 0.40910579757281273
vn -3.1898866370344456e-16 0.3574067443365934 0.9339488310944648
vn -2.2555904722634074e-16 -0.35740674433659325 0.9339488310944648
vn -1.0829028656133096e-16 -0.912486956834076 0.40910579757281285
usemtl m_1a854464-2084-110c-497e-4e863804e724
f 1237/4777/1369 1240/4778/1369 1236/4779/1369
f 1237/4780/1370 1238/4781/1370 1241/4782/1370 1240/4783/1370
f 1238/4784/1371 1239/4785/1371 1242/4786/1371 1241/4787/1371
f 1242/4788/1372 1239/4789/1372 1235/4790/1372
f 1240/4791/1373 1243/4792/1373 1236/4793/1373
f 1240/4794/1374 1241/4795/1374 1244/4796/1374 1243/4797/1374
f 1241/4798/1375 1242/4799/1375 1245/4800/1375 1244/4801/1375
f 1245/4802/1376 1242/4803/1376 1235/4804/1376
f 1243/4805/1377 1246/4806/1377 1236/4807/1377
f 1243/4808/1378 1244/4809/1378 1247/4810/1378 1246/4811/1378
f 1244/4812/1379 1245/4813/1379 1248/4814/1379 1247/4815/1379
f 1248/4816/1380 1245/4817/1380 1235/4818/1380
f 1246/4819/1381 1249/4820/1381 1236/4821/1381
f 1246/4822/1382 1247/4823/1382 1250/4824/1382 1249/4825/1382
f 1247/4826/1383 1248/4827/1383 1251/4828/1383 1250/4829/1383
f 1251/4830/1384 1248/4831/1384 1235/4832/1384
f 1249/4833/1385 1252/4834/1385 1236/4835/1385
f 1249/4836/1386 1250/4837/1386 1253/4838/1386 1252/4839/1386
f 1250/4840/1387 1251/4841/1387 1254/4842/1387 1253/4843/1387
f 1254/4844/1388 1251/4845/1388 1235/4846/1388
f 1252/4847/1389 1255/4848/1389 1236/4849/1389
f 1252/4850/1390 1253/4851/1390 1256/4852/1390 1255/4853/1390
f 1253/4854/1391 1254/4855/1391 1257/4856/1391 1256/4857/1391
f 1257/4858/1392 1254/4859/1392 1235/4860/1392
f 1255/4861/1393 1258/4862/1393 1236/4863/1393
f 1255/4864/1394 1256/4865/1394 1259/4866/1394 1258/4867/1394
f 1256/4868/1395 1257/4869/1395 1260/4870/1395 1259/4871/1395
f 1260/4872/1396 1257/4873/1396 1235/4874/1396
f 1258/4875/1397 1237/4876/1397 1236/4877/1397
f 1258/4878/1398 1259/4879/1398 1238/4880/1398 1237/4881/1398
f 1259/4882/1399 1260/4883/1399 1239/4884/1399 1238/4885/1399
f 1239/4886/1400 1260/4887/1400 1235/4888/1400
o hose_elbow_rear
v -0.69375 0.051562500000000004 0.525
v -0.69375 0.1484375 0.525
v -0.6806429069495843 0.13425048471372342 0.5566433218055997
v -0.675213771244816 0.1 0.5697504148560155
v -0.6806429069495843 0.06574951528627662 0.5566433218055997
v -0.6621066781944003 0.13425048471372342 0.5381070930504157
v -0.6489995851439845 0.1 0.543536228755184
v -0.6621066781944003 0.06574951528627662 0.5381070930504157
v -0.6621066781944003 0.13425048471372342 0.5118929069495843
v -0.6489995851439845 0.1 0.506463771244816
v -0.6621066781944003 0.06574951528627662 0.5118929069495843
v -0.6806429069495843 0.13425048471372342 0.49335667819440027
v -0.675213771244816 0.1 0.4802495851439846
v -0.6806429069495843 0.06574951528627662 0.49335667819440027
v -0.7068570930504157 0.13425048471372342 0.49335667819440027
v -0.712286228755184 0.1 0.4802495851439846
v -0.7068570930504157 0.06574951528627662 0.49335667819440027
v -0.7253933218055997 0.13425048471372342 0.5118929069495843
v -0.7385004148560155 0.1 0.506463771244816
v -0.7253933218055997 0.06574951528627662 0.5118929069495843
v -0.7253933218055997 0.13425048471372342 0.5381070930504157
v -0.7385004148560155 0.1 0.543536228755184
v -0.7253933218055997 0.06574951528627662 0.5381070930504157
v -0.7068570930504157 0.13425048471372342 0.5566433218055997
v -0.712286228755184 0.1 0.5697504148560155
v -0.7068570930504157 0.06574951528627662 0.5566433218055997
vt 0.6757812500000001 0.16854369631880572
vt 0.55859375 0.16854369631880572
vt 0.9687499999999999 0.03125
vt 0.6757812500000001 0.16854369631880572
vt 0.6757812500000001 0.5
vt 0.55859375 0.5
vt 0.55859375 0.16854369631880572
vt 0.6757812500000001 0.5
vt 0.6757812499999999 0.831456303681194
vt 0.55859375 0.831456303681194
vt 0.55859375 0.5
vt 0.55859375 0.831456303681194
vt 0.6757812499999999 0.831456303681194
vt 0.9687499999999999 0.96875
vt 0.55859375 0.16854369631880572
vt 0.44140625 0.16854369631880572
vt 0.9687499999999999 0.03125
vt 0.55859375 0.16854369631880572
vt 0.55859375 0.5
vt 0.44140625 0.5
vt 0.44140625 0.16854369631880572
vt 0.55859375 0.5
vt 0.55859375 0.831456303681194
vt 0.44140625 0.831456303681194
vt 0.44140625 0.5
vt 0.44140625 0.831456303681194
vt 0.55859375 0.831456303681194
vt 0.9687499999999999 0.96875
vt 0.44140625 0.16854369631880572
vt 0.32421875 0.16854369631880572
vt 0.9687499999999999 0.03125
vt 0.44140625 0.16854369631880572
vt 0.44140625 0.5
vt 0.32421875 0.5
vt 0.32421875 0.16854369631880572
vt 0.44140625 0.5
vt 0.44140625 0.831456303681194
vt 0.32421875 0.831456303681194
vt 0.32421875 0.5
vt 0.32421875 0.831456303681194
vt 0.44140625 0.831456303681194
vt 0.9687499999999999 0.96875
vt 0.32421875 0.16854369631880572
vt 0.20703124999999997 0.16854369631880572
vt 0.9687499999999999 0.03125
vt 0.32421875 0.16854369631880572
vt 0.32421875 0.5
vt 0.20703124999999997 0.5
vt 0.20703124999999997 0.16854369631880572
vt 0.32421875 0.5
vt 0.32421875 0.831456303681194
vt 0.20703124999999997 0.831456303681194
vt 0.20703124999999997 0.5
vt 0.20703124999999997 0.831456303681194
vt 0.32421875 0.831456303681194
vt 0.9687499999999999 0.96875
vt 0.20703124999999997 0.16854369631880572
vt 0.08984375000000007 0.16854369631880572
vt 0.9687499999999999 0.03125
vt 0.20703124999999997 0.16854369631880572
vt 0.20703124999999997 0.5
vt 0.08984375000000007 0.5
vt 0.08984375000000007 0.16854369631880572
vt 0.20703124999999997 0.5
vt 0.20703124999999997 0.831456303681194
vt 0.08984375000000007 0.831456303681194
vt 0.08984375000000007 0.5
vt 0.08984375000000007 0.831456303681194
vt 0.20703124999999997 0.831456303681194
vt 0.9687499999999999 0.96875
vt 0.08984375000000007 0.16854369631880572
vt 0.91015625 0.16854369631880572
vt 0.9687499999999999 0.03125
vt 0.08984375000000007 0.16854369631880572
vt 0.08984375000000007 0.5
vt 0.91015625 0.5
vt 0.91015625 0.16854369631880572
vt 0.08984375000000007 0.5
vt 0.08984375000000007 0.831456303681194
vt 0.91015625 0.831456303681194
vt 0.91015625 0.5
vt 0.91015625 0.831456303681194
vt 0.08984375000000007 0.831456303681194
vt 0.9687499999999999 0.96875
vt 0.91015625 0.16854369631880572
vt 0.7929687500000002 0.16854369631880572
vt 0.9687499999999999 0.03125
vt 0.91015625 0.16854369631880572
vt 0.91015625 0.5
vt 0.7929687500000001 0.5
vt 0.7929687500000002 0.16854369631880572
vt 0.91015625 0.5
vt 0.91015625 0.831456303681194
vt 0.7929687500000002 0.831456303681194
vt 0.7929687500000001 0.5
vt 0.7929687500000002 0.831456303681194
vt 0.91015625 0.831456303681194
vt 0.9687499999999999 0.96875
vt 0.7929687500000002 0.16854369631880572
vt 0.6757812500000001 0.16854369631880572
vt 0.9687499999999999 0.03125
vt 0.7929687500000002 0.16854369631880572
vt 0.7929687500000001 0.5
vt 0.6757812500000001 0.5
vt 0.6757812500000001 0.16854369631880572
vt 0.7929687500000001 0.5
vt 0.7929687500000002 0.831456303681194
vt 0.6757812499999999 0.831456303681194
vt 0.6757812500000001 0.5
vt 0.6757812499999999 0.831456303681194
vt 0.7929687500000002 0.831456303681194
vt 0.9687499999999999 0.96875
vn 0.2892814836864669 0.9124869568340762 0.2892814836864669
vn 0.6604015517481455 0.3574067443365933 0.6604015517481455
vn 0.6604015517481454 -0.3574067443365934 0.6604015517481456
vn 0.2892814836864669 -0.9124869568340759 0.28928148368646694
vn 0.4091057975728127 0.912486956834076 0
vn 0.9339488310944647 0.3574067443365934 0
vn 0.9339488310944647 -0.3574067443365934 0
vn 0.40910579757281273 -0.9124869568340759 0
vn 0.2892814836864669 0.9124869568340762 -0.28928148368646683
vn 0.6604015517481456 0.3574067443365934 -0.6604015517481454
vn 0.6604015517481456 -0.3574067443365935 -0.6604015517481453
vn 0.289281483686467 -0.9124869568340759 -0.2892814836864669
vn 0 0.912486956834076 -0.4091057975728127
vn 0 0.3574067443365934 -0.9339488310944649
vn 2.819488090329262e-16 -0.3574067443365935 -0.9339488310944647
vn 1.0829028656133101e-16 -0.9124869568340759 -0.40910579757281273
vn -0.2892814836864668 0.9124869568340762 -0.2892814836864669
vn -0.6604015517481453 0.3574067443365934 -0.6604015517481457
vn -0.6604015517481454 -0.3574067443365933 -0.6604015517481456
vn -0.28928148368646683 -0.9124869568340761 -0.28928148368646694
vn -0.40910579757281273 0.912486956834076 -1.0829028656133092e-16
vn -0.9339488310944648 0.3574067443365934 -1.594943318517222e-16
vn -0.9339488310944648 -0.3574067443365933 -2.255590472263407e-16
vn -0.40910579757281285 -0.9124869568340759 -1.0829028656133092e-16
vn -0.2892814836864669 0.912486956834076 0.2892814836864668
vn -0.6604015517481456 0.3574067443365935 0.6604015517481454
vn -0.6604015517481456 -0.35740674433659336 0.6604015517481454
vn -0.28928148368646694 -0.912486956834076 0.28928148368646683
vn -2.165805731226619e-16 0.912486956834076 0.40910579757281273
vn -3.1898866370344456e-16 0.3574067443365934 0.9339488310944648
vn -2.2555904722634074e-16 -0.35740674433659325 0.9339488310944648
vn -1.0829028656133096e-16 -0.912486956834076 0.40910579757281285
usemtl m_1a854464-2084-110c-497e-4e863804e724
f 1263/4889/1401 1266/4890/1401 1262/4891/1401
f 1263/4892/1402 1264/4893/1402 1267/4894/1402 1266/4895/1402
f 1264/4896/1403 1265/4897/1403 1268/4898/1403 1267/4899/1403
f 1268/4900/1404 1265/4901/1404 1261/4902/1404
f 1266/4903/1405 1269/4904/1405 1262/4905/1405
f 1266/4906/1406 1267/4907/1406 1270/4908/1406 1269/4909/1406
f 1267/4910/1407 1268/4911/1407 1271/4912/1407 1270/4913/1407
f 1271/4914/1408 1268/4915/1408 1261/4916/1408
f 1269/4917/1409 1272/4918/1409 1262/4919/1409
f 1269/4920/1410 1270/4921/1410 1273/4922/1410 1272/4923/1410
f 1270/4924/1411 1271/4925/1411 1274/4926/1411 1273/4927/1411
f 1274/4928/1412 1271/4929/1412 1261/4930/1412
f 1272/4931/1413 1275/4932/1413 1262/4933/1413
f 1272/4934/1414 1273/4935/1414 1276/4936/1414 1275/4937/1414
f 1273/4938/1415 1274/4939/1415 1277/4940/1415 1276/4941/1415
f 1277/4942/1416 1274/4943/1416 1261/4944/1416
f 1275/4945/1417 1278/4946/1417 1262/4947/1417
f 1275/4948/1418 1276/4949/1418 1279/4950/1418 1278/4951/1418
f 1276/4952/1419 1277/4953/1419 1280/4954/1419 1279/4955/1419
f 1280/4956/1420 1277/4957/1420 1261/4958/1420
f 1278/4959/1421 1281/4960/1421 1262/4961/1421
f 1278/4962/1422 1279/4963/1422 1282/4964/1422 1281/4965/1422
f 1279/4966/1423 1280/4967/1423 1283/4968/1423 1282/4969/1423
f 1283/4970/1424 1280/4971/1424 1261/4972/1424
f 1281/4973/1425 1284/4974/1425 1262/4975/1425
f 1281/4976/1426 1282/4977/1426 1285/4978/1426 1284/4979/1426
f 1282/4980/1427 1283/4981/1427 1286/4982/1427 1285/4983/1427
f 1286/4984/1428 1283/4985/1428 1261/4986/1428
f 1284/4987/1429 1263/4988/1429 1262/4989/1429
f 1284/4990/1430 1285/4991/1430 1264/4992/1430 1263/4993/1430
f 1285/4994/1431 1286/4995/1431 1265/4996/1431 1264/4997/1431
f 1265/4998/1432 1286/4999/1432 1261/5000/1432
o hose_elbow_mouthpiece
v 0.38125 0.046875 0.525
v 0.38125 0.140625 0.525
v 0.39393428359717647 0.1268956303681194 0.5556225694892901
v 0.3991882858921136 0.09375 0.5683068530864666
v 0.39393428359717647 0.06060436963188059 0.5556225694892901
v 0.4118725694892901 0.1268956303681194 0.5376842835971765
v 0.4245568530864665 0.09375 0.5429382858921136
v 0.4118725694892901 0.06060436963188059 0.5376842835971766
v 0.4118725694892901 0.1268956303681194 0.5123157164028236
v 0.4245568530864665 0.09375 0.5070617141078865
v 0.4118725694892901 0.06060436963188059 0.5123157164028236
v 0.39393428359717647 0.1268956303681194 0.4943774305107099
v 0.3991882858921136 0.09375 0.4816931469135335
v 0.39393428359717647 0.06060436963188059 0.4943774305107099
v 0.3685657164028235 0.1268956303681194 0.4943774305107099
v 0.3633117141078864 0.09375 0.48169314691353343
v 0.3685657164028235 0.06060436963188059 0.4943774305107099
v 0.35062743051070994 0.1268956303681194 0.5123157164028235
v 0.33794314691353344 0.09375 0.5070617141078864
v 0.3506274305107099 0.06060436963188059 0.5123157164028235
v 0.3506274305107099 0.1268956303681194 0.5376842835971766
v 0.33794314691353344 0.09375 0.5429382858921136
v 0.3506274305107099 0.06060436963188059 0.5376842835971766
v 0.3685657164028235 0.1268956303681194 0.5556225694892901
v 0.3633117141078864 0.09375 0.5683068530864666
v 0.3685657164028235 0.06060436963188059 0.5556225694892901
vt 0.6757812499999999 0.16854369631880584
vt 0.55859375 0.16854369631880584
vt 0.734375 0.03125
vt 0.6757812499999999 0.16854369631880584
vt 0.6757812499999999 0.5
vt 0.55859375 0.5
vt 0.55859375 0.16854369631880584
vt 0.6757812499999999 0.5
vt 0.6757812499999999 0.8314563036811942
vt 0.55859375 0.8314563036811942
vt 0.55859375 0.5
vt 0.55859375 0.8314563036811942
vt 0.6757812499999999 0.8314563036811942
vt 0.734375 0.96875
vt 0.55859375 0.16854369631880584
vt 0.44140625 0.16854369631880584
vt 0.734375 0.03125
vt 0.55859375 0.16854369631880584
vt 0.55859375 0.5
vt 0.44140625 0.5
vt 0.44140625 0.16854369631880584
vt 0.55859375 0.5
vt 0.55859375 0.8314563036811942
vt 0.44140625 0.8314563036811942
vt 0.44140625 0.5
vt 0.44140625 0.8314563036811942
vt 0.55859375 0.8314563036811942
vt 0.734375 0.96875
vt 0.44140625 0.16854369631880584
vt 0.32421875 0.16854369631880584
vt 0.734375 0.03125
vt 0.44140625 0.16854369631880584
vt 0.44140625 0.5
vt 0.32421875 0.5
vt 0.32421875 0.16854369631880584
vt 0.44140625 0.5
vt 0.44140625 0.8314563036811942
vt 0.32421875 0.8314563036811942
vt 0.32421875 0.5
vt 0.32421875 0.8314563036811942
vt 0.44140625 0.8314563036811942
vt 0.734375 0.96875
vt 0.32421875 0.16854369631880584
vt 0.20703124999999997 0.16854369631880584
vt 0.734375 0.03125
vt 0.32421875 0.16854369631880584
vt 0.32421875 0.5
vt 0.20703124999999997 0.5
vt 0.20703124999999997 0.16854369631880584
vt 0.32421875 0.5
vt 0.32421875 0.8314563036811942
vt 0.20703125 0.8314563036811942
vt 0.20703124999999997 0.5
vt 0.20703125 0.8314563036811942
vt 0.32421875 0.8314563036811942
vt 0.734375 0.96875
vt 0.20703124999999997 0.16854369631880584
vt 0.08984375000000007 0.16854369631880584
vt 0.734375 0.03125
vt 0.20703124999999997 0.16854369631880584
vt 0.20703124999999997 0.5
vt 0.08984375000000007 0.5
vt 0.08984375000000007 0.16854369631880584
vt 0.20703124999999997 0.5
vt 0.20703125 0.8314563036811942
vt 0.08984375000000007 0.8314563036811942
vt 0.08984375000000007 0.5
vt 0.08984375000000007 0.8314563036811942
vt 0.20703125 0.8314563036811942
vt 0.734375 0.96875
vt 0.08984375000000007 0.16854369631880584
vt 0.91015625 0.16854369631880584
vt 0.734375 0.03125
vt 0.08984375000000007 0.16854369631880584
vt 0.08984375000000007 0.5
vt 0.91015625 0.5
vt 0.91015625 0.16854369631880584
vt 0.08984375000000007 0.5
vt 0.08984375000000007 0.8314563036811942
vt 0.91015625 0.8314563036811942
vt 0.91015625 0.5
vt 0.91015625 0.8314563036811942
vt 0.08984375000000007 0.8314563036811942
vt 0.734375 0.96875
vt 0.91015625 0.16854369631880584
vt 0.7929687500000001 0.16854369631880584
vt 0.734375 0.03125
vt 0.91015625 0.16854369631880584
vt 0.91015625 0.5
vt 0.7929687500000001 0.5
vt 0.7929687500000001 0.16854369631880584
vt 0.91015625 0.5
vt 0.91015625 0.8314563036811942
vt 0.7929687500000001 0.8314563036811942
vt 0.7929687500000001 0.5
vt 0.7929687500000001 0.8314563036811942
vt 0.91015625 0.8314563036811942
vt 0.734375 0.96875
vt 0.7929687500000001 0.16854369631880584
vt 0.6757812499999999 0.16854369631880584
vt 0.734375 0.03125
vt 0.7929687500000001 0.16854369631880584
vt 0.7929687500000001 0.5
vt 0.6757812499999999 0.5
vt 0.6757812499999999 0.16854369631880584
vt 0.7929687500000001 0.5
vt 0.7929687500000001 0.8314563036811942
vt 0.6757812499999999 0.8314563036811942
vt 0.6757812499999999 0.5
vt 0.6757812499999999 0.8314563036811942
vt 0.7929687500000001 0.8314563036811942
vt 0.734375 0.96875
vn 0.2892814836864667 0.9124869568340761 0.2892814836864668
vn 0.6604015517481456 0.35740674433659325 0.6604015517481456
vn 0.6604015517481456 -0.3574067443365931 0.6604015517481456
vn 0.2892814836864669 -0.9124869568340762 0.2892814836864669
vn 0.4091057975728127 0.9124869568340762 0
vn 0.9339488310944648 0.35740674433659325 0
vn 0.9339488310944648 -0.35740674433659314 0
vn 0.4091057975728126 -0.912486956834076 0
vn 0.28928148368646683 0.9124869568340762 -0.2892814836864667
vn 0.6604015517481457 0.3574067443365932 -0.6604015517481454
vn 0.6604015517481456 -0.35740674433659314 -0.6604015517481456
vn 0.2892814836864669 -0.9124869568340762 -0.28928148368646683
vn 5.594998139002102e-17 0.9124869568340762 -0.4091057975728127
vn 1.703045032327836e-16 0.35740674433659325 -0.9339488310944648
vn 1.204234691025076e-16 -0.3574067443365931 -0.933948831094465
vn 5.594998139002102e-17 -0.9124869568340762 -0.4091057975728127
vn -0.2892814836864667 0.9124869568340761 -0.2892814836864668
vn -0.6604015517481453 0.35740674433659336 -0.6604015517481459
vn -0.6604015517481453 -0.3574067443365932 -0.6604015517481457
vn -0.2892814836864667 -0.912486956834076 -0.2892814836864669
vn -0.4091057975728127 0.9124869568340762 -5.594998139002097e-17
vn -0.9339488310944648 0.3574067443365932 -1.7030450323278338e-16
vn -0.9339488310944648 -0.35740674433659314 -2.408469382050149e-16
vn -0.4091057975728128 -0.9124869568340761 -1.1189996278004193e-16
vn -0.28928148368646683 0.9124869568340761 0.28928148368646667
vn -0.6604015517481456 0.3574067443365933 0.6604015517481454
vn -0.6604015517481456 -0.3574067443365933 0.6604015517481454
vn -0.2892814836864669 -0.9124869568340762 0.2892814836864668
vn -1.1189996278004193e-16 0.9124869568340761 0.4091057975728125
vn -1.703045032327835e-16 0.35740674433659325 0.9339488310944649
vn -3.612704073075225e-16 -0.35740674433659325 0.9339488310944648
vn -1.678499441700629e-16 -0.912486956834076 0.4091057975728126
usemtl m_1a854464-2084-110c-497e-4e863804e724
f 1289/5001/1433 1292/5002/1433 1288/5003/1433
f 1289/5004/1434 1290/5005/1434 1293/5006/1434 1292/5007/1434
f 1290/5008/1435 1291/5009/1435 1294/5010/1435 1293/5011/1435
f 1294/5012/1436 1291/5013/1436 1287/5014/1436
f 1292/5015/1437 1295/5016/1437 1288/5017/1437
f 1292/5018/1438 1293/5019/1438 1296/5020/1438 1295/5021/1438
f 1293/5022/1439 1294/5023/1439 1297/5024/1439 1296/5025/1439
f 1297/5026/1440 1294/5027/1440 1287/5028/1440
f 1295/5029/1441 1298/5030/1441 1288/5031/1441
f 1295/5032/1442 1296/5033/1442 1299/5034/1442 1298/5035/1442
f 1296/5036/1443 1297/5037/1443 1300/5038/1443 1299/5039/1443
f 1300/5040/1444 1297/5041/1444 1287/5042/1444
f 1298/5043/1445 1301/5044/1445 1288/5045/1445
f 1298/5046/1446 1299/5047/1446 1302/5048/1446 1301/5049/1446
f 1299/5050/1447 1300/5051/1447 1303/5052/1447 1302/5053/1447
f 1303/5054/1448 1300/5055/1448 1287/5056/1448
f 1301/5057/1449 1304/5058/1449 1288/5059/1449
f 1301/5060/1450 1302/5061/1450 1305/5062/1450 1304/5063/1450
f 1302/5064/1451 1303/5065/1451 1306/5066/1451 1305/5067/1451
f 1306/5068/1452 1303/5069/1452 1287/5070/1452
f 1304/5071/1453 1307/5072/1453 1288/5073/1453
f 1304/5074/1454 1305/5075/1454 1308/5076/1454 1307/5077/1454
f 1305/5078/1455 1306/5079/1455 1309/5080/1455 1308/5081/1455
f 1309/5082/1456 1306/5083/1456 1287/5084/1456
f 1307/5085/1457 1310/5086/1457 1288/5087/1457
f 1307/5088/1458 1308/5089/1458 1311/5090/1458 1310/5091/1458
f 1308/5092/1459 1309/5093/1459 1312/5094/1459 1311/5095/1459
f 1312/5096/1460 1309/5097/1460 1287/5098/1460
f 1310/5099/1461 1289/5100/1461 1288/5101/1461
f 1310/5102/1462 1311/5103/1462 1290/5104/1462 1289/5105/1462
f 1311/5106/1463 1312/5107/1463 1291/5108/1463 1290/5109/1463
f 1291/5110/1464 1312/5111/1464 1287/5112/1464
o mouthpiece_hose_collar
v 0.35312499999999997 0.08750000000000001 0.525
v 0.434375 0.08749999999999998 0.525
v 0.353125 0.153125 0.525
v 0.434375 0.15312499999999998 0.525
v 0.353125 0.14059174025585594 0.5635734071816936
v 0.434375 0.1405917402558559 0.5635734071816936
v 0.353125 0.10777924025585593 0.5874130838818695
v 0.434375 0.10777924025585592 0.5874130838818695
v 0.35312499999999997 0.06722075974414408 0.5874130838818695
v 0.43437499999999996 0.06722075974414407 0.5874130838818695
v 0.35312499999999997 0.03440825974414408 0.5635734071816936
v 0.43437499999999996 0.03440825974414407 0.5635734071816936
v 0.35312499999999997 0.021875000000000006 0.525
v 0.43437499999999996 0.021874999999999978 0.525
v 0.35312499999999997 0.03440825974414406 0.48642659281830647
v 0.43437499999999996 0.03440825974414405 0.48642659281830647
v 0.35312499999999997 0.06722075974414407 0.4625869161181306
v 0.43437499999999996 0.06722075974414404 0.4625869161181306
v 0.353125 0.10777924025585592 0.4625869161181306
v 0.434375 0.10777924025585589 0.4625869161181306
v 0.353125 0.1405917402558559 0.48642659281830647
v 0.434375 0.1405917402558559 0.48642659281830647
vt 0.49999999999999994 0.96875
vt 0.59375 0.96875
vt 0.59375 0.03125
vt 0.49999999999999994 0.03125
vt 0.9375 0.5
vt 0.8539449350390395 0.2296101299219211
vt 0.5 0.5
vt 0.8539449350390395 0.2296101299219211
vt 0.9375 0.5
vt 0.5 0.5
vt 0.59375 0.96875
vt 0.6875 0.96875
vt 0.6875 0.03125
vt 0.59375 0.03125
vt 0.8539449350390395 0.2296101299219211
vt 0.6351949350390395 0.0625
vt 0.5 0.5
vt 0.6351949350390395 0.0625
vt 0.8539449350390395 0.2296101299219211
vt 0.5 0.5
vt 0.6875 0.96875
vt 0.78125 0.96875
vt 0.78125 0.03125
vt 0.6875 0.03125
vt 0.6351949350390395 0.0625
vt 0.36480506496096055 0.0625
vt 0.5 0.5
vt 0.36480506496096055 0.0625
vt 0.6351949350390395 0.0625
vt 0.5 0.5
vt 0.78125 0.96875
vt 0.875 0.96875
vt 0.875 0.03125
vt 0.78125 0.03125
vt 0.36480506496096055 0.0625
vt 0.14605506496096055 0.22961012992192098
vt 0.5 0.5
vt 0.14605506496096055 0.22961012992192098
vt 0.36480506496096055 0.0625
vt 0.5 0.5
vt 0.875 0.96875
vt 0.9687499999999999 0.96875
vt 0.9687499999999999 0.03125
vt 0.875 0.03125
vt 0.14605506496096055 0.22961012992192098
vt 0.0625 0.5
vt 0.5 0.5
vt 0.0625 0.5
vt 0.14605506496096055 0.22961012992192098
vt 0.5 0.5
vt 0.9687499999999999 0.96875
vt 0.125 0.96875
vt 0.125 0.03125
vt 0.9687499999999999 0.03125
vt 0.0625 0.5
vt 0.14605506496096043 0.7703898700780789
vt 0.5 0.5
vt 0.14605506496096043 0.7703898700780789
vt 0.0625 0.5
vt 0.5 0.5
vt 0.125 0.96875
vt 0.21874999999999997 0.96875
vt 0.21874999999999997 0.03125
vt 0.125 0.03125
vt 0.14605506496096043 0.7703898700780789
vt 0.36480506496096043 0.9375
vt 0.5 0.5
vt 0.36480506496096043 0.9375
vt 0.14605506496096043 0.7703898700780789
vt 0.5 0.5
vt 0.21874999999999997 0.96875
vt 0.31249999999999994 0.96875
vt 0.31249999999999994 0.03125
vt 0.21874999999999997 0.03125
vt 0.36480506496096043 0.9375
vt 0.6351949350390395 0.9375
vt 0.5 0.5
vt 0.6351949350390395 0.9375
vt 0.36480506496096043 0.9375
vt 0.5 0.5
vt 0.31249999999999994 0.96875
vt 0.40624999999999994 0.96875
vt 0.40624999999999994 0.03125
vt 0.31249999999999994 0.03125
vt 0.6351949350390395 0.9375
vt 0.8539449350390395 0.7703898700780791
vt 0.5 0.5
vt 0.8539449350390395 0.7703898700780791
vt 0.6351949350390395 0.9375
vt 0.5 0.5
vt 0.40624999999999994 0.96875
vt 0.49999999999999994 0.96875
vt 0.49999999999999994 0.03125
vt 0.40624999999999994 0.03125
vt 0.8539449350390395 0.7703898700780791
vt 0.9375 0.5
vt 0.5 0.5
vt 0.9375 0.5
vt 0.8539449350390395 0.7703898700780791
vt 0.5 0.5
vn -2.11176968422134e-16 -0.9510565162951536 -0.30901699437494734
vn 1 -2.220446049250313e-16 0
vn -1 2.220446049250313e-16 0
vn -1.3051454412604203e-16 -0.587785252292473 -0.8090169943749476
vn 1 -2.220446049250313e-16 0
vn -1 2.220446049250313e-16 0
vn -3.798820705486924e-32 -1.7108367513678236e-16 -1
vn 1 -2.220446049250313e-16 0
vn -1 2.220446049250313e-16 0
vn 1.3051454412604208e-16 0.5877852522924732 -0.8090169943749476
vn 1 -2.220446049250313e-16 0
vn -1 2.220446049250313e-16 0
vn 2.1117696842213397e-16 0.9510565162951535 -0.3090169943749476
vn 1 -2.220446049250313e-16 0
vn -1 2.220446049250313e-16 0
vn 2.1117696842213404e-16 0.9510565162951539 0.3090169943749472
vn 1 -2.220446049250313e-16 0
vn -1 2.220446049250313e-16 0
vn 1.3051454412604205e-16 0.5877852522924731 0.8090169943749477
vn 1 -2.220446049250313e-16 0
vn -1 2.220446049250313e-16 0
vn 3.798820705486924e-32 1.7108367513678236e-16 1
vn 1 -2.220446049250313e-16 0
vn -1 2.220446049250313e-16 0
vn -1.30514544126042e-16 -0.5877852522924729 0.8090169943749477
vn 1 -2.220446049250313e-16 0
vn -1 2.220446049250313e-16 0
vn -2.1117696842213397e-16 -0.9510565162951535 0.3090169943749475
vn 1 -2.220446049250313e-16 0
vn -1 2.220446049250313e-16 0
usemtl m_417023fc-fb60-913a-5dfa-75ba19eb8773
f 1316/5113/1465 1318/5114/1465 1317/5115/1465 1315/5116/1465
f 1315/5117/1466 1317/5118/1466 1313/5119/1466
f 1318/5120/1467 1316/5121/1467 1314/5122/1467
f 1318/5123/1468 1320/5124/1468 1319/5125/1468 1317/5126/1468
f 1317/5127/1469 1319/5128/1469 1313/5129/1469
f 1320/5130/1470 1318/5131/1470 1314/5132/1470
f 1320/5133/1471 1322/5134/1471 1321/5135/1471 1319/5136/1471
f 1319/5137/1472 1321/5138/1472 1313/5139/1472
f 1322/5140/1473 1320/5141/1473 1314/5142/1473
f 1322/5143/1474 1324/5144/1474 1323/5145/1474 1321/5146/1474
f 1321/5147/1475 1323/5148/1475 1313/5149/1475
f 1324/5150/1476 1322/5151/1476 1314/5152/1476
f 1324/5153/1477 1326/5154/1477 1325/5155/1477 1323/5156/1477
f 1323/5157/1478 1325/5158/1478 1313/5159/1478
f 1326/5160/1479 1324/5161/1479 1314/5162/1479
f 1326/5163/1480 1328/5164/1480 1327/5165/1480 1325/5166/1480
f 1325/5167/1481 1327/5168/1481 1313/5169/1481
f 1328/5170/1482 1326/5171/1482 1314/5172/1482
f 1328/5173/1483 1330/5174/1483 1329/5175/1483 1327/5176/1483
f 1327/5177/1484 1329/5178/1484 1313/5179/1484
f 1330/5180/1485 1328/5181/1485 1314/5182/1485
f 1330/5183/1486 1332/5184/1486 1331/5185/1486 1329/5186/1486
f 1329/5187/1487 1331/5188/1487 1313/5189/1487
f 1332/5190/1488 1330/5191/1488 1314/5192/1488
f 1332/5193/1489 1334/5194/1489 1333/5195/1489 1331/5196/1489
f 1331/5197/1490 1333/5198/1490 1313/5199/1490
f 1334/5200/1491 1332/5201/1491 1314/5202/1491
f 1334/5203/1492 1316/5204/1492 1315/5205/1492 1333/5206/1492
f 1333/5207/1493 1315/5208/1493 1313/5209/1493
f 1316/5210/1494 1334/5211/1494 1314/5212/1494
o mouthpiece_rear_ring
v 0.41875 0.0875 0.525
v 0.48125 0.0875 0.525
v 0.41875 0.165625 0.525
v 0.48125 0.165625 0.525
v 0.41875 0.15070445268554278 0.5709207228353494
v 0.48125 0.15070445268554275 0.5709207228353494
v 0.41875 0.11164195268554278 0.5993012903355589
v 0.48125 0.11164195268554275 0.5993012903355589
v 0.41875 0.06335804731445724 0.5993012903355589
v 0.48125 0.06335804731445722 0.5993012903355589
v 0.41875 0.02429554731445724 0.5709207228353494
v 0.48125 0.02429554731445724 0.5709207228353494
v 0.41875 0.009374999999999994 0.525
v 0.48125 0.009374999999999994 0.525
v 0.41875 0.02429554731445721 0.4790792771646506
v 0.48125 0.02429554731445721 0.4790792771646506
v 0.41875 0.06335804731445722 0.45069870966444114
v 0.48125 0.06335804731445721 0.45069870966444114
v 0.41875 0.11164195268554275 0.45069870966444114
v 0.48125 0.11164195268554274 0.45069870966444114
v 0.41875 0.15070445268554275 0.47907927716465054
v 0.48125 0.15070445268554275 0.47907927716465054
vt 0.49999999999999994 0.96875
vt 0.59375 0.96875
vt 0.59375 0.03125
vt 0.49999999999999994 0.03125
vt 0.9375 0.5
vt 0.8539449350390395 0.22961012992192098
vt 0.5 0.5
vt 0.8539449350390395 0.22961012992192098
vt 0.9375 0.5
vt 0.5 0.5
vt 0.59375 0.96875
vt 0.6875 0.96875
vt 0.6875 0.03125
vt 0.59375 0.03125
vt 0.8539449350390395 0.22961012992192098
vt 0.6351949350390396 0.0625
vt 0.5 0.5
vt 0.6351949350390396 0.0625
vt 0.8539449350390395 0.22961012992192098
vt 0.5 0.5
vt 0.6875 0.96875
vt 0.78125 0.96875
vt 0.78125 0.03125
vt 0.6875 0.03125
vt 0.6351949350390396 0.0625
vt 0.36480506496096055 0.0625
vt 0.5 0.5
vt 0.36480506496096055 0.0625
vt 0.6351949350390396 0.0625
vt 0.5 0.5
vt 0.78125 0.96875
vt 0.875 0.96875
vt 0.875 0.03125
vt 0.78125 0.03125
vt 0.36480506496096055 0.0625
vt 0.14605506496096057 0.22961012992192098
vt 0.5 0.5
vt 0.14605506496096057 0.22961012992192098
vt 0.36480506496096055 0.0625
vt 0.5 0.5
vt 0.875 0.96875
vt 0.9687499999999999 0.96875
vt 0.9687499999999999 0.03125
vt 0.875 0.03125
vt 0.14605506496096057 0.22961012992192098
vt 0.0625 0.4999999999999999
vt 0.5 0.5
vt 0.0625 0.4999999999999999
vt 0.14605506496096057 0.22961012992192098
vt 0.5 0.5
vt 0.9687499999999999 0.96875
vt 0.12499999999999993 0.96875
vt 0.12499999999999993 0.03125
vt 0.9687499999999999 0.03125
vt 0.0625 0.4999999999999999
vt 0.1460550649609604 0.7703898700780789
vt 0.5 0.5
vt 0.1460550649609604 0.7703898700780789
vt 0.0625 0.4999999999999999
vt 0.5 0.5
vt 0.12499999999999993 0.96875
vt 0.21874999999999997 0.96875
vt 0.21874999999999997 0.03125
vt 0.12499999999999993 0.03125
vt 0.1460550649609604 0.7703898700780789
vt 0.36480506496096043 0.9374999999999999
vt 0.5 0.5
vt 0.36480506496096043 0.9374999999999999
vt 0.1460550649609604 0.7703898700780789
vt 0.5 0.5
vt 0.21874999999999997 0.96875
vt 0.31249999999999994 0.96875
vt 0.31249999999999994 0.03125
vt 0.21874999999999997 0.03125
vt 0.36480506496096043 0.9374999999999999
vt 0.6351949350390395 0.9375
vt 0.5 0.5
vt 0.6351949350390395 0.9375
vt 0.36480506496096043 0.9374999999999999
vt 0.5 0.5
vt 0.31249999999999994 0.96875
vt 0.40624999999999994 0.96875
vt 0.40624999999999994 0.03125
vt 0.31249999999999994 0.03125
vt 0.6351949350390395 0.9375
vt 0.8539449350390395 0.7703898700780791
vt 0.5 0.5
vt 0.8539449350390395 0.7703898700780791
vt 0.6351949350390395 0.9375
vt 0.5 0.5
vt 0.40624999999999994 0.96875
vt 0.49999999999999994 0.96875
vt 0.49999999999999994 0.03125
vt 0.40624999999999994 0.03125
vt 0.8539449350390395 0.7703898700780791
vt 0.9375 0.5
vt 0.5 0.5
vt 0.9375 0.5
vt 0.8539449350390395 0.7703898700780791
vt 0.5 0.5
vn -2.1117696842213402e-16 -0.9510565162951538 -0.3090169943749474
vn 1 -2.220446049250313e-16 0
vn -1 2.220446049250313e-16 0
vn -1.3051454412604203e-16 -0.587785252292473 -0.8090169943749476
vn 1 -2.220446049250313e-16 0
vn -1 2.220446049250313e-16 0
vn -6.382018785218032e-32 -2.8742057422979436e-16 -1
vn 1 -2.220446049250313e-16 0
vn -1 2.220446049250313e-16 0
vn 1.3051454412604205e-16 0.5877852522924731 -0.8090169943749475
vn 1 -2.220446049250313e-16 0
vn -1 2.220446049250313e-16 0
vn 2.11176968422134e-16 0.9510565162951536 -0.3090169943749477
vn 1 -2.220446049250313e-16 0
vn -1 2.220446049250313e-16 0
vn 2.1117696842213402e-16 0.9510565162951538 0.3090169943749472
vn 1 -2.220446049250313e-16 0
vn -1 2.220446049250313e-16 0
vn 1.3051454412604205e-16 0.5877852522924731 0.8090169943749476
vn 1 -2.220446049250313e-16 0
vn -1 2.220446049250313e-16 0
vn 6.382018785218033e-32 2.874205742297944e-16 1
vn 1 -2.220446049250313e-16 0
vn -1 2.220446049250313e-16 0
vn -1.3051454412604203e-16 -0.587785252292473 0.8090169943749476
vn 1 -2.220446049250313e-16 0
vn -1 2.220446049250313e-16 0
vn -2.11176968422134e-16 -0.9510565162951536 0.30901699437494756
vn 1 -2.220446049250313e-16 0
vn -1 2.220446049250313e-16 0
usemtl m_417023fc-fb60-913a-5dfa-75ba19eb8773
f 1338/5213/1495 1340/5214/1495 1339/5215/1495 1337/5216/1495
f 1337/5217/1496 1339/5218/1496 1335/5219/1496
f 1340/5220/1497 1338/5221/1497 1336/5222/1497
f 1340/5223/1498 1342/5224/1498 1341/5225/1498 1339/5226/1498
f 1339/5227/1499 1341/5228/1499 1335/5229/1499
f 1342/5230/1500 1340/5231/1500 1336/5232/1500
f 1342/5233/1501 1344/5234/1501 1343/5235/1501 1341/5236/1501
f 1341/5237/1502 1343/5238/1502 1335/5239/1502
f 1344/5240/1503 1342/5241/1503 1336/5242/1503
f 1344/5243/1504 1346/5244/1504 1345/5245/1504 1343/5246/1504
f 1343/5247/1505 1345/5248/1505 1335/5249/1505
f 1346/5250/1506 1344/5251/1506 1336/5252/1506
f 1346/5253/1507 1348/5254/1507 1347/5255/1507 1345/5256/1507
f 1345/5257/1508 1347/5258/1508 1335/5259/1508
f 1348/5260/1509 1346/5261/1509 1336/5262/1509
f 1348/5263/1510 1350/5264/1510 1349/5265/1510 1347/5266/1510
f 1347/5267/1511 1349/5268/1511 1335/5269/1511
f 1350/5270/1512 1348/5271/1512 1336/5272/1512
f 1350/5273/1513 1352/5274/1513 1351/5275/1513 1349/5276/1513
f 1349/5277/1514 1351/5278/1514 1335/5279/1514
f 1352/5280/1515 1350/5281/1515 1336/5282/1515
f 1352/5283/1516 1354/5284/1516 1353/5285/1516 1351/5286/1516
f 1351/5287/1517 1353/5288/1517 1335/5289/1517
f 1354/5290/1518 1352/5291/1518 1336/5292/1518
f 1354/5293/1519 1356/5294/1519 1355/5295/1519 1353/5296/1519
f 1353/5297/1520 1355/5298/1520 1335/5299/1520
f 1356/5300/1521 1354/5301/1521 1336/5302/1521
f 1356/5303/1522 1338/5304/1522 1337/5305/1522 1355/5306/1522
f 1355/5307/1523 1337/5308/1523 1335/5309/1523
f 1338/5310/1524 1356/5311/1524 1336/5312/1524
o mouthpiece_wood_grip
v 0.4625 0.08750000000000002 0.525
v 0.7000000000000001 0.08749999999999997 0.525
v 0.4625000000000001 0.153125 0.525
v 0.7000000000000001 0.15312499999999996 0.525
v 0.4625000000000001 0.13390388251536722 0.5714038825153672
v 0.7000000000000001 0.13390388251536717 0.5714038825153672
v 0.4625 0.08750000000000002 0.5906250000000001
v 0.7000000000000001 0.08749999999999997 0.5906250000000001
v 0.4625 0.04109611748463284 0.5714038825153672
v 0.7000000000000001 0.04109611748463279 0.5714038825153672
v 0.4625 0.02187500000000002 0.525
v 0.7000000000000001 0.021874999999999964 0.525
v 0.4625 0.04109611748463283 0.4785961174846328
v 0.7000000000000001 0.04109611748463277 0.4785961174846328
v 0.4625 0.08750000000000001 0.45937500000000003
v 0.7000000000000001 0.08749999999999995 0.45937500000000003
v 0.4625000000000001 0.1339038825153672 0.4785961174846328
v 0.7000000000000001 0.13390388251536714 0.4785961174846328
vt 0.49999999999999994 0.96875
vt 0.6171875 0.96875
vt 0.6171875 0.03125
vt 0.49999999999999994 0.03125
vt 0.9375 0.5
vt 0.8093592167691145 0.1906407832308855
vt 0.5 0.5
vt 0.8093592167691145 0.1906407832308855
vt 0.9375 0.5
vt 0.5 0.5
vt 0.6171875 0.96875
vt 0.734375 0.96875
vt 0.734375 0.03125
vt 0.6171875 0.03125
vt 0.8093592167691145 0.1906407832308855
vt 0.5 0.0625
vt 0.5 0.5
vt 0.5 0.0625
vt 0.8093592167691145 0.1906407832308855
vt 0.5 0.5
vt 0.734375 0.96875
vt 0.8515625 0.96875
vt 0.8515625 0.03125
vt 0.734375 0.03125
vt 0.5 0.0625
vt 0.19064078323088549 0.1906407832308855
vt 0.5 0.5
vt 0.19064078323088549 0.1906407832308855
vt 0.5 0.0625
vt 0.5 0.5
vt 0.8515625 0.96875
vt 0.9687499999999999 0.96875
vt 0.9687499999999999 0.03125
vt 0.8515625 0.03125
vt 0.19064078323088549 0.1906407832308855
vt 0.0625 0.5
vt 0.5 0.5
vt 0.0625 0.5
vt 0.19064078323088549 0.1906407832308855
vt 0.5 0.5
vt 0.9687499999999999 0.96875
vt 0.1484375 0.96875
vt 0.1484375 0.03125
vt 0.9687499999999999 0.03125
vt 0.0625 0.5
vt 0.19064078323088537 0.8093592167691145
vt 0.5 0.5
vt 0.19064078323088537 0.8093592167691145
vt 0.0625 0.5
vt 0.5 0.5
vt 0.1484375 0.96875
vt 0.26562499999999994 0.96875
vt 0.26562499999999994 0.03125
vt 0.1484375 0.03125
vt 0.19064078323088537 0.8093592167691145
vt 0.4999999999999999 0.9375
vt 0.5 0.5
vt 0.4999999999999999 0.9375
vt 0.19064078323088537 0.8093592167691145
vt 0.5 0.5
vt 0.26562499999999994 0.96875
vt 0.3828125 0.96875
vt 0.3828125 0.03125
vt 0.26562499999999994 0.03125
vt 0.4999999999999999 0.9375
vt 0.8093592167691145 0.8093592167691146
vt 0.5 0.5
vt 0.8093592167691145 0.8093592167691146
vt 0.4999999999999999 0.9375
vt 0.5 0.5
vt 0.3828125 0.96875
vt 0.49999999999999994 0.96875
vt 0.49999999999999994 0.03125
vt 0.3828125 0.03125
vt 0.8093592167691145 0.8093592167691146
vt 0.9375 0.5
vt 0.5 0.5
vt 0.9375 0.5
vt 0.8093592167691145 0.8093592167691146
vt 0.5 0.5
vn -2.0514246579479128e-16 -0.9238795325112867 -0.3826834323650897
vn 1 -2.220446049250313e-16 0
vn -1 2.220446049250313e-16 0
vn -8.497279155086131e-17 -0.38268343236508984 -0.9238795325112867
vn 1 -2.220446049250313e-16 0
vn -1 2.220446049250313e-16 0
vn 8.49727915508613e-17 0.3826834323650898 -0.923879532511287
vn 1 -2.220446049250313e-16 0
vn -1 2.220446049250313e-16 0
vn 2.0514246579479128e-16 0.9238795325112867 -0.38268343236508984
vn 1 -2.220446049250313e-16 0
vn -1 2.220446049250313e-16 0
vn 2.051424657947913e-16 0.9238795325112868 0.38268343236508956
vn 1 -2.220446049250313e-16 0
vn -1 2.220446049250313e-16 0
vn 8.497279155086131e-17 0.38268343236508984 0.9238795325112867
vn 1 -2.220446049250313e-16 0
vn -1 2.220446049250313e-16 0
vn -8.497279155086125e-17 -0.38268343236508956 0.9238795325112868
vn 1 -2.220446049250313e-16 0
vn -1 2.220446049250313e-16 0
vn -2.0514246579479128e-16 -0.9238795325112867 0.3826834323650899
vn 1 -2.220446049250313e-16 0
vn -1 2.220446049250313e-16 0
usemtl m_771d7c55-2896-90ea-7a59-86e467e9ca9a
f 1360/5313/1525 1362/5314/1525 1361/5315/1525 1359/5316/1525
f 1359/5317/1526 1361/5318/1526 1357/5319/1526
f 1362/5320/1527 1360/5321/1527 1358/5322/1527
f 1362/5323/1528 1364/5324/1528 1363/5325/1528 1361/5326/1528
f 1361/5327/1529 1363/5328/1529 1357/5329/1529
f 1364/5330/1530 1362/5331/1530 1358/5332/1530
f 1364/5333/1531 1366/5334/1531 1365/5335/1531 1363/5336/1531
f 1363/5337/1532 1365/5338/1532 1357/5339/1532
f 1366/5340/1533 1364/5341/1533 1358/5342/1533
f 1366/5343/1534 1368/5344/1534 1367/5345/1534 1365/5346/1534
f 1365/5347/1535 1367/5348/1535 1357/5349/1535
f 1368/5350/1536 1366/5351/1536 1358/5352/1536
f 1368/5353/1537 1370/5354/1537 1369/5355/1537 1367/5356/1537
f 1367/5357/1538 1369/5358/1538 1357/5359/1538
f 1370/5360/1539 1368/5361/1539 1358/5362/1539
f 1370/5363/1540 1372/5364/1540 1371/5365/1540 1369/5366/1540
f 1369/5367/1541 1371/5368/1541 1357/5369/1541
f 1372/5370/1542 1370/5371/1542 1358/5372/1542
f 1372/5373/1543 1374/5374/1543 1373/5375/1543 1371/5376/1543
f 1371/5377/1544 1373/5378/1544 1357/5379/1544
f 1374/5380/1545 1372/5381/1545 1358/5382/1545
f 1374/5383/1546 1360/5384/1546 1359/5385/1546 1373/5386/1546
f 1373/5387/1547 1359/5388/1547 1357/5389/1547
f 1360/5390/1548 1374/5391/1548 1358/5392/1548
o mouthpiece_center_ring
v 0.68125 0.0875 0.525
v 0.74375 0.0875 0.525
v 0.68125 0.171875 0.525
v 0.74375 0.171875 0.525
v 0.68125 0.1557608089003862 0.5745943806621775
v 0.74375 0.15576080890038618 0.5745943806621775
v 0.68125 0.1135733089003862 0.6052453935624036
v 0.74375 0.11357330890038618 0.6052453935624036
v 0.68125 0.06142669109961382 0.6052453935624036
v 0.74375 0.06142669109961381 0.6052453935624036
v 0.68125 0.019239191099613806 0.5745943806621775
v 0.74375 0.019239191099613806 0.5745943806621775
v 0.68125 0.003124999999999989 0.525
v 0.74375 0.003124999999999989 0.525
v 0.68125 0.019239191099613806 0.4754056193378226
v 0.74375 0.01923919109961378 0.4754056193378226
v 0.68125 0.061426691099613795 0.44475460643759646
v 0.74375 0.06142669109961378 0.44475460643759646
v 0.68125 0.11357330890038618 0.44475460643759646
v 0.74375 0.11357330890038617 0.44475460643759646
v 0.68125 0.15576080890038618 0.47540561933782255
v 0.74375 0.15576080890038618 0.47540561933782255
vt 0.49999999999999994 0.96875
vt 0.59375 0.96875
vt 0.59375 0.03125
vt 0.49999999999999994 0.03125
vt 0.9375 0.5
vt 0.8539449350390393 0.2296101299219211
vt 0.5 0.5
vt 0.8539449350390393 0.2296101299219211
vt 0.9375 0.5
vt 0.5 0.5
vt 0.59375 0.96875
vt 0.6875 0.96875
vt 0.6875 0.03125
vt 0.59375 0.03125
vt 0.8539449350390393 0.2296101299219211
vt 0.6351949350390395 0.0625
vt 0.5 0.5
vt 0.6351949350390395 0.0625
vt 0.8539449350390393 0.2296101299219211
vt 0.5 0.5
vt 0.6875 0.96875
vt 0.78125 0.96875
vt 0.78125 0.03125
vt 0.6875 0.03125
vt 0.6351949350390395 0.0625
vt 0.36480506496096055 0.0625
vt 0.5 0.5
vt 0.36480506496096055 0.0625
vt 0.6351949350390395 0.0625
vt 0.5 0.5
vt 0.78125 0.96875
vt 0.875 0.96875
vt 0.875 0.03125
vt 0.78125 0.03125
vt 0.36480506496096055 0.0625
vt 0.14605506496096055 0.22961012992192087
vt 0.5 0.5
vt 0.14605506496096055 0.22961012992192087
vt 0.36480506496096055 0.0625
vt 0.5 0.5
vt 0.875 0.96875
vt 0.9687499999999999 0.96875
vt 0.9687499999999999 0.03125
vt 0.875 0.03125
vt 0.14605506496096055 0.22961012992192087
vt 0.0625 0.4999999999999999
vt 0.5 0.5
vt 0.0625 0.4999999999999999
vt 0.14605506496096055 0.22961012992192087
vt 0.5 0.5
vt 0.9687499999999999 0.96875
vt 0.125 0.96875
vt 0.125 0.03125
vt 0.9687499999999999 0.03125
vt 0.0625 0.4999999999999999
vt 0.14605506496096046 0.7703898700780789
vt 0.5 0.5
vt 0.14605506496096046 0.7703898700780789
vt 0.0625 0.4999999999999999
vt 0.5 0.5
vt 0.125 0.96875
vt 0.21874999999999997 0.96875
vt 0.21874999999999997 0.03125
vt 0.125 0.03125
vt 0.14605506496096046 0.7703898700780789
vt 0.36480506496096043 0.9374999999999999
vt 0.5 0.5
vt 0.36480506496096043 0.9374999999999999
vt 0.14605506496096046 0.7703898700780789
vt 0.5 0.5
vt 0.21874999999999997 0.96875
vt 0.31249999999999994 0.96875
vt 0.31249999999999994 0.03125
vt 0.21874999999999997 0.03125
vt 0.36480506496096043 0.9374999999999999
vt 0.6351949350390395 0.9375
vt 0.5 0.5
vt 0.6351949350390395 0.9375
vt 0.36480506496096043 0.9374999999999999
vt 0.5 0.5
vt 0.31249999999999994 0.96875
vt 0.40625 0.96875
vt 0.40625 0.03125
vt 0.31249999999999994 0.03125
vt 0.6351949350390395 0.9375
vt 0.8539449350390393 0.7703898700780791
vt 0.5 0.5
vt 0.8539449350390393 0.7703898700780791
vt 0.6351949350390395 0.9375
vt 0.5 0.5
vt 0.40625 0.96875
vt 0.49999999999999994 0.96875
vt 0.49999999999999994 0.03125
vt 0.40625 0.03125
vt 0.8539449350390393 0.7703898700780791
vt 0.9375 0.5
vt 0.5 0.5
vt 0.9375 0.5
vt 0.8539449350390393 0.7703898700780791
vt 0.5 0.5
vn -2.11176968422134e-16 -0.9510565162951536 -0.3090169943749473
vn 1 -2.220446049250313e-16 0
vn -1 2.220446049250313e-16 0
vn -1.3051454412604203e-16 -0.587785252292473 -0.8090169943749476
vn 1 -2.220446049250313e-16 0
vn -1 2.220446049250313e-16 0
vn -5.90927665297966e-32 -2.661301613238837e-16 -1
vn 1 -2.220446049250313e-16 0
vn -1 2.220446049250313e-16 0
vn 1.3051454412604205e-16 0.5877852522924731 -0.8090169943749475
vn 1 -2.220446049250313e-16 0
vn -1 2.220446049250313e-16 0
vn 2.11176968422134e-16 0.9510565162951536 -0.30901699437494756
vn 1 -2.220446049250313e-16 0
vn -1 2.220446049250313e-16 0
vn 2.11176968422134e-16 0.9510565162951536 0.3090169943749473
vn 1 -2.220446049250313e-16 0
vn -1 2.220446049250313e-16 0
vn 1.3051454412604205e-16 0.5877852522924731 0.8090169943749475
vn 1 -2.220446049250313e-16 0
vn -1 2.220446049250313e-16 0
vn 5.909276652979659e-32 2.6613016132388365e-16 1
vn 1 -2.220446049250313e-16 0
vn -1 2.220446049250313e-16 0
vn -1.3051454412604198e-16 -0.5877852522924728 0.8090169943749476
vn 1 -2.220446049250313e-16 0
vn -1 2.220446049250313e-16 0
vn -2.11176968422134e-16 -0.9510565162951536 0.3090169943749474
vn 1 -2.220446049250313e-16 0
vn -1 2.220446049250313e-16 0
usemtl m_417023fc-fb60-913a-5dfa-75ba19eb8773
f 1378/5393/1549 1380/5394/1549 1379/5395/1549 1377/5396/1549
f 1377/5397/1550 1379/5398/1550 1375/5399/1550
f 1380/5400/1551 1378/5401/1551 1376/5402/1551
f 1380/5403/1552 1382/5404/1552 1381/5405/1552 1379/5406/1552
f 1379/5407/1553 1381/5408/1553 1375/5409/1553
f 1382/5410/1554 1380/5411/1554 1376/5412/1554
f 1382/5413/1555 1384/5414/1555 1383/5415/1555 1381/5416/1555
f 1381/5417/1556 1383/5418/1556 1375/5419/1556
f 1384/5420/1557 1382/5421/1557 1376/5422/1557
f 1384/5423/1558 1386/5424/1558 1385/5425/1558 1383/5426/1558
f 1383/5427/1559 1385/5428/1559 1375/5429/1559
f 1386/5430/1560 1384/5431/1560 1376/5432/1560
f 1386/5433/1561 1388/5434/1561 1387/5435/1561 1385/5436/1561
f 1385/5437/1562 1387/5438/1562 1375/5439/1562
f 1388/5440/1563 1386/5441/1563 1376/5442/1563
f 1388/5443/1564 1390/5444/1564 1389/5445/1564 1387/5446/1564
f 1387/5447/1565 1389/5448/1565 1375/5449/1565
f 1390/5450/1566 1388/5451/1566 1376/5452/1566
f 1390/5453/1567 1392/5454/1567 1391/5455/1567 1389/5456/1567
f 1389/5457/1568 1391/5458/1568 1375/5459/1568
f 1392/5460/1569 1390/5461/1569 1376/5462/1569
f 1392/5463/1570 1394/5464/1570 1393/5465/1570 1391/5466/1570
f 1391/5467/1571 1393/5468/1571 1375/5469/1571
f 1394/5470/1572 1392/5471/1572 1376/5472/1572
f 1394/5473/1573 1396/5474/1573 1395/5475/1573 1393/5476/1573
f 1393/5477/1574 1395/5478/1574 1375/5479/1574
f 1396/5480/1575 1394/5481/1575 1376/5482/1575
f 1396/5483/1576 1378/5484/1576 1377/5485/1576 1395/5486/1576
f 1395/5487/1577 1377/5488/1577 1375/5489/1577
f 1378/5490/1578 1396/5491/1578 1376/5492/1578
o mouthpiece_front_grip
v 0.7312500000000001 0.08750000000000001 0.525
v 0.86875 0.08749999999999998 0.525
v 0.7312500000000001 0.146875 0.525
v 0.86875 0.14687499999999998 0.525
v 0.7312500000000001 0.12948446513295125 0.5669844651329513
v 0.86875 0.12948446513295125 0.5669844651329513
v 0.7312500000000001 0.08750000000000001 0.584375
v 0.86875 0.08749999999999998 0.584375
v 0.7312500000000001 0.045515534867048756 0.5669844651329513
v 0.86875 0.04551553486704873 0.5669844651329513
v 0.7312500000000001 0.02812500000000001 0.525
v 0.86875 0.028124999999999983 0.525
v 0.7312500000000001 0.04551553486704874 0.4830155348670488
v 0.86875 0.045515534867048714 0.4830155348670488
v 0.7312500000000001 0.0875 0.465625
v 0.86875 0.08749999999999997 0.465625
v 0.7312500000000001 0.12948446513295125 0.48301553486704873
v 0.86875 0.12948446513295123 0.48301553486704873
vt 0.49999999999999994 0.96875
vt 0.6171875 0.96875
vt 0.6171875 0.03125000000000011
vt 0.49999999999999994 0.03125000000000011
vt 0.9375 0.5
vt 0.8093592167691146 0.1906407832308855
vt 0.5 0.5
vt 0.8093592167691146 0.1906407832308855
vt 0.9375 0.5
vt 0.5 0.5
vt 0.6171875 0.96875
vt 0.734375 0.96875
vt 0.734375 0.03125000000000011
vt 0.6171875 0.03125000000000011
vt 0.8093592167691146 0.1906407832308855
vt 0.5 0.0625
vt 0.5 0.5
vt 0.5 0.0625
vt 0.8093592167691146 0.1906407832308855
vt 0.5 0.5
vt 0.734375 0.96875
vt 0.8515625 0.96875
vt 0.8515625 0.03125000000000011
vt 0.734375 0.03125000000000011
vt 0.5 0.0625
vt 0.19064078323088549 0.1906407832308854
vt 0.5 0.5
vt 0.19064078323088549 0.1906407832308854
vt 0.5 0.0625
vt 0.5 0.5
vt 0.8515625 0.96875
vt 0.9687499999999999 0.96875
vt 0.9687499999999999 0.03125000000000011
vt 0.8515625 0.03125000000000011
vt 0.19064078323088549 0.1906407832308854
vt 0.0625 0.5
vt 0.5 0.5
vt 0.0625 0.5
vt 0.19064078323088549 0.1906407832308854
vt 0.5 0.5
vt 0.9687499999999999 0.96875
vt 0.1484375 0.96875
vt 0.1484375 0.03125000000000011
vt 0.9687499999999999 0.03125000000000011
vt 0.0625 0.5
vt 0.1906407832308854 0.8093592167691145
vt 0.5 0.5
vt 0.1906407832308854 0.8093592167691145
vt 0.0625 0.5
vt 0.5 0.5
vt 0.1484375 0.96875
vt 0.26562499999999994 0.96875
vt 0.26562499999999994 0.03125000000000011
vt 0.1484375 0.03125000000000011
vt 0.1906407832308854 0.8093592167691145
vt 0.49999999999999994 0.9375
vt 0.5 0.5
vt 0.49999999999999994 0.9375
vt 0.1906407832308854 0.8093592167691145
vt 0.5 0.5
vt 0.26562499999999994 0.96875
vt 0.3828125 0.96875
vt 0.3828125 0.03125000000000011
vt 0.26562499999999994 0.03125000000000011
vt 0.49999999999999994 0.9375
vt 0.8093592167691145 0.8093592167691146
vt 0.5 0.5
vt 0.8093592167691145 0.8093592167691146
vt 0.49999999999999994 0.9375
vt 0.5 0.5
vt 0.3828125 0.96875
vt 0.49999999999999994 0.96875
vt 0.49999999999999994 0.03125000000000011
vt 0.3828125 0.03125000000000011
vt 0.8093592167691145 0.8093592167691146
vt 0.9375 0.5
vt 0.5 0.5
vt 0.9375 0.5
vt 0.8093592167691145 0.8093592167691146
vt 0.5 0.5
vn -2.0514246579479128e-16 -0.9238795325112867 -0.3826834323650897
vn 1 -2.220446049250313e-16 0
vn -1 2.220446049250313e-16 0
vn -8.497279155086132e-17 -0.3826834323650899 -0.9238795325112867
vn 1 -2.220446049250313e-16 0
vn -1 2.220446049250313e-16 0
vn 8.49727915508613e-17 0.3826834323650898 -0.923879532511287
vn 1 -2.220446049250313e-16 0
vn -1 2.220446049250313e-16 0
vn 2.0514246579479128e-16 0.9238795325112867 -0.3826834323650899
vn 1 -2.220446049250313e-16 0
vn -1 2.220446049250313e-16 0
vn 2.051424657947913e-16 0.9238795325112868 0.3826834323650896
vn 1 -2.220446049250313e-16 0
vn -1 2.220446049250313e-16 0
vn 8.497279155086132e-17 0.3826834323650899 0.9238795325112867
vn 1 -2.220446049250313e-16 0
vn -1 2.220446049250313e-16 0
vn -8.497279155086126e-17 -0.3826834323650896 0.9238795325112868
vn 1 -2.220446049250313e-16 0
vn -1 2.220446049250313e-16 0
vn -2.0514246579479128e-16 -0.9238795325112867 0.3826834323650899
vn 1 -2.220446049250313e-16 0
vn -1 2.220446049250313e-16 0
usemtl m_771d7c55-2896-90ea-7a59-86e467e9ca9a
f 1400/5493/1579 1402/5494/1579 1401/5495/1579 1399/5496/1579
f 1399/5497/1580 1401/5498/1580 1397/5499/1580
f 1402/5500/1581 1400/5501/1581 1398/5502/1581
f 1402/5503/1582 1404/5504/1582 1403/5505/1582 1401/5506/1582
f 1401/5507/1583 1403/5508/1583 1397/5509/1583
f 1404/5510/1584 1402/5511/1584 1398/5512/1584
f 1404/5513/1585 1406/5514/1585 1405/5515/1585 1403/5516/1585
f 1403/5517/1586 1405/5518/1586 1397/5519/1586
f 1406/5520/1587 1404/5521/1587 1398/5522/1587
f 1406/5523/1588 1408/5524/1588 1407/5525/1588 1405/5526/1588
f 1405/5527/1589 1407/5528/1589 1397/5529/1589
f 1408/5530/1590 1406/5531/1590 1398/5532/1590
f 1408/5533/1591 1410/5534/1591 1409/5535/1591 1407/5536/1591
f 1407/5537/1592 1409/5538/1592 1397/5539/1592
f 1410/5540/1593 1408/5541/1593 1398/5542/1593
f 1410/5543/1594 1412/5544/1594 1411/5545/1594 1409/5546/1594
f 1409/5547/1595 1411/5548/1595 1397/5549/1595
f 1412/5550/1596 1410/5551/1596 1398/5552/1596
f 1412/5553/1597 1414/5554/1597 1413/5555/1597 1411/5556/1597
f 1411/5557/1598 1413/5558/1598 1397/5559/1598
f 1414/5560/1599 1412/5561/1599 1398/5562/1599
f 1414/5563/1600 1400/5564/1600 1399/5565/1600 1413/5566/1600
f 1413/5567/1601 1399/5568/1601 1397/5569/1601
f 1400/5570/1602 1414/5571/1602 1398/5572/1602
o mouthpiece_tip_ring
v 0.853125 0.0875 0.525
v 0.915625 0.0875 0.525
v 0.853125 0.15625 0.525
v 0.915625 0.15625 0.525
v 0.853125 0.14311991836327764 0.5654102360951075
v 0.915625 0.14311991836327764 0.5654102360951075
v 0.853125 0.10874491836327764 0.5903851354952918
v 0.915625 0.10874491836327763 0.5903851354952918
v 0.853125 0.06625508163672236 0.5903851354952918
v 0.915625 0.06625508163672236 0.5903851354952918
v 0.853125 0.03188008163672237 0.5654102360951075
v 0.915625 0.03188008163672235 0.5654102360951075
v 0.853125 0.01874999999999999 0.525
v 0.915625 0.01874999999999999 0.525
v 0.853125 0.03188008163672235 0.4845897639048925
v 0.915625 0.03188008163672234 0.4845897639048925
v 0.853125 0.06625508163672236 0.45961486450470823
v 0.915625 0.06625508163672233 0.45961486450470823
v 0.853125 0.10874491836327763 0.45961486450470823
v 0.915625 0.10874491836327761 0.45961486450470823
v 0.853125 0.14311991836327764 0.4845897639048925
v 0.915625 0.14311991836327762 0.4845897639048925
vt 0.49999999999999994 0.96875
vt 0.59375 0.96875
vt 0.59375 0.03125
vt 0.49999999999999994 0.03125
vt 0.9375 0.5
vt 0.8539449350390396 0.2296101299219211
vt 0.5 0.5
vt 0.8539449350390396 0.2296101299219211
vt 0.9375 0.5
vt 0.5 0.5
vt 0.59375 0.96875
vt 0.6875 0.96875
vt 0.6875 0.03125
vt 0.59375 0.03125
vt 0.8539449350390396 0.2296101299219211
vt 0.6351949350390395 0.0625
vt 0.5 0.5
vt 0.6351949350390395 0.0625
vt 0.8539449350390396 0.2296101299219211
vt 0.5 0.5
vt 0.6875 0.96875
vt 0.78125 0.96875
vt 0.78125 0.03125
vt 0.6875 0.03125
vt 0.6351949350390395 0.0625
vt 0.3648050649609605 0.0625
vt 0.5 0.5
vt 0.3648050649609605 0.0625
vt 0.6351949350390395 0.0625
vt 0.5 0.5
vt 0.78125 0.96875
vt 0.875 0.96875
vt 0.875 0.03125
vt 0.78125 0.03125
vt 0.3648050649609605 0.0625
vt 0.14605506496096055 0.22961012992192098
vt 0.5 0.5
vt 0.14605506496096055 0.22961012992192098
vt 0.3648050649609605 0.0625
vt 0.5 0.5
vt 0.875 0.96875
vt 0.9687499999999999 0.96875
vt 0.9687499999999999 0.03125
vt 0.875 0.03125
vt 0.14605506496096055 0.22961012992192098
vt 0.0625 0.5
vt 0.5 0.5
vt 0.0625 0.5
vt 0.14605506496096055 0.22961012992192098
vt 0.5 0.5
vt 0.9687499999999999 0.96875
vt 0.12499999999999993 0.96875
vt 0.12499999999999993 0.03125
vt 0.9687499999999999 0.03125
vt 0.0625 0.5
vt 0.14605506496096043 0.7703898700780789
vt 0.5 0.5
vt 0.14605506496096043 0.7703898700780789
vt 0.0625 0.5
vt 0.5 0.5
vt 0.12499999999999993 0.96875
vt 0.21874999999999997 0.96875
vt 0.21874999999999997 0.03125
vt 0.12499999999999993 0.03125
vt 0.14605506496096043 0.7703898700780789
vt 0.36480506496096043 0.9374999999999999
vt 0.5 0.5
vt 0.36480506496096043 0.9374999999999999
vt 0.14605506496096043 0.7703898700780789
vt 0.5 0.5
vt 0.21874999999999997 0.96875
vt 0.31249999999999994 0.96875
vt 0.31249999999999994 0.03125
vt 0.21874999999999997 0.03125
vt 0.36480506496096043 0.9374999999999999
vt 0.6351949350390395 0.9375
vt 0.5 0.5
vt 0.6351949350390395 0.9375
vt 0.36480506496096043 0.9374999999999999
vt 0.5 0.5
vt 0.31249999999999994 0.96875
vt 0.40625 0.96875
vt 0.40625 0.03125
vt 0.31249999999999994 0.03125
vt 0.6351949350390395 0.9375
vt 0.8539449350390395 0.7703898700780791
vt 0.5 0.5
vt 0.8539449350390395 0.7703898700780791
vt 0.6351949350390395 0.9375
vt 0.5 0.5
vt 0.40625 0.96875
vt 0.49999999999999994 0.96875
vt 0.49999999999999994 0.03125
vt 0.40625 0.03125
vt 0.8539449350390395 0.7703898700780791
vt 0.9375 0.5
vt 0.5 0.5
vt 0.9375 0.5
vt 0.8539449350390395 0.7703898700780791
vt 0.5 0.5
vn -2.11176968422134e-16 -0.9510565162951536 -0.3090169943749474
vn 1 -2.220446049250313e-16 0
vn -1 2.220446049250313e-16 0
vn -1.3051454412604205e-16 -0.5877852522924731 -0.8090169943749477
vn 1 -2.220446049250313e-16 0
vn -1 2.220446049250313e-16 0
vn -7.2522940741114e-32 -3.266142888974936e-16 -1
vn 1 -2.220446049250313e-16 0
vn -1 2.220446049250313e-16 0
vn 1.3051454412604205e-16 0.5877852522924731 -0.8090169943749477
vn 1 -2.220446049250313e-16 0
vn -1 2.220446049250313e-16 0
vn 2.11176968422134e-16 0.9510565162951536 -0.3090169943749475
vn 1 -2.220446049250313e-16 0
vn -1 2.220446049250313e-16 0
vn 2.11176968422134e-16 0.9510565162951536 0.30901699437494723
vn 1 -2.220446049250313e-16 0
vn -1 2.220446049250313e-16 0
vn 1.3051454412604208e-16 0.5877852522924732 0.8090169943749476
vn 1 -2.220446049250313e-16 0
vn -1 2.220446049250313e-16 0
vn 7.2522940741114e-32 3.266142888974936e-16 1
vn 1 -2.220446049250313e-16 0
vn -1 2.220446049250313e-16 0
vn -1.30514544126042e-16 -0.5877852522924729 0.8090169943749477
vn 1 -2.220446049250313e-16 0
vn -1 2.220446049250313e-16 0
vn -2.11176968422134e-16 -0.9510565162951536 0.30901699437494745
vn 1 -2.220446049250313e-16 0
vn -1 2.220446049250313e-16 0
usemtl m_417023fc-fb60-913a-5dfa-75ba19eb8773
f 1418/5573/1603 1420/5574/1603 1419/5575/1603 1417/5576/1603
f 1417/5577/1604 1419/5578/1604 1415/5579/1604
f 1420/5580/1605 1418/5581/1605 1416/5582/1605
f 1420/5583/1606 1422/5584/1606 1421/5585/1606 1419/5586/1606
f 1419/5587/1607 1421/5588/1607 1415/5589/1607
f 1422/5590/1608 1420/5591/1608 1416/5592/1608
f 1422/5593/1609 1424/5594/1609 1423/5595/1609 1421/5596/1609
f 1421/5597/1610 1423/5598/1610 1415/5599/1610
f 1424/5600/1611 1422/5601/1611 1416/5602/1611
f 1424/5603/1612 1426/5604/1612 1425/5605/1612 1423/5606/1612
f 1423/5607/1613 1425/5608/1613 1415/5609/1613
f 1426/5610/1614 1424/5611/1614 1416/5612/1614
f 1426/5613/1615 1428/5614/1615 1427/5615/1615 1425/5616/1615
f 1425/5617/1616 1427/5618/1616 1415/5619/1616
f 1428/5620/1617 1426/5621/1617 1416/5622/1617
f 1428/5623/1618 1430/5624/1618 1429/5625/1618 1427/5626/1618
f 1427/5627/1619 1429/5628/1619 1415/5629/1619
f 1430/5630/1620 1428/5631/1620 1416/5632/1620
f 1430/5633/1621 1432/5634/1621 1431/5635/1621 1429/5636/1621
f 1429/5637/1622 1431/5638/1622 1415/5639/1622
f 1432/5640/1623 1430/5641/1623 1416/5642/1623
f 1432/5643/1624 1434/5644/1624 1433/5645/1624 1431/5646/1624
f 1431/5647/1625 1433/5648/1625 1415/5649/1625
f 1434/5650/1626 1432/5651/1626 1416/5652/1626
f 1434/5653/1627 1436/5654/1627 1435/5655/1627 1433/5656/1627
f 1433/5657/1628 1435/5658/1628 1415/5659/1628
f 1436/5660/1629 1434/5661/1629 1416/5662/1629
f 1436/5663/1630 1418/5664/1630 1417/5665/1630 1435/5666/1630
f 1435/5667/1631 1417/5668/1631 1415/5669/1631
f 1418/5670/1632 1436/5671/1632 1416/5672/1632
o mouthpiece_tip
v 0.903125 0.08750000000000001 0.525
v 0.996875 0.08749999999999998 0.525
v 0.903125 0.12656250000000002 0.525
v 0.996875 0.12656249999999997 0.525
v 0.903125 0.11910222634277139 0.5479603614176748
v 0.996875 0.11910222634277137 0.5479603614176748
v 0.903125 0.09957097634277139 0.5621506451677795
v 0.996875 0.09957097634277137 0.5621506451677795
v 0.903125 0.07542902365722862 0.5621506451677795
v 0.996875 0.0754290236572286 0.5621506451677795
v 0.903125 0.05589777365722863 0.5479603614176748
v 0.996875 0.0558977736572286 0.5479603614176748
v 0.903125 0.04843750000000001 0.525
v 0.996875 0.04843749999999998 0.525
v 0.903125 0.05589777365722862 0.5020396385823253
v 0.996875 0.05589777365722859 0.5020396385823253
v 0.903125 0.07542902365722862 0.4878493548322206
v 0.996875 0.07542902365722859 0.4878493548322206
v 0.903125 0.09957097634277139 0.4878493548322206
v 0.996875 0.09957097634277136 0.4878493548322206
v 0.903125 0.11910222634277139 0.5020396385823253
v 0.996875 0.11910222634277136 0.5020396385823253
vt 0.49999999999999994 0.96875
vt 0.59375 0.96875
vt 0.59375 0.03125
vt 0.49999999999999994 0.03125
vt 0.9375 0.5
vt 0.8539449350390395 0.22961012992192098
vt 0.5 0.5
vt 0.8539449350390395 0.22961012992192098
vt 0.9375 0.5
vt 0.5 0.5
vt 0.59375 0.96875
vt 0.6875 0.96875
vt 0.6875 0.03125
vt 0.59375 0.03125
vt 0.8539449350390395 0.22961012992192098
vt 0.6351949350390396 0.0625
vt 0.5 0.5
vt 0.6351949350390396 0.0625
vt 0.8539449350390395 0.22961012992192098
vt 0.5 0.5
vt 0.6875 0.96875
vt 0.78125 0.96875
vt 0.78125 0.03125
vt 0.6875 0.03125
vt 0.6351949350390396 0.0625
vt 0.36480506496096055 0.0625
vt 0.5 0.5
vt 0.36480506496096055 0.0625
vt 0.6351949350390396 0.0625
vt 0.5 0.5
vt 0.78125 0.96875
vt 0.875 0.96875
vt 0.875 0.03125
vt 0.78125 0.03125
vt 0.36480506496096055 0.0625
vt 0.14605506496096057 0.22961012992192098
vt 0.5 0.5
vt 0.14605506496096057 0.22961012992192098
vt 0.36480506496096055 0.0625
vt 0.5 0.5
vt 0.875 0.96875
vt 0.9687499999999999 0.96875
vt 0.9687499999999999 0.03125
vt 0.875 0.03125
vt 0.14605506496096057 0.22961012992192098
vt 0.0625 0.4999999999999999
vt 0.5 0.5
vt 0.0625 0.4999999999999999
vt 0.14605506496096057 0.22961012992192098
vt 0.5 0.5
vt 0.9687499999999999 0.96875
vt 0.12499999999999993 0.96875
vt 0.12499999999999993 0.03125
vt 0.9687499999999999 0.03125
vt 0.0625 0.4999999999999999
vt 0.1460550649609604 0.7703898700780789
vt 0.5 0.5
vt 0.1460550649609604 0.7703898700780789
vt 0.0625 0.4999999999999999
vt 0.5 0.5
vt 0.12499999999999993 0.96875
vt 0.21874999999999997 0.96875
vt 0.21874999999999997 0.03125
vt 0.12499999999999993 0.03125
vt 0.1460550649609604 0.7703898700780789
vt 0.36480506496096043 0.9374999999999999
vt 0.5 0.5
vt 0.36480506496096043 0.9374999999999999
vt 0.1460550649609604 0.7703898700780789
vt 0.5 0.5
vt 0.21874999999999997 0.96875
vt 0.31249999999999994 0.96875
vt 0.31249999999999994 0.03125
vt 0.21874999999999997 0.03125
vt 0.36480506496096043 0.9374999999999999
vt 0.6351949350390395 0.9375
vt 0.5 0.5
vt 0.6351949350390395 0.9375
vt 0.36480506496096043 0.9374999999999999
vt 0.5 0.5
vt 0.31249999999999994 0.96875
vt 0.40624999999999994 0.96875
vt 0.40624999999999994 0.03125
vt 0.31249999999999994 0.03125
vt 0.6351949350390395 0.9375
vt 0.8539449350390395 0.7703898700780791
vt 0.5 0.5
vt 0.8539449350390395 0.7703898700780791
vt 0.6351949350390395 0.9375
vt 0.5 0.5
vt 0.40624999999999994 0.96875
vt 0.49999999999999994 0.96875
vt 0.49999999999999994 0.03125
vt 0.40624999999999994 0.03125
vt 0.8539449350390395 0.7703898700780791
vt 0.9375 0.5
vt 0.5 0.5
vt 0.9375 0.5
vt 0.8539449350390395 0.7703898700780791
vt 0.5 0.5
vn -2.11176968422134e-16 -0.9510565162951536 -0.3090169943749474
vn 1 -2.220446049250313e-16 0
vn -1 2.220446049250313e-16 0
vn -1.30514544126042e-16 -0.5877852522924729 -0.8090169943749476
vn 1 -2.220446049250313e-16 0
vn -1 2.220446049250313e-16 0
vn -6.382018785218033e-32 -2.874205742297944e-16 -1
vn 1 -2.220446049250313e-16 0
vn -1 2.220446049250313e-16 0
vn 1.3051454412604208e-16 0.5877852522924732 -0.8090169943749476
vn 1 -2.220446049250313e-16 0
vn -1 2.220446049250313e-16 0
vn 2.1117696842213397e-16 0.9510565162951535 -0.3090169943749476
vn 1 -2.220446049250313e-16 0
vn -1 2.220446049250313e-16 0
vn 2.1117696842213404e-16 0.9510565162951539 0.3090169943749472
vn 1 -2.220446049250313e-16 0
vn -1 2.220446049250313e-16 0
vn 1.3051454412604205e-16 0.5877852522924731 0.8090169943749476
vn 1 -2.220446049250313e-16 0
vn -1 2.220446049250313e-16 0
vn 6.382018785218033e-32 2.874205742297944e-16 1
vn 1 -2.220446049250313e-16 0
vn -1 2.220446049250313e-16 0
vn -1.30514544126042e-16 -0.5877852522924729 0.8090169943749476
vn 1 -2.220446049250313e-16 0
vn -1 2.220446049250313e-16 0
vn -2.1117696842213397e-16 -0.9510565162951535 0.3090169943749475
vn 1 -2.220446049250313e-16 0
vn -1 2.220446049250313e-16 0
usemtl m_058deebc-0957-a4e2-81f6-9d192cb6ff74
f 1440/5673/1633 1442/5674/1633 1441/5675/1633 1439/5676/1633
f 1439/5677/1634 1441/5678/1634 1437/5679/1634
f 1442/5680/1635 1440/5681/1635 1438/5682/1635
f 1442/5683/1636 1444/5684/1636 1443/5685/1636 1441/5686/1636
f 1441/5687/1637 1443/5688/1637 1437/5689/1637
f 1444/5690/1638 1442/5691/1638 1438/5692/1638
f 1444/5693/1639 1446/5694/1639 1445/5695/1639 1443/5696/1639
f 1443/5697/1640 1445/5698/1640 1437/5699/1640
f 1446/5700/1641 1444/5701/1641 1438/5702/1641
f 1446/5703/1642 1448/5704/1642 1447/5705/1642 1445/5706/1642
f 1445/5707/1643 1447/5708/1643 1437/5709/1643
f 1448/5710/1644 1446/5711/1644 1438/5712/1644
f 1448/5713/1645 1450/5714/1645 1449/5715/1645 1447/5716/1645
f 1447/5717/1646 1449/5718/1646 1437/5719/1646
f 1450/5720/1647 1448/5721/1647 1438/5722/1647
f 1450/5723/1648 1452/5724/1648 1451/5725/1648 1449/5726/1648
f 1449/5727/1649 1451/5728/1649 1437/5729/1649
f 1452/5730/1650 1450/5731/1650 1438/5732/1650
f 1452/5733/1651 1454/5734/1651 1453/5735/1651 1451/5736/1651
f 1451/5737/1652 1453/5738/1652 1437/5739/1652
f 1454/5740/1653 1452/5741/1653 1438/5742/1653
f 1454/5743/1654 1456/5744/1654 1455/5745/1654 1453/5746/1654
f 1453/5747/1655 1455/5748/1655 1437/5749/1655
f 1456/5750/1656 1454/5751/1656 1438/5752/1656
f 1456/5753/1657 1458/5754/1657 1457/5755/1657 1455/5756/1657
f 1455/5757/1658 1457/5758/1658 1437/5759/1658
f 1458/5760/1659 1456/5761/1659 1438/5762/1659
f 1458/5763/1660 1440/5764/1660 1439/5765/1660 1457/5766/1660
f 1457/5767/1661 1439/5768/1661 1437/5769/1661
f 1440/5770/1662 1458/5771/1662 1438/5772/1662